{"level":"info","message":"⌛ Building environment","timeElapsed":459,"timestamp":"2026-09-05T13:10:21.360Z"}
{"level":"info","message":"⌛ Building environment","timeElapsed":809,"timestamp":"2026-09-05T13:10:22.213Z"}
{"level":"info","message":"⌛ Validating clase59.wlk/bolichito.wlk","timeElapsed":504,"timestamp":"2026-09-05T13:10:22.759Z"}
{"level":"info","message":"⌛ Building environment","timeElapsed":311,"timestamp":"2026-09-05T13:10:23.075Z"}
{"level":"info","message":"⌛ Validating clase59.wlk/bolichito.wlk","timeElapsed":313,"timestamp":"2026-09-05T13:10:23.473Z"}
{"level":"info","message":"⌛ Building environment","timeElapsed":310,"timestamp":"2026-09-05T13:11:45.973Z"}
{"level":"info","message":"⌛ Building environment","timeElapsed":763,"timestamp":"2026-09-05T13:11:46.738Z"}
{"level":"info","message":"⌛ Building environment","timeElapsed":388,"timestamp":"2026-09-05T13:11:47.166Z"}
{"level":"info","message":"⌛ Validating clase59.wlk/bebidas.wlk","timeElapsed":628,"timestamp":"2026-09-05T13:11:47.870Z"}
{"level":"info","message":"Removing diagnostics from /C:/Users/elias/OneDrive/Documentos/administradorDeServicios/clase59.wlk/bolichito.wlk","timestamp":"2026-09-05T13:11:47.871Z"}
{"level":"info","message":"⌛ Building environment","timeElapsed":201,"timestamp":"2026-09-05T13:19:32.886Z"}
{"level":"info","message":"⌛ Validating clase59.wlk/bebidas.wlk","timeElapsed":346,"timestamp":"2026-09-05T13:19:33.262Z"}
{"level":"info","message":"⌛ Building environment","timeElapsed":225,"timestamp":"2026-09-05T13:19:33.487Z"}
{"level":"info","message":"⌛ Building environment","timeElapsed":314,"timestamp":"2026-09-05T13:19:33.925Z"}
{"level":"info","message":"⌛ Building environment","timeElapsed":247,"timestamp":"2026-09-05T13:19:34.183Z"}
{"level":"info","message":"⌛ Building environment","timeElapsed":264,"timestamp":"2026-09-05T13:19:34.469Z"}
{"level":"info","message":"⌛ Validating clase59.wlk/bebidas.wlk","timeElapsed":329,"timestamp":"2026-09-05T13:19:34.846Z"}
{"level":"info","message":"⌛ Validating clase59.wlk/bebidas.wlk","timeElapsed":194,"timestamp":"2026-09-05T13:19:35.054Z"}
{"level":"info","message":"⌛ Validating clase59.wlk/bebidas.wlk","timeElapsed":177,"timestamp":"2026-09-05T13:19:35.240Z"}
{"level":"info","message":"⌛ Validating clase59.wlk/bebidas.wlk","timeElapsed":166,"timestamp":"2026-09-05T13:19:35.415Z"}
{"level":"info","message":"⌛ Building environment","timeElapsed":185,"timestamp":"2026-09-05T13:19:35.619Z"}
{"level":"info","message":"⌛ Validating clase59.wlk/bebidas.wlk","timeElapsed":429,"timestamp":"2026-09-05T13:19:36.079Z"}
{"level":"info","message":"⌛ Building environment","timeElapsed":106,"timestamp":"2026-09-05T13:19:36.672Z"}
{"level":"info","message":"⌛ Validating clase59.wlk/bebidas.wlk","timeElapsed":233,"timestamp":"2026-09-05T13:19:36.953Z"}
{"level":"info","message":"⌛ Building environment","timeElapsed":240,"timestamp":"2026-09-05T13:19:37.629Z"}
{"level":"info","message":"⌛ Building environment","timeElapsed":152,"timestamp":"2026-09-05T13:19:37.866Z"}
{"level":"info","message":"⌛ Validating clase59.wlk/bebidas.wlk","timeElapsed":262,"timestamp":"2026-09-05T13:19:38.130Z"}
{"level":"info","message":"⌛ Validating clase59.wlk/bebidas.wlk","timeElapsed":250,"timestamp":"2026-09-05T13:19:38.398Z"}
{"level":"info","message":"⌛ Building environment","timeElapsed":191,"timestamp":"2026-09-05T13:19:38.596Z"}
{"level":"info","message":"⌛ Building environment","timeElapsed":152,"timestamp":"2026-09-05T13:19:38.818Z"}
{"level":"info","message":"⌛ Building environment","timeElapsed":452,"timestamp":"2026-09-05T13:19:39.294Z"}
{"level":"info","message":"⌛ Validating clase59.wlk/bebidas.wlk","timeElapsed":346,"timestamp":"2026-09-05T13:19:39.680Z"}
{"level":"info","message":"⌛ Validating clase59.wlk/bebidas.wlk","timeElapsed":249,"timestamp":"2026-09-05T13:19:39.942Z"}
{"level":"info","message":"⌛ Validating clase59.wlk/bebidas.wlk","timeElapsed":247,"timestamp":"2026-09-05T13:19:40.192Z"}
{"level":"info","message":"⌛ Building environment","timeElapsed":144,"timestamp":"2026-09-05T13:19:40.542Z"}
{"level":"info","message":"⌛ Validating clase59.wlk/bebidas.wlk","timeElapsed":564,"timestamp":"2026-09-05T13:19:41.109Z"}
{"level":"info","message":"⌛ Building environment","timeElapsed":177,"timestamp":"2026-09-05T13:19:41.414Z"}
{"level":"info","message":"⌛ Building environment","timeElapsed":284,"timestamp":"2026-09-05T13:19:41.704Z"}
{"level":"info","message":"⌛ Validating clase59.wlk/bebidas.wlk","timeElapsed":297,"timestamp":"2026-09-05T13:19:42.018Z"}
{"level":"info","message":"⌛ Building environment","timeElapsed":155,"timestamp":"2026-09-05T13:19:42.209Z"}
{"level":"info","message":"⌛ Validating clase59.wlk/bebidas.wlk","timeElapsed":582,"timestamp":"2026-09-05T13:19:42.920Z"}
{"level":"info","message":"⌛ Building environment","timeElapsed":347,"timestamp":"2026-09-05T13:19:43.369Z"}
{"level":"info","message":"⌛ Building environment","timeElapsed":215,"timestamp":"2026-09-05T13:19:43.599Z"}
{"level":"info","message":"⌛ Validating clase59.wlk/bebidas.wlk","timeElapsed":309,"timestamp":"2026-09-05T13:19:43.919Z"}
{"level":"info","message":"⌛ Building environment","timeElapsed":346,"timestamp":"2026-09-05T13:19:44.269Z"}
{"level":"info","message":"⌛ Building environment","timeElapsed":173,"timestamp":"2026-09-05T13:19:44.480Z"}
{"level":"info","message":"⌛ Building environment","timeElapsed":283,"timestamp":"2026-09-05T13:19:44.782Z"}
{"level":"info","message":"⌛ Building environment","timeElapsed":305,"timestamp":"2026-09-05T13:19:45.118Z"}
{"level":"info","message":"⌛ Validating clase59.wlk/bebidas.wlk","timeElapsed":237,"timestamp":"2026-09-05T13:19:45.447Z"}
{"level":"info","message":"⌛ Validating clase59.wlk/bebidas.wlk","timeElapsed":246,"timestamp":"2026-09-05T13:19:45.708Z"}
{"level":"info","message":"⌛ Building environment","timeElapsed":132,"timestamp":"2026-09-05T13:19:45.842Z"}
{"level":"info","message":"⌛ Building environment","timeElapsed":175,"timestamp":"2026-09-05T13:19:46.074Z"}
{"level":"info","message":"⌛ Building environment","timeElapsed":148,"timestamp":"2026-09-05T13:19:46.225Z"}
{"level":"info","message":"⌛ Validating clase59.wlk/bebidas.wlk","timeElapsed":296,"timestamp":"2026-09-05T13:19:46.551Z"}
{"level":"info","message":"⌛ Building environment","timeElapsed":179,"timestamp":"2026-09-05T13:19:46.744Z"}
{"level":"info","message":"⌛ Validating clase59.wlk/bebidas.wlk","timeElapsed":234,"timestamp":"2026-09-05T13:19:46.985Z"}
{"level":"info","message":"⌛ Building environment","timeElapsed":144,"timestamp":"2026-09-05T13:19:47.131Z"}
{"level":"info","message":"⌛ Building environment","timeElapsed":156,"timestamp":"2026-09-05T13:19:47.288Z"}
{"level":"info","message":"⌛ Validating clase59.wlk/bebidas.wlk","timeElapsed":208,"timestamp":"2026-09-05T13:19:47.507Z"}
{"level":"info","message":"⌛ Validating clase59.wlk/bebidas.wlk","timeElapsed":186,"timestamp":"2026-09-05T13:19:47.701Z"}
{"level":"info","message":"⌛ Validating clase59.wlk/bebidas.wlk","timeElapsed":163,"timestamp":"2026-09-05T13:19:47.866Z"}
{"level":"info","message":"⌛ Building environment","timeElapsed":227,"timestamp":"2026-09-05T13:19:48.094Z"}
{"level":"info","message":"⌛ Validating clase59.wlk/bebidas.wlk","timeElapsed":346,"timestamp":"2026-09-05T13:19:48.546Z"}
{"level":"info","message":"⌛ Building environment","timeElapsed":125,"timestamp":"2026-09-05T13:19:48.677Z"}
{"level":"info","message":"⌛ Validating clase59.wlk/bebidas.wlk","timeElapsed":183,"timestamp":"2026-09-05T13:19:48.861Z"}
{"level":"info","message":"⌛ Validating clase59.wlk/bebidas.wlk","timeElapsed":170,"timestamp":"2026-09-05T13:19:49.039Z"}
{"level":"info","message":"⌛ Validating clase59.wlk/bebidas.wlk","timeElapsed":198,"timestamp":"2026-09-05T13:19:49.244Z"}
{"level":"info","message":"⌛ Validating clase59.wlk/bebidas.wlk","timeElapsed":207,"timestamp":"2026-09-05T13:19:49.452Z"}
{"level":"info","message":"⌛ Validating clase59.wlk/bebidas.wlk","timeElapsed":361,"timestamp":"2026-09-05T13:19:49.813Z"}
{"level":"info","message":"⌛ Validating clase59.wlk/bebidas.wlk","timeElapsed":358,"timestamp":"2026-09-05T13:19:50.198Z"}
{"level":"info","message":"⌛ Building environment","timeElapsed":122,"timestamp":"2026-09-05T13:20:01.402Z"}
{"level":"info","message":"⌛ Validating clase59.wlk/bebidas.wlk","timeElapsed":292,"timestamp":"2026-09-05T13:20:01.714Z"}
{"level":"info","message":"⌛ Building environment","timeElapsed":177,"timestamp":"2026-09-05T13:20:01.894Z"}
{"level":"info","message":"⌛ Validating clase59.wlk/bebidas.wlk","timeElapsed":276,"timestamp":"2026-09-05T13:20:02.184Z"}
{"level":"info","message":"⌛ Building environment","timeElapsed":173,"timestamp":"2026-09-05T13:20:02.364Z"}
{"level":"info","message":"⌛ Building environment","timeElapsed":182,"timestamp":"2026-09-05T13:20:02.602Z"}
{"level":"info","message":"⌛ Validating clase59.wlk/bebidas.wlk","timeElapsed":255,"timestamp":"2026-09-05T13:20:02.907Z"}
{"level":"info","message":"⌛ Building environment","timeElapsed":238,"timestamp":"2026-09-05T13:20:03.166Z"}
{"level":"info","message":"⌛ Validating clase59.wlk/bebidas.wlk","timeElapsed":275,"timestamp":"2026-09-05T13:20:03.443Z"}
{"level":"info","message":"⌛ Building environment","timeElapsed":151,"timestamp":"2026-09-05T13:20:03.597Z"}
{"level":"info","message":"⌛ Building environment","timeElapsed":128,"timestamp":"2026-09-05T13:20:03.729Z"}
{"level":"info","message":"⌛ Validating clase59.wlk/bebidas.wlk","timeElapsed":310,"timestamp":"2026-09-05T13:20:04.043Z"}
{"level":"info","message":"⌛ Building environment","timeElapsed":169,"timestamp":"2026-09-05T13:20:04.220Z"}
{"level":"info","message":"⌛ Building environment","timeElapsed":184,"timestamp":"2026-09-05T13:20:04.417Z"}
{"level":"info","message":"⌛ Validating clase59.wlk/bebidas.wlk","timeElapsed":264,"timestamp":"2026-09-05T13:20:04.683Z"}
{"level":"info","message":"⌛ Validating clase59.wlk/bebidas.wlk","timeElapsed":228,"timestamp":"2026-09-05T13:20:04.912Z"}
{"level":"info","message":"⌛ Validating clase59.wlk/bebidas.wlk","timeElapsed":203,"timestamp":"2026-09-05T13:20:05.134Z"}
{"level":"info","message":"⌛ Validating clase59.wlk/bebidas.wlk","timeElapsed":277,"timestamp":"2026-09-05T13:20:05.429Z"}
{"level":"info","message":"⌛ Building environment","timeElapsed":102,"timestamp":"2026-09-05T13:20:11.412Z"}
{"level":"info","message":"⌛ Validating clase59.wlk/bebidas.wlk","timeElapsed":164,"timestamp":"2026-09-05T13:20:11.627Z"}
{"level":"info","message":"⌛ Building environment","timeElapsed":132,"timestamp":"2026-09-05T13:20:11.760Z"}
{"level":"info","message":"⌛ Validating clase59.wlk/bebidas.wlk","timeElapsed":221,"timestamp":"2026-09-05T13:20:11.984Z"}
{"level":"info","message":"⌛ Building environment","timeElapsed":140,"timestamp":"2026-09-05T13:20:12.773Z"}
{"level":"info","message":"⌛ Validating clase59.wlk/bebidas.wlk","timeElapsed":208,"timestamp":"2026-09-05T13:20:12.983Z"}
{"level":"info","message":"⌛ Building environment","timeElapsed":174,"timestamp":"2026-09-05T13:20:13.157Z"}
{"level":"info","message":"⌛ Building environment","timeElapsed":166,"timestamp":"2026-09-05T13:20:13.385Z"}
{"level":"info","message":"⌛ Validating clase59.wlk/bebidas.wlk","timeElapsed":221,"timestamp":"2026-09-05T13:20:13.617Z"}
{"level":"info","message":"⌛ Building environment","timeElapsed":133,"timestamp":"2026-09-05T13:20:13.767Z"}
{"level":"info","message":"⌛ Validating clase59.wlk/bebidas.wlk","timeElapsed":193,"timestamp":"2026-09-05T13:20:14.004Z"}
{"level":"info","message":"⌛ Building environment","timeElapsed":248,"timestamp":"2026-09-05T13:20:14.257Z"}
{"level":"info","message":"⌛ Validating clase59.wlk/bebidas.wlk","timeElapsed":187,"timestamp":"2026-09-05T13:20:14.447Z"}
{"level":"info","message":"⌛ Building environment","timeElapsed":179,"timestamp":"2026-09-05T13:20:14.639Z"}
{"level":"info","message":"⌛ Validating clase59.wlk/bebidas.wlk","timeElapsed":187,"timestamp":"2026-09-05T13:20:14.831Z"}
{"level":"info","message":"⌛ Building environment","timeElapsed":120,"timestamp":"2026-09-05T13:20:14.952Z"}
{"level":"info","message":"⌛ Validating clase59.wlk/bebidas.wlk","timeElapsed":218,"timestamp":"2026-09-05T13:20:15.220Z"}
{"level":"info","message":"⌛ Validating clase59.wlk/bebidas.wlk","timeElapsed":176,"timestamp":"2026-09-05T13:20:15.404Z"}
{"level":"info","message":"⌛ Building environment","timeElapsed":124,"timestamp":"2026-09-05T13:20:15.544Z"}
{"level":"info","message":"⌛ Building environment","timeElapsed":161,"timestamp":"2026-09-05T13:20:15.708Z"}
{"level":"info","message":"⌛ Validating clase59.wlk/bebidas.wlk","timeElapsed":203,"timestamp":"2026-09-05T13:20:15.942Z"}
{"level":"info","message":"⌛ Validating clase59.wlk/bebidas.wlk","timeElapsed":227,"timestamp":"2026-09-05T13:20:16.187Z"}
{"level":"info","message":"⌛ Building environment","timeElapsed":129,"timestamp":"2026-09-05T13:20:28.549Z"}
{"level":"info","message":"⌛ Validating clase59.wlk/bebidas.wlk","timeElapsed":183,"timestamp":"2026-09-05T13:20:28.736Z"}
{"level":"info","message":"⌛ Building environment","timeElapsed":178,"timestamp":"2026-09-05T13:20:28.916Z"}
{"level":"info","message":"⌛ Building environment","timeElapsed":124,"timestamp":"2026-09-05T13:20:29.042Z"}
{"level":"info","message":"⌛ Validating clase59.wlk/bebidas.wlk","timeElapsed":242,"timestamp":"2026-09-05T13:20:29.286Z"}
{"level":"info","message":"⌛ Validating clase59.wlk/bebidas.wlk","timeElapsed":238,"timestamp":"2026-09-05T13:20:29.536Z"}
{"level":"info","message":"⌛ Building environment","timeElapsed":150,"timestamp":"2026-09-05T13:20:41.511Z"}
{"level":"info","message":"⌛ Validating clase59.wlk/bebidas.wlk","timeElapsed":425,"timestamp":"2026-09-05T13:20:41.992Z"}
{"level":"info","message":"⌛ Building environment","timeElapsed":175,"timestamp":"2026-09-05T13:20:42.208Z"}
{"level":"info","message":"⌛ Building environment","timeElapsed":142,"timestamp":"2026-09-05T13:20:42.385Z"}
{"level":"info","message":"⌛ Building environment","timeElapsed":208,"timestamp":"2026-09-05T13:20:42.601Z"}
{"level":"info","message":"⌛ Building environment","timeElapsed":153,"timestamp":"2026-09-05T13:20:42.761Z"}
{"level":"info","message":"⌛ Validating clase59.wlk/bebidas.wlk","timeElapsed":202,"timestamp":"2026-09-05T13:20:42.994Z"}
{"level":"info","message":"⌛ Validating clase59.wlk/bebidas.wlk","timeElapsed":187,"timestamp":"2026-09-05T13:20:43.199Z"}
{"level":"info","message":"⌛ Building environment","timeElapsed":207,"timestamp":"2026-09-05T13:20:43.417Z"}
{"level":"info","message":"⌛ Validating clase59.wlk/bebidas.wlk","timeElapsed":218,"timestamp":"2026-09-05T13:20:43.653Z"}
{"level":"info","message":"⌛ Validating clase59.wlk/bebidas.wlk","timeElapsed":171,"timestamp":"2026-09-05T13:20:43.839Z"}
{"level":"info","message":"⌛ Validating clase59.wlk/bebidas.wlk","timeElapsed":298,"timestamp":"2026-09-05T13:20:44.148Z"}
{"level":"info","message":"⌛ Building environment","timeElapsed":122,"timestamp":"2026-09-05T13:20:44.272Z"}
{"level":"info","message":"⌛ Validating clase59.wlk/bebidas.wlk","timeElapsed":232,"timestamp":"2026-09-05T13:20:44.533Z"}
{"level":"info","message":"⌛ Building environment","timeElapsed":114,"timestamp":"2026-09-05T13:20:47.187Z"}
{"level":"info","message":"⌛ Validating clase59.wlk/bebidas.wlk","timeElapsed":182,"timestamp":"2026-09-05T13:20:47.372Z"}
{"level":"info","message":"⌛ Building environment","timeElapsed":136,"timestamp":"2026-09-05T13:20:52.509Z"}
{"level":"info","message":"⌛ Validating clase59.wlk/bebidas.wlk","timeElapsed":211,"timestamp":"2026-09-05T13:20:52.721Z"}
{"level":"info","message":"⌛ Building environment","timeElapsed":194,"timestamp":"2026-09-05T13:22:34.905Z"}
{"level":"info","message":"⌛ Validating clase59.wlk/bebidas.wlk","timeElapsed":298,"timestamp":"2026-09-05T13:22:35.219Z"}
{"level":"info","message":"⌛ Building environment","timeElapsed":182,"timestamp":"2026-09-05T13:22:35.927Z"}
{"level":"info","message":"⌛ Validating clase59.wlk/bebidas.wlk","timeElapsed":290,"timestamp":"2026-09-05T13:22:36.221Z"}
{"level":"info","message":"⌛ Building environment","timeElapsed":176,"timestamp":"2026-09-05T13:22:37.393Z"}
{"level":"info","message":"⌛ Validating clase59.wlk/bebidas.wlk","timeElapsed":290,"timestamp":"2026-09-05T13:22:37.687Z"}
{"level":"info","message":"⌛ Building environment","timeElapsed":172,"timestamp":"2026-09-05T13:22:38.413Z"}
{"level":"info","message":"⌛ Validating clase59.wlk/bebidas.wlk","timeElapsed":460,"timestamp":"2026-09-05T13:22:38.875Z"}
{"level":"info","message":"⌛ Building environment","timeElapsed":271,"timestamp":"2026-09-05T13:22:39.210Z"}
{"level":"info","message":"⌛ Validating clase59.wlk/bebidas.wlk","timeElapsed":244,"timestamp":"2026-09-05T13:22:39.484Z"}
{"level":"info","message":"⌛ Building environment","timeElapsed":160,"timestamp":"2026-09-05T13:22:39.723Z"}
{"level":"info","message":"⌛ Validating clase59.wlk/bebidas.wlk","timeElapsed":305,"timestamp":"2026-09-05T13:22:40.079Z"}
{"level":"info","message":"⌛ Building environment","timeElapsed":197,"timestamp":"2026-09-05T13:22:41.527Z"}
{"level":"info","message":"⌛ Validating clase59.wlk/bebidas.wlk","timeElapsed":257,"timestamp":"2026-09-05T13:22:41.785Z"}
{"level":"info","message":"⌛ Building environment","timeElapsed":290,"timestamp":"2026-09-05T13:22:42.973Z"}
{"level":"info","message":"⌛ Validating clase59.wlk/bebidas.wlk","timeElapsed":378,"timestamp":"2026-09-05T13:22:43.393Z"}
{"level":"info","message":"⌛ Building environment","timeElapsed":183,"timestamp":"2026-09-05T13:22:43.587Z"}
{"level":"info","message":"⌛ Validating clase59.wlk/bebidas.wlk","timeElapsed":253,"timestamp":"2026-09-05T13:22:43.889Z"}
{"level":"info","message":"⌛ Building environment","timeElapsed":127,"timestamp":"2026-09-05T13:22:45.492Z"}
{"level":"info","message":"⌛ Validating clase59.wlk/bebidas.wlk","timeElapsed":193,"timestamp":"2026-09-05T13:22:45.687Z"}
{"level":"info","message":"⌛ Building environment","timeElapsed":137,"timestamp":"2026-09-05T13:22:45.824Z"}
{"level":"info","message":"⌛ Validating clase59.wlk/bebidas.wlk","timeElapsed":155,"timestamp":"2026-09-05T13:22:45.989Z"}
{"level":"info","message":"⌛ Building environment","timeElapsed":151,"timestamp":"2026-09-05T13:22:47.659Z"}
{"level":"info","message":"⌛ Building environment","timeElapsed":145,"timestamp":"2026-09-05T13:22:47.805Z"}
{"level":"info","message":"⌛ Validating clase59.wlk/bebidas.wlk","timeElapsed":240,"timestamp":"2026-09-05T13:22:48.047Z"}
{"level":"info","message":"⌛ Validating clase59.wlk/bebidas.wlk","timeElapsed":328,"timestamp":"2026-09-05T13:22:48.428Z"}
{"level":"info","message":"⌛ Building environment","timeElapsed":147,"timestamp":"2026-09-05T13:22:49.039Z"}
{"level":"info","message":"⌛ Validating clase59.wlk/bebidas.wlk","timeElapsed":294,"timestamp":"2026-09-05T13:22:49.334Z"}
{"level":"info","message":"⌛ Building environment","timeElapsed":153,"timestamp":"2026-09-05T13:22:49.505Z"}
{"level":"info","message":"⌛ Validating clase59.wlk/bebidas.wlk","timeElapsed":316,"timestamp":"2026-09-05T13:22:49.827Z"}
{"level":"info","message":"⌛ Building environment","timeElapsed":208,"timestamp":"2026-09-05T13:22:53.443Z"}
{"level":"info","message":"⌛ Building environment","timeElapsed":154,"timestamp":"2026-09-05T13:22:53.600Z"}
{"level":"info","message":"⌛ Validating clase59.wlk/bebidas.wlk","timeElapsed":218,"timestamp":"2026-09-05T13:22:53.819Z"}
{"level":"info","message":"⌛ Validating clase59.wlk/bebidas.wlk","timeElapsed":193,"timestamp":"2026-09-05T13:22:54.013Z"}
{"level":"info","message":"⌛ Validating clase59.wlk/bebidas.wlk","timeElapsed":146,"timestamp":"2026-09-05T13:22:55.540Z"}
{"level":"info","message":"⌛ Building environment","timeElapsed":122,"timestamp":"2026-09-05T13:22:55.932Z"}
{"level":"info","message":"⌛ Building environment","timeElapsed":145,"timestamp":"2026-09-05T13:22:56.078Z"}
{"level":"info","message":"⌛ Validating clase59.wlk/bebidas.wlk","timeElapsed":428,"timestamp":"2026-09-05T13:22:56.508Z"}
{"level":"info","message":"⌛ Building environment","timeElapsed":240,"timestamp":"2026-09-05T13:22:56.769Z"}
{"level":"info","message":"⌛ Validating clase59.wlk/bebidas.wlk","timeElapsed":197,"timestamp":"2026-09-05T13:22:56.967Z"}
{"level":"info","message":"⌛ Building environment","timeElapsed":134,"timestamp":"2026-09-05T13:22:57.102Z"}
{"level":"info","message":"⌛ Building environment","timeElapsed":189,"timestamp":"2026-09-05T13:22:57.292Z"}
{"level":"info","message":"⌛ Building environment","timeElapsed":126,"timestamp":"2026-09-05T13:22:57.456Z"}
{"level":"info","message":"⌛ Validating clase59.wlk/bebidas.wlk","timeElapsed":182,"timestamp":"2026-09-05T13:22:57.641Z"}
{"level":"info","message":"⌛ Building environment","timeElapsed":168,"timestamp":"2026-09-05T13:22:57.818Z"}
{"level":"info","message":"⌛ Building environment","timeElapsed":228,"timestamp":"2026-09-05T13:22:58.053Z"}
{"level":"info","message":"⌛ Validating clase59.wlk/bebidas.wlk","timeElapsed":364,"timestamp":"2026-09-05T13:22:58.419Z"}
{"level":"info","message":"⌛ Building environment","timeElapsed":137,"timestamp":"2026-09-05T13:22:58.557Z"}
{"level":"info","message":"⌛ Validating clase59.wlk/bebidas.wlk","timeElapsed":200,"timestamp":"2026-09-05T13:22:58.875Z"}
{"level":"info","message":"⌛ Validating clase59.wlk/bebidas.wlk","timeElapsed":179,"timestamp":"2026-09-05T13:22:59.153Z"}
{"level":"info","message":"⌛ Validating clase59.wlk/bebidas.wlk","timeElapsed":164,"timestamp":"2026-09-05T13:22:59.333Z"}
{"level":"info","message":"⌛ Validating clase59.wlk/bebidas.wlk","timeElapsed":448,"timestamp":"2026-09-05T13:22:59.805Z"}
{"level":"info","message":"⌛ Building environment","timeElapsed":335,"timestamp":"2026-09-05T13:23:00.142Z"}
{"level":"info","message":"⌛ Building environment","timeElapsed":131,"timestamp":"2026-09-05T13:23:00.278Z"}
{"level":"info","message":"⌛ Building environment","timeElapsed":148,"timestamp":"2026-09-05T13:23:00.429Z"}
{"level":"info","message":"⌛ Validating clase59.wlk/bebidas.wlk","timeElapsed":256,"timestamp":"2026-09-05T13:23:00.685Z"}
{"level":"info","message":"⌛ Validating clase59.wlk/bebidas.wlk","timeElapsed":173,"timestamp":"2026-09-05T13:23:00.860Z"}
{"level":"info","message":"⌛ Building environment","timeElapsed":113,"timestamp":"2026-09-05T13:23:00.987Z"}
{"level":"info","message":"⌛ Validating clase59.wlk/bebidas.wlk","timeElapsed":207,"timestamp":"2026-09-05T13:23:01.201Z"}
{"level":"info","message":"⌛ Building environment","timeElapsed":367,"timestamp":"2026-09-05T13:23:01.578Z"}
{"level":"info","message":"⌛ Building environment","timeElapsed":243,"timestamp":"2026-09-05T13:23:01.822Z"}
{"level":"info","message":"⌛ Building environment","timeElapsed":115,"timestamp":"2026-09-05T13:23:01.961Z"}
{"level":"info","message":"⌛ Building environment","timeElapsed":126,"timestamp":"2026-09-05T13:23:02.099Z"}
{"level":"info","message":"⌛ Validating clase59.wlk/bebidas.wlk","timeElapsed":138,"timestamp":"2026-09-05T13:23:02.366Z"}
{"level":"info","message":"⌛ Validating clase59.wlk/bebidas.wlk","timeElapsed":160,"timestamp":"2026-09-05T13:23:02.542Z"}
{"level":"info","message":"⌛ Building environment","timeElapsed":118,"timestamp":"2026-09-05T13:23:02.671Z"}
{"level":"info","message":"⌛ Validating clase59.wlk/bebidas.wlk","timeElapsed":194,"timestamp":"2026-09-05T13:23:02.868Z"}
{"level":"info","message":"⌛ Building environment","timeElapsed":200,"timestamp":"2026-09-05T13:23:03.071Z"}
{"level":"info","message":"⌛ Building environment","timeElapsed":224,"timestamp":"2026-09-05T13:23:03.335Z"}
{"level":"info","message":"⌛ Validating clase59.wlk/bebidas.wlk","timeElapsed":182,"timestamp":"2026-09-05T13:23:03.525Z"}
{"level":"info","message":"⌛ Validating clase59.wlk/bebidas.wlk","timeElapsed":189,"timestamp":"2026-09-05T13:23:03.819Z"}
{"level":"info","message":"⌛ Building environment","timeElapsed":116,"timestamp":"2026-09-05T13:23:03.941Z"}
{"level":"info","message":"⌛ Validating clase59.wlk/bebidas.wlk","timeElapsed":225,"timestamp":"2026-09-05T13:23:04.167Z"}
{"level":"info","message":"⌛ Validating clase59.wlk/bebidas.wlk","timeElapsed":192,"timestamp":"2026-09-05T13:23:04.370Z"}
{"level":"info","message":"⌛ Validating clase59.wlk/bebidas.wlk","timeElapsed":369,"timestamp":"2026-09-05T13:23:04.741Z"}
{"level":"info","message":"⌛ Validating clase59.wlk/bebidas.wlk","timeElapsed":226,"timestamp":"2026-09-05T13:23:04.986Z"}
{"level":"info","message":"⌛ Building environment","timeElapsed":288,"timestamp":"2026-09-05T13:23:05.387Z"}
{"level":"info","message":"⌛ Validating clase59.wlk/bebidas.wlk","timeElapsed":216,"timestamp":"2026-09-05T13:23:05.604Z"}
{"level":"info","message":"⌛ Validating clase59.wlk/bebidas.wlk","timeElapsed":287,"timestamp":"2026-09-05T13:23:05.909Z"}
{"level":"info","message":"⌛ Building environment","timeElapsed":262,"timestamp":"2026-09-05T13:23:06.191Z"}
{"level":"info","message":"⌛ Validating clase59.wlk/bebidas.wlk","timeElapsed":291,"timestamp":"2026-09-05T13:23:06.518Z"}
{"level":"info","message":"⌛ Validating clase59.wlk/bebidas.wlk","timeElapsed":145,"timestamp":"2026-09-05T13:23:06.679Z"}
{"level":"info","message":"⌛ Validating clase59.wlk/bebidas.wlk","timeElapsed":161,"timestamp":"2026-09-05T13:23:06.853Z"}
{"level":"info","message":"⌛ Validating clase59.wlk/bebidas.wlk","timeElapsed":154,"timestamp":"2026-09-05T13:23:07.046Z"}
{"level":"info","message":"⌛ Validating clase59.wlk/bebidas.wlk","timeElapsed":184,"timestamp":"2026-09-05T13:23:07.244Z"}
{"level":"info","message":"⌛ Validating clase59.wlk/bebidas.wlk","timeElapsed":147,"timestamp":"2026-09-05T13:23:07.406Z"}
{"level":"info","message":"⌛ Building environment","timeElapsed":106,"timestamp":"2026-09-05T13:23:07.518Z"}
{"level":"info","message":"⌛ Validating clase59.wlk/bebidas.wlk","timeElapsed":436,"timestamp":"2026-09-05T13:23:07.962Z"}
{"level":"info","message":"⌛ Building environment","timeElapsed":221,"timestamp":"2026-09-05T13:23:08.234Z"}
{"level":"info","message":"⌛ Building environment","timeElapsed":332,"timestamp":"2026-09-05T13:23:08.690Z"}
{"level":"info","message":"⌛ Validating clase59.wlk/bebidas.wlk","timeElapsed":317,"timestamp":"2026-09-05T13:23:09.027Z"}
{"level":"info","message":"⌛ Building environment","timeElapsed":159,"timestamp":"2026-09-05T13:23:09.186Z"}
{"level":"info","message":"⌛ Building environment","timeElapsed":153,"timestamp":"2026-09-05T13:23:09.340Z"}
{"level":"info","message":"⌛ Validating clase59.wlk/bebidas.wlk","timeElapsed":334,"timestamp":"2026-09-05T13:23:09.675Z"}
{"level":"info","message":"⌛ Building environment","timeElapsed":162,"timestamp":"2026-09-05T13:23:09.842Z"}
{"level":"info","message":"⌛ Building environment","timeElapsed":199,"timestamp":"2026-09-05T13:23:10.072Z"}
{"level":"info","message":"⌛ Building environment","timeElapsed":221,"timestamp":"2026-09-05T13:23:10.321Z"}
{"level":"info","message":"⌛ Validating clase59.wlk/bebidas.wlk","timeElapsed":220,"timestamp":"2026-09-05T13:23:10.542Z"}
{"level":"info","message":"⌛ Building environment","timeElapsed":185,"timestamp":"2026-09-05T13:23:10.727Z"}
{"level":"info","message":"⌛ Validating clase59.wlk/bebidas.wlk","timeElapsed":221,"timestamp":"2026-09-05T13:23:10.949Z"}
{"level":"info","message":"⌛ Validating clase59.wlk/bebidas.wlk","timeElapsed":228,"timestamp":"2026-09-05T13:23:11.192Z"}
{"level":"info","message":"⌛ Building environment","timeElapsed":128,"timestamp":"2026-09-05T13:23:11.322Z"}
{"level":"info","message":"⌛ Validating clase59.wlk/bebidas.wlk","timeElapsed":339,"timestamp":"2026-09-05T13:23:11.661Z"}
{"level":"info","message":"⌛ Validating clase59.wlk/bebidas.wlk","timeElapsed":394,"timestamp":"2026-09-05T13:23:12.070Z"}
{"level":"info","message":"⌛ Validating clase59.wlk/bebidas.wlk","timeElapsed":245,"timestamp":"2026-09-05T13:23:12.331Z"}
{"level":"info","message":"⌛ Validating clase59.wlk/bebidas.wlk","timeElapsed":239,"timestamp":"2026-09-05T13:23:12.570Z"}
{"errors":{"errors":[null,["/*\r","Agregado al readme:\r"]]},"level":"error","message":"✘ Failed to get type description: Error: {\n  \"errors\": [\n    null,\n    [\n      \"/*\\r\",\n      \"Agregado al readme:\\r\"\n    ]\n  ]\n} {\n  \"errors\": [\n    null,\n    [\n      \"/*\\r\",\n      \"Agregado al readme:\\r\"\n    ]\n  ]\n}","stack":"Error: {\n  \"errors\": [\n    null,\n    [\n      \"/*\\r\",\n      \"Agregado al readme:\\r\"\n    ]\n  ]\n}\n    at lS (c:\\Users\\elias\\.vscode\\extensions\\uqbar.wollok-lsp-ide-0.5.5\\out\\server\\src\\server.js:64:34609)\n    at Q1 (c:\\Users\\elias\\.vscode\\extensions\\uqbar.wollok-lsp-ide-0.5.5\\out\\server\\src\\server.js:64:34682)\n    at c:\\Users\\elias\\.vscode\\extensions\\uqbar.wollok-lsp-ide-0.5.5\\out\\server\\src\\server.js:64:37949\n    at o.y1 (c:\\Users\\elias\\.vscode\\extensions\\uqbar.wollok-lsp-ide-0.5.5\\out\\server\\src\\server.js:57:59136)\n    at c:\\Users\\elias\\.vscode\\extensions\\uqbar.wollok-lsp-ide-0.5.5\\out\\server\\src\\server.js:64:37918\n    at c:\\Users\\elias\\.vscode\\extensions\\uqbar.wollok-lsp-ide-0.5.5\\out\\server\\src\\server.js:57:57176\n    at Dfn (c:\\Users\\elias\\.vscode\\extensions\\uqbar.wollok-lsp-ide-0.5.5\\out\\server\\src\\server.js:68:11324)\n    at c:\\Users\\elias\\.vscode\\extensions\\uqbar.wollok-lsp-ide-0.5.5\\out\\server\\src\\server.js:68:3629\n    at Array.map (<anonymous>)\n    at c:\\Users\\elias\\.vscode\\extensions\\uqbar.wollok-lsp-ide-0.5.5\\out\\server\\src\\server.js:68:4693","timestamp":"2026-09-05T13:23:30.131Z"}
{"level":"info","message":"⌛ Building environment","timeElapsed":196,"timestamp":"2026-09-05T13:27:05.027Z"}
{"level":"info","message":"⌛ Building environment","timeElapsed":286,"timestamp":"2026-09-05T13:27:05.316Z"}
{"level":"info","message":"⌛ Validating clase59.wlk/bebidas.wlk","timeElapsed":210,"timestamp":"2026-09-05T13:27:05.540Z"}
{"level":"info","message":"⌛ Building environment","timeElapsed":446,"timestamp":"2026-09-05T13:27:06.006Z"}
{"level":"info","message":"⌛ Building environment","timeElapsed":206,"timestamp":"2026-09-05T13:27:06.274Z"}
{"level":"info","message":"⌛ Validating clase59.wlk/bebidas.wlk","timeElapsed":213,"timestamp":"2026-09-05T13:27:06.498Z"}
{"level":"info","message":"⌛ Building environment","timeElapsed":184,"timestamp":"2026-09-05T13:27:06.691Z"}
{"level":"info","message":"⌛ Building environment","timeElapsed":140,"timestamp":"2026-09-05T13:27:06.832Z"}
{"level":"info","message":"⌛ Building environment","timeElapsed":130,"timestamp":"2026-09-05T13:27:06.988Z"}
{"level":"info","message":"⌛ Validating clase59.wlk/bebidas.wlk","timeElapsed":220,"timestamp":"2026-09-05T13:27:07.211Z"}
{"level":"info","message":"⌛ Validating clase59.wlk/bebidas.wlk","timeElapsed":303,"timestamp":"2026-09-05T13:27:07.592Z"}
{"level":"info","message":"⌛ Building environment","timeElapsed":255,"timestamp":"2026-09-05T13:27:07.880Z"}
{"level":"info","message":"⌛ Validating clase59.wlk/bebidas.wlk","timeElapsed":260,"timestamp":"2026-09-05T13:27:08.141Z"}
{"level":"info","message":"⌛ Validating clase59.wlk/bebidas.wlk","timeElapsed":239,"timestamp":"2026-09-05T13:27:08.380Z"}
{"level":"info","message":"⌛ Building environment","timeElapsed":156,"timestamp":"2026-09-05T13:27:08.563Z"}
{"level":"info","message":"⌛ Validating clase59.wlk/bebidas.wlk","timeElapsed":207,"timestamp":"2026-09-05T13:27:08.772Z"}
{"level":"info","message":"⌛ Validating clase59.wlk/bebidas.wlk","timeElapsed":526,"timestamp":"2026-09-05T13:27:09.359Z"}
{"level":"info","message":"⌛ Validating clase59.wlk/bebidas.wlk","timeElapsed":419,"timestamp":"2026-09-05T13:27:09.852Z"}
{"errors":{"errors":[null,["/*\r","Agregado al readme:\r","cianuro: \r"]]},"level":"error","message":"✘ Failed to get type description: Error: {\n  \"errors\": [\n    null,\n    [\n      \"/*\\r\",\n      \"Agregado al readme:\\r\",\n      \"cianuro: \\r\"\n    ]\n  ]\n} {\n  \"errors\": [\n    null,\n    [\n      \"/*\\r\",\n      \"Agregado al readme:\\r\",\n      \"cianuro: \\r\"\n    ]\n  ]\n}","stack":"Error: {\n  \"errors\": [\n    null,\n    [\n      \"/*\\r\",\n      \"Agregado al readme:\\r\",\n      \"cianuro: \\r\"\n    ]\n  ]\n}\n    at lS (c:\\Users\\elias\\.vscode\\extensions\\uqbar.wollok-lsp-ide-0.5.5\\out\\server\\src\\server.js:64:34609)\n    at Q1 (c:\\Users\\elias\\.vscode\\extensions\\uqbar.wollok-lsp-ide-0.5.5\\out\\server\\src\\server.js:64:34682)\n    at c:\\Users\\elias\\.vscode\\extensions\\uqbar.wollok-lsp-ide-0.5.5\\out\\server\\src\\server.js:64:37949\n    at o.y1 (c:\\Users\\elias\\.vscode\\extensions\\uqbar.wollok-lsp-ide-0.5.5\\out\\server\\src\\server.js:57:59136)\n    at c:\\Users\\elias\\.vscode\\extensions\\uqbar.wollok-lsp-ide-0.5.5\\out\\server\\src\\server.js:64:37918\n    at c:\\Users\\elias\\.vscode\\extensions\\uqbar.wollok-lsp-ide-0.5.5\\out\\server\\src\\server.js:57:57176\n    at Dfn (c:\\Users\\elias\\.vscode\\extensions\\uqbar.wollok-lsp-ide-0.5.5\\out\\server\\src\\server.js:68:11324)\n    at c:\\Users\\elias\\.vscode\\extensions\\uqbar.wollok-lsp-ide-0.5.5\\out\\server\\src\\server.js:68:3629\n    at Array.map (<anonymous>)\n    at c:\\Users\\elias\\.vscode\\extensions\\uqbar.wollok-lsp-ide-0.5.5\\out\\server\\src\\server.js:68:4693","timestamp":"2026-09-05T13:27:10.411Z"}
{"level":"info","message":"⌛ Building environment","timeElapsed":265,"timestamp":"2026-09-05T13:27:11.013Z"}
{"level":"info","message":"⌛ Building environment","timeElapsed":248,"timestamp":"2026-09-05T13:27:11.305Z"}
{"level":"info","message":"⌛ Validating clase59.wlk/bebidas.wlk","timeElapsed":230,"timestamp":"2026-09-05T13:27:11.562Z"}
{"level":"info","message":"⌛ Building environment","timeElapsed":228,"timestamp":"2026-09-05T13:27:11.793Z"}
{"level":"info","message":"⌛ Building environment","timeElapsed":127,"timestamp":"2026-09-05T13:27:11.923Z"}
{"level":"info","message":"⌛ Building environment","timeElapsed":107,"timestamp":"2026-09-05T13:27:12.062Z"}
{"level":"info","message":"⌛ Building environment","timeElapsed":126,"timestamp":"2026-09-05T13:27:12.191Z"}
{"level":"info","message":"⌛ Validating clase59.wlk/bebidas.wlk","timeElapsed":211,"timestamp":"2026-09-05T13:27:12.403Z"}
{"level":"info","message":"⌛ Building environment","timeElapsed":272,"timestamp":"2026-09-05T13:27:12.684Z"}
{"level":"info","message":"⌛ Building environment","timeElapsed":210,"timestamp":"2026-09-05T13:27:12.909Z"}
{"level":"info","message":"⌛ Building environment","timeElapsed":151,"timestamp":"2026-09-05T13:27:13.082Z"}
{"level":"info","message":"⌛ Validating clase59.wlk/bebidas.wlk","timeElapsed":266,"timestamp":"2026-09-05T13:27:13.349Z"}
{"level":"info","message":"⌛ Building environment","timeElapsed":178,"timestamp":"2026-09-05T13:27:13.527Z"}
{"level":"info","message":"⌛ Validating clase59.wlk/bebidas.wlk","timeElapsed":230,"timestamp":"2026-09-05T13:27:13.759Z"}
{"level":"info","message":"⌛ Validating clase59.wlk/bebidas.wlk","timeElapsed":253,"timestamp":"2026-09-05T13:27:14.015Z"}
{"level":"info","message":"⌛ Validating clase59.wlk/bebidas.wlk","timeElapsed":285,"timestamp":"2026-09-05T13:27:14.311Z"}
{"level":"info","message":"⌛ Building environment","timeElapsed":199,"timestamp":"2026-09-05T13:27:14.512Z"}
{"level":"info","message":"⌛ Building environment","timeElapsed":349,"timestamp":"2026-09-05T13:27:14.878Z"}
{"level":"info","message":"⌛ Building environment","timeElapsed":161,"timestamp":"2026-09-05T13:27:15.042Z"}
{"level":"info","message":"⌛ Validating clase59.wlk/bebidas.wlk","timeElapsed":206,"timestamp":"2026-09-05T13:27:15.250Z"}
{"level":"info","message":"⌛ Building environment","timeElapsed":221,"timestamp":"2026-09-05T13:27:15.489Z"}
{"level":"info","message":"⌛ Validating clase59.wlk/bebidas.wlk","timeElapsed":318,"timestamp":"2026-09-05T13:27:15.809Z"}
{"level":"info","message":"⌛ Building environment","timeElapsed":157,"timestamp":"2026-09-05T13:27:15.979Z"}
{"level":"info","message":"⌛ Validating clase59.wlk/bebidas.wlk","timeElapsed":222,"timestamp":"2026-09-05T13:27:16.218Z"}
{"level":"info","message":"⌛ Building environment","timeElapsed":163,"timestamp":"2026-09-05T13:27:16.381Z"}
{"level":"info","message":"⌛ Building environment","timeElapsed":144,"timestamp":"2026-09-05T13:27:16.527Z"}
{"level":"info","message":"⌛ Validating clase59.wlk/bebidas.wlk","timeElapsed":206,"timestamp":"2026-09-05T13:27:16.738Z"}
{"level":"info","message":"⌛ Building environment","timeElapsed":235,"timestamp":"2026-09-05T13:27:16.998Z"}
{"level":"info","message":"⌛ Building environment","timeElapsed":160,"timestamp":"2026-09-05T13:27:17.160Z"}
{"level":"info","message":"⌛ Building environment","timeElapsed":164,"timestamp":"2026-09-05T13:27:17.347Z"}
{"level":"info","message":"⌛ Building environment","timeElapsed":298,"timestamp":"2026-09-05T13:27:17.661Z"}
{"level":"info","message":"⌛ Building environment","timeElapsed":203,"timestamp":"2026-09-05T13:27:17.868Z"}
{"level":"info","message":"⌛ Validating clase59.wlk/bebidas.wlk","timeElapsed":214,"timestamp":"2026-09-05T13:27:18.127Z"}
{"level":"info","message":"⌛ Building environment","timeElapsed":234,"timestamp":"2026-09-05T13:27:18.364Z"}
{"level":"info","message":"⌛ Validating clase59.wlk/bebidas.wlk","timeElapsed":240,"timestamp":"2026-09-05T13:27:18.607Z"}
{"level":"info","message":"⌛ Building environment","timeElapsed":101,"timestamp":"2026-09-05T13:27:18.716Z"}
{"level":"info","message":"⌛ Validating clase59.wlk/bebidas.wlk","timeElapsed":349,"timestamp":"2026-09-05T13:27:19.081Z"}
{"level":"info","message":"⌛ Validating clase59.wlk/bebidas.wlk","timeElapsed":346,"timestamp":"2026-09-05T13:27:19.460Z"}
{"level":"info","message":"⌛ Building environment","timeElapsed":146,"timestamp":"2026-09-05T13:27:19.607Z"}
{"level":"info","message":"⌛ Building environment","timeElapsed":190,"timestamp":"2026-09-05T13:27:19.798Z"}
{"level":"info","message":"⌛ Building environment","timeElapsed":141,"timestamp":"2026-09-05T13:27:19.941Z"}
{"level":"info","message":"⌛ Validating clase59.wlk/bebidas.wlk","timeElapsed":165,"timestamp":"2026-09-05T13:27:20.235Z"}
{"level":"info","message":"⌛ Building environment","timeElapsed":308,"timestamp":"2026-09-05T13:27:20.609Z"}
{"level":"info","message":"⌛ Validating clase59.wlk/bebidas.wlk","timeElapsed":417,"timestamp":"2026-09-05T13:27:21.030Z"}
{"level":"info","message":"⌛ Validating clase59.wlk/bebidas.wlk","timeElapsed":272,"timestamp":"2026-09-05T13:27:21.303Z"}
{"level":"info","message":"⌛ Building environment","timeElapsed":230,"timestamp":"2026-09-05T13:27:21.537Z"}
{"level":"info","message":"⌛ Validating clase59.wlk/bebidas.wlk","timeElapsed":242,"timestamp":"2026-09-05T13:27:21.786Z"}
{"level":"info","message":"⌛ Validating clase59.wlk/bebidas.wlk","timeElapsed":209,"timestamp":"2026-09-05T13:27:21.996Z"}
{"level":"info","message":"⌛ Validating clase59.wlk/bebidas.wlk","timeElapsed":277,"timestamp":"2026-09-05T13:27:22.273Z"}
{"level":"info","message":"⌛ Building environment","timeElapsed":268,"timestamp":"2026-09-05T13:27:22.548Z"}
{"level":"info","message":"⌛ Building environment","timeElapsed":133,"timestamp":"2026-09-05T13:27:22.711Z"}
{"level":"info","message":"⌛ Validating clase59.wlk/bebidas.wlk","timeElapsed":199,"timestamp":"2026-09-05T13:27:22.912Z"}
{"level":"info","message":"⌛ Building environment","timeElapsed":104,"timestamp":"2026-09-05T13:27:23.018Z"}
{"level":"info","message":"⌛ Building environment","timeElapsed":126,"timestamp":"2026-09-05T13:27:23.146Z"}
{"level":"info","message":"⌛ Validating clase59.wlk/bebidas.wlk","timeElapsed":190,"timestamp":"2026-09-05T13:27:23.339Z"}
{"level":"info","message":"⌛ Building environment","timeElapsed":153,"timestamp":"2026-09-05T13:27:23.493Z"}
{"level":"info","message":"⌛ Building environment","timeElapsed":115,"timestamp":"2026-09-05T13:27:23.609Z"}
{"level":"info","message":"⌛ Validating clase59.wlk/bebidas.wlk","timeElapsed":498,"timestamp":"2026-09-05T13:27:24.229Z"}
{"level":"info","message":"⌛ Building environment","timeElapsed":120,"timestamp":"2026-09-05T13:27:24.349Z"}
{"level":"info","message":"⌛ Building environment","timeElapsed":112,"timestamp":"2026-09-05T13:27:24.462Z"}
{"level":"info","message":"⌛ Validating clase59.wlk/bebidas.wlk","timeElapsed":186,"timestamp":"2026-09-05T13:27:24.649Z"}
{"level":"info","message":"⌛ Building environment","timeElapsed":134,"timestamp":"2026-09-05T13:27:24.890Z"}
{"level":"info","message":"⌛ Building environment","timeElapsed":126,"timestamp":"2026-09-05T13:27:25.040Z"}
{"level":"info","message":"⌛ Building environment","timeElapsed":148,"timestamp":"2026-09-05T13:27:25.191Z"}
{"level":"info","message":"⌛ Validating clase59.wlk/bebidas.wlk","timeElapsed":300,"timestamp":"2026-09-05T13:27:25.492Z"}
{"level":"info","message":"⌛ Validating clase59.wlk/bebidas.wlk","timeElapsed":282,"timestamp":"2026-09-05T13:27:25.781Z"}
{"level":"info","message":"⌛ Validating clase59.wlk/bebidas.wlk","timeElapsed":172,"timestamp":"2026-09-05T13:27:25.958Z"}
{"level":"info","message":"⌛ Validating clase59.wlk/bebidas.wlk","timeElapsed":131,"timestamp":"2026-09-05T13:27:26.090Z"}
{"level":"info","message":"⌛ Building environment","timeElapsed":378,"timestamp":"2026-09-05T13:27:26.694Z"}
{"level":"info","message":"⌛ Building environment","timeElapsed":165,"timestamp":"2026-09-05T13:27:26.861Z"}
{"level":"info","message":"⌛ Validating clase59.wlk/bebidas.wlk","timeElapsed":425,"timestamp":"2026-09-05T13:27:27.288Z"}
{"level":"info","message":"⌛ Building environment","timeElapsed":116,"timestamp":"2026-09-05T13:27:27.412Z"}
{"level":"info","message":"⌛ Building environment","timeElapsed":125,"timestamp":"2026-09-05T13:27:27.557Z"}
{"level":"info","message":"⌛ Building environment","timeElapsed":103,"timestamp":"2026-09-05T13:27:27.661Z"}
{"level":"info","message":"⌛ Building environment","timeElapsed":119,"timestamp":"2026-09-05T13:27:27.981Z"}
{"level":"info","message":"⌛ Building environment","timeElapsed":125,"timestamp":"2026-09-05T13:27:28.107Z"}
{"level":"info","message":"⌛ Validating clase59.wlk/bebidas.wlk","timeElapsed":144,"timestamp":"2026-09-05T13:27:28.273Z"}
{"level":"info","message":"⌛ Building environment","timeElapsed":140,"timestamp":"2026-09-05T13:27:28.427Z"}
{"level":"info","message":"⌛ Building environment","timeElapsed":244,"timestamp":"2026-09-05T13:27:28.675Z"}
{"level":"info","message":"⌛ Building environment","timeElapsed":143,"timestamp":"2026-09-05T13:27:28.863Z"}
{"level":"info","message":"⌛ Building environment","timeElapsed":157,"timestamp":"2026-09-05T13:27:29.021Z"}
{"level":"info","message":"⌛ Building environment","timeElapsed":111,"timestamp":"2026-09-05T13:27:29.244Z"}
{"level":"info","message":"⌛ Building environment","timeElapsed":128,"timestamp":"2026-09-05T13:27:29.374Z"}
{"level":"info","message":"⌛ Validating clase59.wlk/bebidas.wlk","timeElapsed":174,"timestamp":"2026-09-05T13:27:29.548Z"}
{"level":"info","message":"⌛ Building environment","timeElapsed":140,"timestamp":"2026-09-05T13:27:29.691Z"}
{"level":"info","message":"⌛ Validating clase59.wlk/bebidas.wlk","timeElapsed":170,"timestamp":"2026-09-05T13:27:29.862Z"}
{"level":"info","message":"⌛ Building environment","timeElapsed":132,"timestamp":"2026-09-05T13:27:29.995Z"}
{"level":"info","message":"⌛ Validating clase59.wlk/bebidas.wlk","timeElapsed":337,"timestamp":"2026-09-05T13:27:30.334Z"}
{"level":"info","message":"⌛ Building environment","timeElapsed":139,"timestamp":"2026-09-05T13:27:30.483Z"}
{"level":"info","message":"⌛ Validating clase59.wlk/bebidas.wlk","timeElapsed":222,"timestamp":"2026-09-05T13:27:30.709Z"}
{"level":"info","message":"⌛ Building environment","timeElapsed":179,"timestamp":"2026-09-05T13:27:30.891Z"}
{"level":"info","message":"⌛ Validating clase59.wlk/bebidas.wlk","timeElapsed":172,"timestamp":"2026-09-05T13:27:31.064Z"}
{"level":"info","message":"⌛ Validating clase59.wlk/bebidas.wlk","timeElapsed":155,"timestamp":"2026-09-05T13:27:31.218Z"}
{"level":"info","message":"⌛ Validating clase59.wlk/bebidas.wlk","timeElapsed":134,"timestamp":"2026-09-05T13:27:31.361Z"}
{"level":"info","message":"⌛ Building environment","timeElapsed":127,"timestamp":"2026-09-05T13:27:31.491Z"}
{"level":"info","message":"⌛ Validating clase59.wlk/bebidas.wlk","timeElapsed":270,"timestamp":"2026-09-05T13:27:31.779Z"}
{"level":"info","message":"⌛ Building environment","timeElapsed":130,"timestamp":"2026-09-05T13:27:31.921Z"}
{"level":"info","message":"⌛ Validating clase59.wlk/bebidas.wlk","timeElapsed":249,"timestamp":"2026-09-05T13:27:32.192Z"}
{"level":"info","message":"⌛ Building environment","timeElapsed":145,"timestamp":"2026-09-05T13:27:32.359Z"}
{"level":"info","message":"⌛ Validating clase59.wlk/bebidas.wlk","timeElapsed":196,"timestamp":"2026-09-05T13:27:32.557Z"}
{"level":"info","message":"⌛ Building environment","timeElapsed":108,"timestamp":"2026-09-05T13:27:32.671Z"}
{"level":"info","message":"⌛ Validating clase59.wlk/bebidas.wlk","timeElapsed":170,"timestamp":"2026-09-05T13:27:32.861Z"}
{"level":"info","message":"⌛ Building environment","timeElapsed":116,"timestamp":"2026-09-05T13:27:32.978Z"}
{"level":"info","message":"⌛ Validating clase59.wlk/bebidas.wlk","timeElapsed":192,"timestamp":"2026-09-05T13:27:33.172Z"}
{"level":"info","message":"⌛ Validating clase59.wlk/bebidas.wlk","timeElapsed":172,"timestamp":"2026-09-05T13:27:33.438Z"}
{"level":"info","message":"⌛ Building environment","timeElapsed":112,"timestamp":"2026-09-05T13:27:33.554Z"}
{"level":"info","message":"⌛ Building environment","timeElapsed":244,"timestamp":"2026-09-05T13:27:33.808Z"}
{"level":"info","message":"⌛ Building environment","timeElapsed":113,"timestamp":"2026-09-05T13:27:33.946Z"}
{"level":"info","message":"⌛ Validating clase59.wlk/bebidas.wlk","timeElapsed":191,"timestamp":"2026-09-05T13:27:34.150Z"}
{"level":"info","message":"⌛ Validating clase59.wlk/bebidas.wlk","timeElapsed":554,"timestamp":"2026-09-05T13:27:34.724Z"}
{"level":"info","message":"⌛ Building environment","timeElapsed":571,"timestamp":"2026-09-05T13:27:35.296Z"}
{"level":"info","message":"⌛ Validating clase59.wlk/bebidas.wlk","timeElapsed":213,"timestamp":"2026-09-05T13:27:35.510Z"}
{"level":"info","message":"⌛ Building environment","timeElapsed":194,"timestamp":"2026-09-05T13:27:35.705Z"}
{"level":"info","message":"⌛ Validating clase59.wlk/bebidas.wlk","timeElapsed":298,"timestamp":"2026-09-05T13:27:36.005Z"}
{"level":"info","message":"⌛ Building environment","timeElapsed":120,"timestamp":"2026-09-05T13:27:36.125Z"}
{"level":"info","message":"⌛ Building environment","timeElapsed":135,"timestamp":"2026-09-05T13:27:36.263Z"}
{"level":"info","message":"⌛ Building environment","timeElapsed":139,"timestamp":"2026-09-05T13:27:36.429Z"}
{"level":"info","message":"⌛ Validating clase59.wlk/bebidas.wlk","timeElapsed":244,"timestamp":"2026-09-05T13:27:36.679Z"}
{"level":"info","message":"⌛ Building environment","timeElapsed":143,"timestamp":"2026-09-05T13:27:36.823Z"}
{"level":"info","message":"⌛ Validating clase59.wlk/bebidas.wlk","timeElapsed":327,"timestamp":"2026-09-05T13:27:37.166Z"}
{"level":"info","message":"⌛ Validating clase59.wlk/bebidas.wlk","timeElapsed":290,"timestamp":"2026-09-05T13:27:37.457Z"}
{"level":"info","message":"⌛ Validating clase59.wlk/bebidas.wlk","timeElapsed":208,"timestamp":"2026-09-05T13:27:37.671Z"}
{"level":"info","message":"⌛ Validating clase59.wlk/bebidas.wlk","timeElapsed":192,"timestamp":"2026-09-05T13:27:37.874Z"}
{"level":"info","message":"⌛ Validating clase59.wlk/bebidas.wlk","timeElapsed":188,"timestamp":"2026-09-05T13:27:38.074Z"}
{"level":"info","message":"⌛ Validating clase59.wlk/bebidas.wlk","timeElapsed":177,"timestamp":"2026-09-05T13:27:38.258Z"}
{"level":"info","message":"⌛ Building environment","timeElapsed":136,"timestamp":"2026-09-05T13:27:38.403Z"}
{"level":"info","message":"⌛ Validating clase59.wlk/bebidas.wlk","timeElapsed":299,"timestamp":"2026-09-05T13:27:38.711Z"}
{"level":"info","message":"⌛ Building environment","timeElapsed":219,"timestamp":"2026-09-05T13:27:38.942Z"}
{"level":"info","message":"⌛ Validating clase59.wlk/bebidas.wlk","timeElapsed":280,"timestamp":"2026-09-05T13:27:39.277Z"}
{"level":"info","message":"⌛ Validating clase59.wlk/bebidas.wlk","timeElapsed":328,"timestamp":"2026-09-05T13:27:39.635Z"}
{"level":"info","message":"⌛ Building environment","timeElapsed":142,"timestamp":"2026-09-05T13:27:39.814Z"}
{"level":"info","message":"⌛ Validating clase59.wlk/bebidas.wlk","timeElapsed":246,"timestamp":"2026-09-05T13:27:40.061Z"}
{"level":"info","message":"⌛ Validating clase59.wlk/bebidas.wlk","timeElapsed":563,"timestamp":"2026-09-05T13:27:40.623Z"}
{"level":"info","message":"⌛ Validating clase59.wlk/bebidas.wlk","timeElapsed":319,"timestamp":"2026-09-05T13:27:40.959Z"}
{"level":"info","message":"⌛ Validating clase59.wlk/bebidas.wlk","timeElapsed":301,"timestamp":"2026-09-05T13:27:41.281Z"}
{"level":"info","message":"⌛ Building environment","timeElapsed":146,"timestamp":"2026-09-05T13:27:41.441Z"}
{"level":"info","message":"⌛ Validating clase59.wlk/bebidas.wlk","timeElapsed":219,"timestamp":"2026-09-05T13:27:41.661Z"}
{"level":"info","message":"⌛ Building environment","timeElapsed":160,"timestamp":"2026-09-05T13:27:41.822Z"}
{"level":"info","message":"⌛ Validating clase59.wlk/bebidas.wlk","timeElapsed":247,"timestamp":"2026-09-05T13:27:42.071Z"}
{"level":"info","message":"⌛ Building environment","timeElapsed":160,"timestamp":"2026-09-05T13:27:42.232Z"}
{"level":"info","message":"⌛ Building environment","timeElapsed":196,"timestamp":"2026-09-05T13:27:42.431Z"}
{"level":"info","message":"⌛ Building environment","timeElapsed":166,"timestamp":"2026-09-05T13:27:42.631Z"}
{"level":"info","message":"⌛ Building environment","timeElapsed":145,"timestamp":"2026-09-05T13:27:42.815Z"}
{"level":"info","message":"⌛ Validating clase59.wlk/bebidas.wlk","timeElapsed":216,"timestamp":"2026-09-05T13:27:43.039Z"}
{"level":"info","message":"⌛ Building environment","timeElapsed":131,"timestamp":"2026-09-05T13:27:43.170Z"}
{"level":"info","message":"⌛ Validating clase59.wlk/bebidas.wlk","timeElapsed":170,"timestamp":"2026-09-05T13:27:43.347Z"}
{"level":"info","message":"⌛ Validating clase59.wlk/bebidas.wlk","timeElapsed":161,"timestamp":"2026-09-05T13:27:43.510Z"}
{"level":"info","message":"⌛ Validating clase59.wlk/bebidas.wlk","timeElapsed":150,"timestamp":"2026-09-05T13:27:43.661Z"}
{"level":"info","message":"⌛ Building environment","timeElapsed":106,"timestamp":"2026-09-05T13:27:43.774Z"}
{"level":"info","message":"⌛ Building environment","timeElapsed":181,"timestamp":"2026-09-05T13:27:43.958Z"}
{"level":"info","message":"⌛ Validating clase59.wlk/bebidas.wlk","timeElapsed":395,"timestamp":"2026-09-05T13:27:44.429Z"}
{"level":"info","message":"⌛ Building environment","timeElapsed":149,"timestamp":"2026-09-05T13:27:44.594Z"}
{"level":"info","message":"⌛ Building environment","timeElapsed":186,"timestamp":"2026-09-05T13:27:44.782Z"}
{"level":"info","message":"⌛ Validating clase59.wlk/bebidas.wlk","timeElapsed":206,"timestamp":"2026-09-05T13:27:44.991Z"}
{"level":"info","message":"⌛ Building environment","timeElapsed":123,"timestamp":"2026-09-05T13:27:45.115Z"}
{"level":"info","message":"⌛ Validating clase59.wlk/bebidas.wlk","timeElapsed":232,"timestamp":"2026-09-05T13:27:45.349Z"}
{"level":"info","message":"⌛ Validating clase59.wlk/bebidas.wlk","timeElapsed":236,"timestamp":"2026-09-05T13:27:45.598Z"}
{"level":"info","message":"⌛ Validating clase59.wlk/bebidas.wlk","timeElapsed":413,"timestamp":"2026-09-05T13:27:46.032Z"}
{"level":"info","message":"⌛ Building environment","timeElapsed":162,"timestamp":"2026-09-05T13:27:46.221Z"}
{"level":"info","message":"⌛ Building environment","timeElapsed":154,"timestamp":"2026-09-05T13:27:46.393Z"}
{"level":"info","message":"⌛ Building environment","timeElapsed":167,"timestamp":"2026-09-05T13:27:46.560Z"}
{"level":"info","message":"⌛ Validating clase59.wlk/bebidas.wlk","timeElapsed":232,"timestamp":"2026-09-05T13:27:46.798Z"}
{"level":"info","message":"⌛ Validating clase59.wlk/bebidas.wlk","timeElapsed":260,"timestamp":"2026-09-05T13:27:47.074Z"}
{"level":"info","message":"⌛ Building environment","timeElapsed":151,"timestamp":"2026-09-05T13:27:47.227Z"}
{"level":"info","message":"⌛ Building environment","timeElapsed":331,"timestamp":"2026-09-05T13:27:47.561Z"}
{"level":"info","message":"⌛ Building environment","timeElapsed":183,"timestamp":"2026-09-05T13:27:47.759Z"}
{"level":"info","message":"⌛ Validating clase59.wlk/bebidas.wlk","timeElapsed":235,"timestamp":"2026-09-05T13:27:48.077Z"}
{"level":"info","message":"⌛ Building environment","timeElapsed":111,"timestamp":"2026-09-05T13:27:48.189Z"}
{"level":"info","message":"⌛ Building environment","timeElapsed":138,"timestamp":"2026-09-05T13:27:48.328Z"}
{"level":"info","message":"⌛ Building environment","timeElapsed":167,"timestamp":"2026-09-05T13:27:48.523Z"}
{"level":"info","message":"⌛ Building environment","timeElapsed":191,"timestamp":"2026-09-05T13:27:48.716Z"}
{"level":"info","message":"⌛ Validating clase59.wlk/bebidas.wlk","timeElapsed":236,"timestamp":"2026-09-05T13:27:48.954Z"}
{"level":"info","message":"⌛ Building environment","timeElapsed":1403,"timestamp":"2026-09-05T13:27:50.357Z"}
{"level":"info","message":"⌛ Building environment","timeElapsed":146,"timestamp":"2026-09-05T13:27:50.504Z"}
{"level":"info","message":"⌛ Validating clase59.wlk/bebidas.wlk","timeElapsed":148,"timestamp":"2026-09-05T13:27:50.655Z"}
{"level":"info","message":"⌛ Validating clase59.wlk/bebidas.wlk","timeElapsed":277,"timestamp":"2026-09-05T13:27:50.945Z"}
{"level":"info","message":"⌛ Validating clase59.wlk/bebidas.wlk","timeElapsed":277,"timestamp":"2026-09-05T13:27:51.242Z"}
{"level":"info","message":"⌛ Validating clase59.wlk/bebidas.wlk","timeElapsed":168,"timestamp":"2026-09-05T13:27:51.412Z"}
{"level":"info","message":"⌛ Validating clase59.wlk/bebidas.wlk","timeElapsed":141,"timestamp":"2026-09-05T13:27:51.555Z"}
{"level":"info","message":"⌛ Validating clase59.wlk/bebidas.wlk","timeElapsed":139,"timestamp":"2026-09-05T13:27:51.699Z"}
{"level":"info","message":"⌛ Validating clase59.wlk/bebidas.wlk","timeElapsed":141,"timestamp":"2026-09-05T13:27:51.855Z"}
{"level":"info","message":"⌛ Validating clase59.wlk/bebidas.wlk","timeElapsed":144,"timestamp":"2026-09-05T13:27:52.006Z"}
{"level":"info","message":"⌛ Validating clase59.wlk/bebidas.wlk","timeElapsed":158,"timestamp":"2026-09-05T13:27:52.170Z"}
{"level":"info","message":"⌛ Validating clase59.wlk/bebidas.wlk","timeElapsed":242,"timestamp":"2026-09-05T13:27:52.421Z"}
{"level":"info","message":"⌛ Validating clase59.wlk/bebidas.wlk","timeElapsed":283,"timestamp":"2026-09-05T13:27:52.728Z"}
{"level":"info","message":"⌛ Validating clase59.wlk/bebidas.wlk","timeElapsed":178,"timestamp":"2026-09-05T13:27:52.918Z"}
{"level":"info","message":"⌛ Validating clase59.wlk/bebidas.wlk","timeElapsed":149,"timestamp":"2026-09-05T13:27:53.072Z"}
{"level":"info","message":"⌛ Validating clase59.wlk/bebidas.wlk","timeElapsed":166,"timestamp":"2026-09-05T13:27:53.247Z"}
{"level":"info","message":"⌛ Validating clase59.wlk/bebidas.wlk","timeElapsed":174,"timestamp":"2026-09-05T13:27:53.429Z"}
{"level":"info","message":"⌛ Validating clase59.wlk/bebidas.wlk","timeElapsed":149,"timestamp":"2026-09-05T13:27:53.589Z"}
{"level":"info","message":"⌛ Validating clase59.wlk/bebidas.wlk","timeElapsed":157,"timestamp":"2026-09-05T13:27:53.751Z"}
{"level":"info","message":"⌛ Validating clase59.wlk/bebidas.wlk","timeElapsed":295,"timestamp":"2026-09-05T13:27:54.052Z"}
{"level":"info","message":"⌛ Validating clase59.wlk/bebidas.wlk","timeElapsed":243,"timestamp":"2026-09-05T13:27:54.327Z"}
{"level":"info","message":"⌛ Validating clase59.wlk/bebidas.wlk","timeElapsed":133,"timestamp":"2026-09-05T13:27:54.470Z"}
{"level":"info","message":"⌛ Validating clase59.wlk/bebidas.wlk","timeElapsed":167,"timestamp":"2026-09-05T13:27:54.642Z"}
{"level":"info","message":"⌛ Validating clase59.wlk/bebidas.wlk","timeElapsed":148,"timestamp":"2026-09-05T13:27:54.798Z"}
{"level":"info","message":"⌛ Validating clase59.wlk/bebidas.wlk","timeElapsed":217,"timestamp":"2026-09-05T13:27:55.027Z"}
{"level":"info","message":"⌛ Validating clase59.wlk/bebidas.wlk","timeElapsed":154,"timestamp":"2026-09-05T13:27:55.194Z"}
{"level":"info","message":"⌛ Validating clase59.wlk/bebidas.wlk","timeElapsed":276,"timestamp":"2026-09-05T13:27:55.489Z"}
{"level":"info","message":"⌛ Validating clase59.wlk/bebidas.wlk","timeElapsed":342,"timestamp":"2026-09-05T13:27:55.843Z"}
{"level":"info","message":"⌛ Validating clase59.wlk/bebidas.wlk","timeElapsed":199,"timestamp":"2026-09-05T13:27:56.058Z"}
{"level":"info","message":"⌛ Validating clase59.wlk/bebidas.wlk","timeElapsed":185,"timestamp":"2026-09-05T13:27:56.257Z"}
{"level":"info","message":"⌛ Validating clase59.wlk/bebidas.wlk","timeElapsed":225,"timestamp":"2026-09-05T13:27:56.490Z"}
{"level":"info","message":"⌛ Validating clase59.wlk/bebidas.wlk","timeElapsed":290,"timestamp":"2026-09-05T13:27:56.788Z"}
{"level":"info","message":"⌛ Validating clase59.wlk/bebidas.wlk","timeElapsed":273,"timestamp":"2026-09-05T13:27:57.079Z"}
{"level":"info","message":"⌛ Building environment","timeElapsed":117,"timestamp":"2026-09-05T13:28:07.408Z"}
{"level":"info","message":"⌛ Validating clase59.wlk/bebidas.wlk","timeElapsed":204,"timestamp":"2026-09-05T13:28:07.613Z"}
{"level":"info","message":"⌛ Building environment","timeElapsed":280,"timestamp":"2026-09-05T13:28:08.409Z"}
{"level":"info","message":"⌛ Building environment","timeElapsed":292,"timestamp":"2026-09-05T13:28:08.705Z"}
{"level":"info","message":"⌛ Validating clase59.wlk/bebidas.wlk","timeElapsed":508,"timestamp":"2026-09-05T13:28:09.230Z"}
{"level":"info","message":"⌛ Building environment","timeElapsed":201,"timestamp":"2026-09-05T13:28:09.437Z"}
{"level":"info","message":"⌛ Building environment","timeElapsed":216,"timestamp":"2026-09-05T13:28:09.655Z"}
{"level":"info","message":"⌛ Validating clase59.wlk/bebidas.wlk","timeElapsed":308,"timestamp":"2026-09-05T13:28:09.970Z"}
{"level":"info","message":"⌛ Building environment","timeElapsed":128,"timestamp":"2026-09-05T13:28:10.101Z"}
{"level":"info","message":"⌛ Building environment","timeElapsed":110,"timestamp":"2026-09-05T13:28:10.214Z"}
{"level":"info","message":"⌛ Building environment","timeElapsed":107,"timestamp":"2026-09-05T13:28:10.355Z"}
{"level":"info","message":"⌛ Building environment","timeElapsed":177,"timestamp":"2026-09-05T13:28:10.537Z"}
{"level":"info","message":"⌛ Building environment","timeElapsed":132,"timestamp":"2026-09-05T13:28:10.684Z"}
{"level":"info","message":"⌛ Validating clase59.wlk/bebidas.wlk","timeElapsed":507,"timestamp":"2026-09-05T13:28:11.224Z"}
{"level":"info","message":"⌛ Building environment","timeElapsed":135,"timestamp":"2026-09-05T13:28:11.380Z"}
{"level":"info","message":"⌛ Building environment","timeElapsed":162,"timestamp":"2026-09-05T13:28:11.544Z"}
{"level":"info","message":"⌛ Validating clase59.wlk/bebidas.wlk","timeElapsed":277,"timestamp":"2026-09-05T13:28:11.862Z"}
{"level":"info","message":"⌛ Validating clase59.wlk/bebidas.wlk","timeElapsed":337,"timestamp":"2026-09-05T13:28:12.238Z"}
{"level":"info","message":"⌛ Validating clase59.wlk/bebidas.wlk","timeElapsed":603,"timestamp":"2026-09-05T13:28:12.864Z"}
{"level":"info","message":"⌛ Validating clase59.wlk/bebidas.wlk","timeElapsed":203,"timestamp":"2026-09-05T13:28:13.086Z"}
{"level":"info","message":"⌛ Validating clase59.wlk/bebidas.wlk","timeElapsed":225,"timestamp":"2026-09-05T13:28:13.319Z"}
{"level":"info","message":"⌛ Validating clase59.wlk/bebidas.wlk","timeElapsed":222,"timestamp":"2026-09-05T13:28:13.546Z"}
{"level":"info","message":"⌛ Building environment","timeElapsed":143,"timestamp":"2026-09-05T13:28:13.695Z"}
{"level":"info","message":"⌛ Building environment","timeElapsed":361,"timestamp":"2026-09-05T13:28:14.060Z"}
{"level":"info","message":"⌛ Building environment","timeElapsed":313,"timestamp":"2026-09-05T13:28:14.441Z"}
{"level":"info","message":"⌛ Building environment","timeElapsed":255,"timestamp":"2026-09-05T13:28:14.697Z"}
{"level":"info","message":"⌛ Validating clase59.wlk/bebidas.wlk","timeElapsed":266,"timestamp":"2026-09-05T13:28:14.976Z"}
{"level":"info","message":"⌛ Building environment","timeElapsed":171,"timestamp":"2026-09-05T13:28:15.147Z"}
{"level":"info","message":"⌛ Validating clase59.wlk/bebidas.wlk","timeElapsed":177,"timestamp":"2026-09-05T13:28:15.347Z"}
{"level":"info","message":"⌛ Building environment","timeElapsed":144,"timestamp":"2026-09-05T13:28:15.509Z"}
{"level":"info","message":"⌛ Building environment","timeElapsed":161,"timestamp":"2026-09-05T13:28:15.691Z"}
{"level":"info","message":"⌛ Building environment","timeElapsed":259,"timestamp":"2026-09-05T13:28:15.969Z"}
{"level":"info","message":"⌛ Building environment","timeElapsed":322,"timestamp":"2026-09-05T13:28:16.314Z"}
{"level":"info","message":"⌛ Building environment","timeElapsed":180,"timestamp":"2026-09-05T13:28:16.500Z"}
{"level":"info","message":"⌛ Building environment","timeElapsed":210,"timestamp":"2026-09-05T13:28:16.743Z"}
{"level":"info","message":"⌛ Validating clase59.wlk/bebidas.wlk","timeElapsed":395,"timestamp":"2026-09-05T13:28:17.140Z"}
{"level":"info","message":"⌛ Building environment","timeElapsed":1839,"timestamp":"2026-09-05T13:28:19.004Z"}
{"level":"info","message":"⌛ Building environment","timeElapsed":203,"timestamp":"2026-09-05T13:28:19.208Z"}
{"level":"info","message":"⌛ Validating clase59.wlk/bebidas.wlk","timeElapsed":407,"timestamp":"2026-09-05T13:28:19.629Z"}
{"level":"info","message":"⌛ Validating clase59.wlk/bebidas.wlk","timeElapsed":213,"timestamp":"2026-09-05T13:28:19.860Z"}
{"level":"info","message":"⌛ Validating clase59.wlk/bebidas.wlk","timeElapsed":229,"timestamp":"2026-09-05T13:28:20.090Z"}
{"level":"info","message":"⌛ Building environment","timeElapsed":241,"timestamp":"2026-09-05T13:28:20.333Z"}
{"level":"info","message":"⌛ Building environment","timeElapsed":138,"timestamp":"2026-09-05T13:28:20.475Z"}
{"level":"info","message":"⌛ Validating clase59.wlk/bebidas.wlk","timeElapsed":251,"timestamp":"2026-09-05T13:28:20.741Z"}
{"level":"info","message":"⌛ Building environment","timeElapsed":221,"timestamp":"2026-09-05T13:28:20.968Z"}
{"level":"info","message":"⌛ Validating clase59.wlk/bebidas.wlk","timeElapsed":344,"timestamp":"2026-09-05T13:28:21.338Z"}
{"level":"info","message":"⌛ Building environment","timeElapsed":139,"timestamp":"2026-09-05T13:28:21.479Z"}
{"level":"info","message":"⌛ Validating clase59.wlk/bebidas.wlk","timeElapsed":251,"timestamp":"2026-09-05T13:28:21.737Z"}
{"level":"info","message":"⌛ Building environment","timeElapsed":222,"timestamp":"2026-09-05T13:28:21.959Z"}
{"level":"info","message":"⌛ Building environment","timeElapsed":120,"timestamp":"2026-09-05T13:28:22.079Z"}
{"level":"info","message":"⌛ Validating clase59.wlk/bebidas.wlk","timeElapsed":257,"timestamp":"2026-09-05T13:28:22.340Z"}
{"level":"info","message":"⌛ Building environment","timeElapsed":185,"timestamp":"2026-09-05T13:28:22.534Z"}
{"level":"info","message":"⌛ Validating clase59.wlk/bebidas.wlk","timeElapsed":492,"timestamp":"2026-09-05T13:28:23.030Z"}
{"level":"info","message":"⌛ Building environment","timeElapsed":190,"timestamp":"2026-09-05T13:28:23.221Z"}
{"level":"info","message":"⌛ Building environment","timeElapsed":161,"timestamp":"2026-09-05T13:28:23.408Z"}
{"level":"info","message":"⌛ Validating clase59.wlk/bebidas.wlk","timeElapsed":220,"timestamp":"2026-09-05T13:28:23.630Z"}
{"level":"info","message":"⌛ Building environment","timeElapsed":101,"timestamp":"2026-09-05T13:28:23.739Z"}
{"level":"info","message":"⌛ Validating clase59.wlk/bebidas.wlk","timeElapsed":223,"timestamp":"2026-09-05T13:28:23.963Z"}
{"level":"info","message":"⌛ Building environment","timeElapsed":200,"timestamp":"2026-09-05T13:28:24.273Z"}
{"level":"info","message":"⌛ Building environment","timeElapsed":253,"timestamp":"2026-09-05T13:28:24.527Z"}
{"level":"info","message":"⌛ Building environment","timeElapsed":175,"timestamp":"2026-09-05T13:28:24.762Z"}
{"level":"info","message":"⌛ Building environment","timeElapsed":267,"timestamp":"2026-09-05T13:28:25.030Z"}
{"level":"info","message":"⌛ Building environment","timeElapsed":135,"timestamp":"2026-09-05T13:28:25.177Z"}
{"level":"info","message":"⌛ Validating clase59.wlk/bebidas.wlk","timeElapsed":193,"timestamp":"2026-09-05T13:28:25.487Z"}
{"level":"info","message":"⌛ Building environment","timeElapsed":132,"timestamp":"2026-09-05T13:28:25.621Z"}
{"level":"info","message":"⌛ Validating clase59.wlk/bebidas.wlk","timeElapsed":625,"timestamp":"2026-09-05T13:28:26.353Z"}
{"level":"info","message":"⌛ Building environment","timeElapsed":169,"timestamp":"2026-09-05T13:28:26.527Z"}
{"level":"info","message":"⌛ Building environment","timeElapsed":125,"timestamp":"2026-09-05T13:28:26.670Z"}
{"level":"info","message":"⌛ Validating clase59.wlk/bebidas.wlk","timeElapsed":273,"timestamp":"2026-09-05T13:28:27.057Z"}
{"level":"info","message":"⌛ Building environment","timeElapsed":189,"timestamp":"2026-09-05T13:28:27.269Z"}
{"level":"info","message":"⌛ Validating clase59.wlk/bebidas.wlk","timeElapsed":425,"timestamp":"2026-09-05T13:28:27.696Z"}
{"level":"info","message":"⌛ Building environment","timeElapsed":228,"timestamp":"2026-09-05T13:28:27.924Z"}
{"level":"info","message":"⌛ Validating clase59.wlk/bebidas.wlk","timeElapsed":379,"timestamp":"2026-09-05T13:28:28.354Z"}
{"level":"info","message":"⌛ Building environment","timeElapsed":125,"timestamp":"2026-09-05T13:28:28.509Z"}
{"level":"info","message":"⌛ Building environment","timeElapsed":131,"timestamp":"2026-09-05T13:28:28.643Z"}
{"level":"info","message":"⌛ Validating clase59.wlk/bebidas.wlk","timeElapsed":164,"timestamp":"2026-09-05T13:28:28.808Z"}
{"level":"info","message":"⌛ Building environment","timeElapsed":211,"timestamp":"2026-09-05T13:28:29.034Z"}
{"level":"info","message":"⌛ Validating clase59.wlk/bebidas.wlk","timeElapsed":359,"timestamp":"2026-09-05T13:28:29.395Z"}
{"level":"info","message":"⌛ Building environment","timeElapsed":470,"timestamp":"2026-09-05T13:28:29.878Z"}
{"level":"info","message":"⌛ Validating clase59.wlk/bebidas.wlk","timeElapsed":224,"timestamp":"2026-09-05T13:28:30.103Z"}
{"level":"info","message":"⌛ Building environment","timeElapsed":117,"timestamp":"2026-09-05T13:28:30.220Z"}
{"level":"info","message":"⌛ Building environment","timeElapsed":132,"timestamp":"2026-09-05T13:28:30.557Z"}
{"level":"info","message":"⌛ Validating clase59.wlk/bebidas.wlk","timeElapsed":165,"timestamp":"2026-09-05T13:28:30.724Z"}
{"level":"info","message":"⌛ Building environment","timeElapsed":132,"timestamp":"2026-09-05T13:28:30.951Z"}
{"level":"info","message":"⌛ Building environment","timeElapsed":178,"timestamp":"2026-09-05T13:28:31.258Z"}
{"level":"info","message":"⌛ Building environment","timeElapsed":160,"timestamp":"2026-09-05T13:28:31.420Z"}
{"level":"info","message":"⌛ Validating clase59.wlk/bebidas.wlk","timeElapsed":210,"timestamp":"2026-09-05T13:28:31.632Z"}
{"level":"info","message":"⌛ Building environment","timeElapsed":108,"timestamp":"2026-09-05T13:28:31.741Z"}
{"level":"info","message":"⌛ Validating clase59.wlk/bebidas.wlk","timeElapsed":189,"timestamp":"2026-09-05T13:28:31.930Z"}
{"level":"info","message":"⌛ Building environment","timeElapsed":108,"timestamp":"2026-09-05T13:28:32.044Z"}
{"level":"info","message":"⌛ Validating clase59.wlk/bebidas.wlk","timeElapsed":189,"timestamp":"2026-09-05T13:28:32.324Z"}
{"level":"info","message":"⌛ Building environment","timeElapsed":103,"timestamp":"2026-09-05T13:28:32.428Z"}
{"level":"info","message":"⌛ Building environment","timeElapsed":112,"timestamp":"2026-09-05T13:28:32.542Z"}
{"level":"info","message":"⌛ Validating clase59.wlk/bebidas.wlk","timeElapsed":201,"timestamp":"2026-09-05T13:28:32.769Z"}
{"level":"info","message":"⌛ Building environment","timeElapsed":115,"timestamp":"2026-09-05T13:28:32.887Z"}
{"level":"info","message":"⌛ Validating clase59.wlk/bebidas.wlk","timeElapsed":232,"timestamp":"2026-09-05T13:28:33.121Z"}
{"level":"info","message":"⌛ Building environment","timeElapsed":197,"timestamp":"2026-09-05T13:28:33.318Z"}
{"level":"info","message":"⌛ Validating clase59.wlk/bebidas.wlk","timeElapsed":152,"timestamp":"2026-09-05T13:28:33.478Z"}
{"level":"info","message":"⌛ Validating clase59.wlk/bebidas.wlk","timeElapsed":180,"timestamp":"2026-09-05T13:28:33.751Z"}
{"level":"info","message":"⌛ Validating clase59.wlk/bebidas.wlk","timeElapsed":187,"timestamp":"2026-09-05T13:28:33.948Z"}
{"level":"info","message":"⌛ Validating clase59.wlk/bebidas.wlk","timeElapsed":263,"timestamp":"2026-09-05T13:28:34.211Z"}
{"level":"info","message":"⌛ Validating clase59.wlk/bebidas.wlk","timeElapsed":282,"timestamp":"2026-09-05T13:28:34.493Z"}
{"level":"info","message":"⌛ Building environment","timeElapsed":154,"timestamp":"2026-09-05T13:28:34.650Z"}
{"level":"info","message":"⌛ Building environment","timeElapsed":171,"timestamp":"2026-09-05T13:28:34.823Z"}
{"level":"info","message":"⌛ Validating clase59.wlk/bebidas.wlk","timeElapsed":238,"timestamp":"2026-09-05T13:28:35.068Z"}
{"level":"info","message":"⌛ Building environment","timeElapsed":108,"timestamp":"2026-09-05T13:28:35.178Z"}
{"level":"info","message":"⌛ Validating clase59.wlk/bebidas.wlk","timeElapsed":160,"timestamp":"2026-09-05T13:28:35.338Z"}
{"level":"info","message":"⌛ Validating clase59.wlk/bebidas.wlk","timeElapsed":167,"timestamp":"2026-09-05T13:28:35.522Z"}
{"level":"info","message":"⌛ Validating clase59.wlk/bebidas.wlk","timeElapsed":623,"timestamp":"2026-09-05T13:28:36.169Z"}
{"level":"info","message":"⌛ Validating clase59.wlk/bebidas.wlk","timeElapsed":266,"timestamp":"2026-09-05T13:28:36.545Z"}
{"level":"info","message":"⌛ Validating clase59.wlk/bebidas.wlk","timeElapsed":205,"timestamp":"2026-09-05T13:28:36.767Z"}
{"level":"info","message":"⌛ Building environment","timeElapsed":108,"timestamp":"2026-09-05T13:28:36.891Z"}
{"level":"info","message":"⌛ Building environment","timeElapsed":115,"timestamp":"2026-09-05T13:28:37.008Z"}
{"level":"info","message":"⌛ Building environment","timeElapsed":127,"timestamp":"2026-09-05T13:28:37.167Z"}
{"level":"info","message":"⌛ Validating clase59.wlk/bebidas.wlk","timeElapsed":186,"timestamp":"2026-09-05T13:28:37.354Z"}
{"level":"info","message":"⌛ Building environment","timeElapsed":128,"timestamp":"2026-09-05T13:28:37.490Z"}
{"level":"info","message":"⌛ Validating clase59.wlk/bebidas.wlk","timeElapsed":267,"timestamp":"2026-09-05T13:28:37.759Z"}
{"level":"info","message":"⌛ Validating clase59.wlk/bebidas.wlk","timeElapsed":533,"timestamp":"2026-09-05T13:28:38.337Z"}
{"level":"info","message":"⌛ Building environment","timeElapsed":160,"timestamp":"2026-09-05T13:28:38.500Z"}
{"level":"info","message":"⌛ Validating clase59.wlk/bebidas.wlk","timeElapsed":251,"timestamp":"2026-09-05T13:28:38.754Z"}
{"level":"info","message":"⌛ Building environment","timeElapsed":299,"timestamp":"2026-09-05T13:28:39.068Z"}
{"level":"info","message":"⌛ Validating clase59.wlk/bebidas.wlk","timeElapsed":956,"timestamp":"2026-09-05T13:28:40.131Z"}
{"level":"info","message":"⌛ Validating clase59.wlk/bebidas.wlk","timeElapsed":232,"timestamp":"2026-09-05T13:28:40.363Z"}
{"level":"info","message":"⌛ Validating clase59.wlk/bebidas.wlk","timeElapsed":316,"timestamp":"2026-09-05T13:28:40.686Z"}
{"level":"info","message":"⌛ Validating clase59.wlk/bebidas.wlk","timeElapsed":1253,"timestamp":"2026-09-05T13:28:41.994Z"}
{"level":"info","message":"⌛ Validating clase59.wlk/bebidas.wlk","timeElapsed":1424,"timestamp":"2026-09-05T13:28:43.534Z"}
{"level":"info","message":"⌛ Validating clase59.wlk/bebidas.wlk","timeElapsed":1169,"timestamp":"2026-09-05T13:28:44.727Z"}
{"level":"info","message":"⌛ Validating clase59.wlk/bebidas.wlk","timeElapsed":611,"timestamp":"2026-09-05T13:28:45.355Z"}
{"level":"info","message":"⌛ Validating clase59.wlk/bebidas.wlk","timeElapsed":837,"timestamp":"2026-09-05T13:28:46.210Z"}
{"level":"info","message":"⌛ Validating clase59.wlk/bebidas.wlk","timeElapsed":320,"timestamp":"2026-09-05T13:28:46.549Z"}
{"level":"info","message":"⌛ Validating clase59.wlk/bebidas.wlk","timeElapsed":372,"timestamp":"2026-09-05T13:28:46.940Z"}
{"level":"info","message":"⌛ Validating clase59.wlk/bebidas.wlk","timeElapsed":1118,"timestamp":"2026-09-05T13:28:48.076Z"}
{"level":"info","message":"⌛ Validating clase59.wlk/bebidas.wlk","timeElapsed":435,"timestamp":"2026-09-05T13:28:48.537Z"}
{"level":"info","message":"⌛ Validating clase59.wlk/bebidas.wlk","timeElapsed":1118,"timestamp":"2026-09-05T13:28:49.673Z"}
{"level":"info","message":"⌛ Building environment","timeElapsed":179,"timestamp":"2026-09-05T13:28:49.904Z"}
{"level":"info","message":"⌛ Validating clase59.wlk/bebidas.wlk","timeElapsed":324,"timestamp":"2026-09-05T13:28:50.229Z"}
{"level":"info","message":"⌛ Validating clase59.wlk/bebidas.wlk","timeElapsed":195,"timestamp":"2026-09-05T13:28:50.426Z"}
{"level":"info","message":"⌛ Validating clase59.wlk/bebidas.wlk","timeElapsed":175,"timestamp":"2026-09-05T13:28:50.616Z"}
{"level":"info","message":"⌛ Validating clase59.wlk/bebidas.wlk","timeElapsed":144,"timestamp":"2026-09-05T13:28:50.761Z"}
{"level":"info","message":"⌛ Validating clase59.wlk/bebidas.wlk","timeElapsed":330,"timestamp":"2026-09-05T13:28:51.092Z"}
{"level":"info","message":"⌛ Building environment","timeElapsed":295,"timestamp":"2026-09-05T13:28:51.390Z"}
{"level":"info","message":"⌛ Building environment","timeElapsed":267,"timestamp":"2026-09-05T13:28:51.667Z"}
{"level":"info","message":"⌛ Building environment","timeElapsed":140,"timestamp":"2026-09-05T13:28:51.808Z"}
{"level":"info","message":"⌛ Validating clase59.wlk/bebidas.wlk","timeElapsed":203,"timestamp":"2026-09-05T13:28:52.062Z"}
{"level":"info","message":"⌛ Validating clase59.wlk/bebidas.wlk","timeElapsed":229,"timestamp":"2026-09-05T13:28:52.303Z"}
{"level":"info","message":"⌛ Validating clase59.wlk/bebidas.wlk","timeElapsed":256,"timestamp":"2026-09-05T13:28:52.568Z"}
{"level":"info","message":"⌛ Building environment","timeElapsed":221,"timestamp":"2026-09-05T13:28:52.799Z"}
{"level":"info","message":"⌛ Building environment","timeElapsed":381,"timestamp":"2026-09-05T13:28:53.190Z"}
{"level":"info","message":"⌛ Building environment","timeElapsed":277,"timestamp":"2026-09-05T13:28:53.531Z"}
{"level":"info","message":"⌛ Validating clase59.wlk/bebidas.wlk","timeElapsed":268,"timestamp":"2026-09-05T13:28:53.807Z"}
{"level":"info","message":"⌛ Validating clase59.wlk/bebidas.wlk","timeElapsed":325,"timestamp":"2026-09-05T13:28:54.133Z"}
{"level":"info","message":"⌛ Validating clase59.wlk/bebidas.wlk","timeElapsed":255,"timestamp":"2026-09-05T13:28:54.404Z"}
{"level":"info","message":"⌛ Validating clase59.wlk/bebidas.wlk","timeElapsed":437,"timestamp":"2026-09-05T13:28:54.851Z"}
{"level":"info","message":"⌛ Validating clase59.wlk/bebidas.wlk","timeElapsed":528,"timestamp":"2026-09-05T13:28:55.448Z"}
{"level":"info","message":"⌛ Validating clase59.wlk/bebidas.wlk","timeElapsed":318,"timestamp":"2026-09-05T13:28:55.768Z"}
{"level":"info","message":"⌛ Validating clase59.wlk/bebidas.wlk","timeElapsed":264,"timestamp":"2026-09-05T13:28:56.050Z"}
{"level":"info","message":"⌛ Building environment","timeElapsed":205,"timestamp":"2026-09-05T13:28:56.256Z"}
{"level":"info","message":"⌛ Building environment","timeElapsed":160,"timestamp":"2026-09-05T13:28:56.418Z"}
{"level":"info","message":"⌛ Validating clase59.wlk/bebidas.wlk","timeElapsed":219,"timestamp":"2026-09-05T13:28:56.644Z"}
{"level":"info","message":"⌛ Validating clase59.wlk/bebidas.wlk","timeElapsed":265,"timestamp":"2026-09-05T13:28:56.913Z"}
{"level":"info","message":"⌛ Building environment","timeElapsed":498,"timestamp":"2026-09-05T13:28:57.452Z"}
{"level":"info","message":"⌛ Validating clase59.wlk/bebidas.wlk","timeElapsed":212,"timestamp":"2026-09-05T13:28:57.665Z"}
{"level":"info","message":"⌛ Building environment","timeElapsed":134,"timestamp":"2026-09-05T13:28:57.801Z"}
{"level":"info","message":"⌛ Building environment","timeElapsed":125,"timestamp":"2026-09-05T13:28:57.933Z"}
{"level":"info","message":"⌛ Validating clase59.wlk/bebidas.wlk","timeElapsed":239,"timestamp":"2026-09-05T13:28:58.174Z"}
{"level":"info","message":"⌛ Building environment","timeElapsed":106,"timestamp":"2026-09-05T13:28:58.299Z"}
{"level":"info","message":"⌛ Validating clase59.wlk/bebidas.wlk","timeElapsed":212,"timestamp":"2026-09-05T13:28:58.518Z"}
{"level":"info","message":"⌛ Building environment","timeElapsed":452,"timestamp":"2026-09-05T13:28:58.974Z"}
{"level":"info","message":"⌛ Building environment","timeElapsed":197,"timestamp":"2026-09-05T13:28:59.185Z"}
{"level":"info","message":"⌛ Validating clase59.wlk/bebidas.wlk","timeElapsed":222,"timestamp":"2026-09-05T13:28:59.407Z"}
{"level":"info","message":"⌛ Building environment","timeElapsed":120,"timestamp":"2026-09-05T13:28:59.537Z"}
{"level":"info","message":"⌛ Building environment","timeElapsed":169,"timestamp":"2026-09-05T13:28:59.808Z"}
{"level":"info","message":"⌛ Building environment","timeElapsed":130,"timestamp":"2026-09-05T13:28:59.942Z"}
{"level":"info","message":"⌛ Building environment","timeElapsed":163,"timestamp":"2026-09-05T13:29:00.108Z"}
{"level":"info","message":"⌛ Building environment","timeElapsed":124,"timestamp":"2026-09-05T13:29:00.240Z"}
{"level":"info","message":"⌛ Building environment","timeElapsed":257,"timestamp":"2026-09-05T13:29:00.568Z"}
{"level":"info","message":"⌛ Building environment","timeElapsed":245,"timestamp":"2026-09-05T13:29:00.839Z"}
{"level":"info","message":"⌛ Building environment","timeElapsed":105,"timestamp":"2026-09-05T13:29:00.945Z"}
{"level":"info","message":"⌛ Building environment","timeElapsed":131,"timestamp":"2026-09-05T13:29:01.201Z"}
{"level":"info","message":"⌛ Building environment","timeElapsed":117,"timestamp":"2026-09-05T13:29:01.328Z"}
{"level":"info","message":"⌛ Building environment","timeElapsed":102,"timestamp":"2026-09-05T13:29:01.468Z"}
{"level":"info","message":"⌛ Validating clase59.wlk/bebidas.wlk","timeElapsed":217,"timestamp":"2026-09-05T13:29:01.741Z"}
{"level":"info","message":"⌛ Validating clase59.wlk/bebidas.wlk","timeElapsed":188,"timestamp":"2026-09-05T13:29:01.929Z"}
{"level":"info","message":"⌛ Validating clase59.wlk/bebidas.wlk","timeElapsed":424,"timestamp":"2026-09-05T13:29:02.358Z"}
{"level":"info","message":"⌛ Validating clase59.wlk/bebidas.wlk","timeElapsed":216,"timestamp":"2026-09-05T13:29:02.578Z"}
{"level":"info","message":"⌛ Validating clase59.wlk/bebidas.wlk","timeElapsed":180,"timestamp":"2026-09-05T13:29:02.765Z"}
{"level":"info","message":"⌛ Validating clase59.wlk/bebidas.wlk","timeElapsed":187,"timestamp":"2026-09-05T13:29:02.952Z"}
{"level":"info","message":"⌛ Validating clase59.wlk/bebidas.wlk","timeElapsed":165,"timestamp":"2026-09-05T13:29:03.120Z"}
{"level":"info","message":"⌛ Validating clase59.wlk/bebidas.wlk","timeElapsed":191,"timestamp":"2026-09-05T13:29:03.311Z"}
{"level":"info","message":"⌛ Validating clase59.wlk/bebidas.wlk","timeElapsed":323,"timestamp":"2026-09-05T13:29:03.640Z"}
{"level":"info","message":"⌛ Validating clase59.wlk/bebidas.wlk","timeElapsed":285,"timestamp":"2026-09-05T13:29:03.974Z"}
{"level":"info","message":"⌛ Validating clase59.wlk/bebidas.wlk","timeElapsed":163,"timestamp":"2026-09-05T13:29:04.151Z"}
{"level":"info","message":"⌛ Validating clase59.wlk/bebidas.wlk","timeElapsed":172,"timestamp":"2026-09-05T13:29:04.335Z"}
{"level":"info","message":"⌛ Validating clase59.wlk/bebidas.wlk","timeElapsed":140,"timestamp":"2026-09-05T13:29:04.482Z"}
{"level":"info","message":"⌛ Validating clase59.wlk/bebidas.wlk","timeElapsed":184,"timestamp":"2026-09-05T13:29:04.675Z"}
{"level":"info","message":"⌛ Validating clase59.wlk/bebidas.wlk","timeElapsed":239,"timestamp":"2026-09-05T13:29:04.971Z"}
{"level":"info","message":"⌛ Validating clase59.wlk/bebidas.wlk","timeElapsed":235,"timestamp":"2026-09-05T13:29:05.223Z"}
{"level":"info","message":"⌛ Validating clase59.wlk/bebidas.wlk","timeElapsed":298,"timestamp":"2026-09-05T13:29:05.537Z"}
{"level":"info","message":"⌛ Validating clase59.wlk/bebidas.wlk","timeElapsed":144,"timestamp":"2026-09-05T13:29:05.695Z"}
{"level":"info","message":"⌛ Validating clase59.wlk/bebidas.wlk","timeElapsed":160,"timestamp":"2026-09-05T13:29:05.866Z"}
{"level":"info","message":"⌛ Validating clase59.wlk/bebidas.wlk","timeElapsed":169,"timestamp":"2026-09-05T13:29:06.041Z"}
{"level":"info","message":"⌛ Validating clase59.wlk/bebidas.wlk","timeElapsed":157,"timestamp":"2026-09-05T13:29:06.206Z"}
{"errors":{"errors":[null,["/*\r","Agregado al readme:\r","cianuro: el rendimiento sera cero si el peso del deportista es 70 o menos, si es mas\r","que 70 entoces el rendimiento que aporta es el 1% de la dosis consumida.\r"]]},"level":"error","message":"✘ Failed to get type description: Error: {\n  \"errors\": [\n    null,\n    [\n      \"/*\\r\",\n      \"Agregado al readme:\\r\",\n      \"cianuro: el rendimiento sera cero si el peso del deportista es 70 o menos, si es mas\\r\",\n      \"que 70 entoces el rendimiento que aporta es el 1% de la dosis consumida.\\r\"\n    ]\n  ]\n} {\n  \"errors\": [\n    null,\n    [\n      \"/*\\r\",\n      \"Agregado al readme:\\r\",\n      \"cianuro: el rendimiento sera cero si el peso del deportista es 70 o menos, si es mas\\r\",\n      \"que 70 entoces el rendimiento que aporta es el 1% de la dosis consumida.\\r\"\n    ]\n  ]\n}","stack":"Error: {\n  \"errors\": [\n    null,\n    [\n      \"/*\\r\",\n      \"Agregado al readme:\\r\",\n      \"cianuro: el rendimiento sera cero si el peso del deportista es 70 o menos, si es mas\\r\",\n      \"que 70 entoces el rendimiento que aporta es el 1% de la dosis consumida.\\r\"\n    ]\n  ]\n}\n    at lS (c:\\Users\\elias\\.vscode\\extensions\\uqbar.wollok-lsp-ide-0.5.5\\out\\server\\src\\server.js:64:34609)\n    at Q1 (c:\\Users\\elias\\.vscode\\extensions\\uqbar.wollok-lsp-ide-0.5.5\\out\\server\\src\\server.js:64:34682)\n    at c:\\Users\\elias\\.vscode\\extensions\\uqbar.wollok-lsp-ide-0.5.5\\out\\server\\src\\server.js:64:37949\n    at o.y1 (c:\\Users\\elias\\.vscode\\extensions\\uqbar.wollok-lsp-ide-0.5.5\\out\\server\\src\\server.js:57:59136)\n    at c:\\Users\\elias\\.vscode\\extensions\\uqbar.wollok-lsp-ide-0.5.5\\out\\server\\src\\server.js:64:37918\n    at c:\\Users\\elias\\.vscode\\extensions\\uqbar.wollok-lsp-ide-0.5.5\\out\\server\\src\\server.js:57:57176\n    at Dfn (c:\\Users\\elias\\.vscode\\extensions\\uqbar.wollok-lsp-ide-0.5.5\\out\\server\\src\\server.js:68:11324)\n    at c:\\Users\\elias\\.vscode\\extensions\\uqbar.wollok-lsp-ide-0.5.5\\out\\server\\src\\server.js:68:3629\n    at Array.map (<anonymous>)\n    at c:\\Users\\elias\\.vscode\\extensions\\uqbar.wollok-lsp-ide-0.5.5\\out\\server\\src\\server.js:68:4693","timestamp":"2026-09-05T13:29:14.569Z"}
{"errors":{"errors":[null,["/*\r","Agregado al readme:\r","cianuro: el rendimiento sera cero si el peso del deportista es 70 o menos, si es mas\r","que 70 entoces el rendimiento que aporta es el 1% de la dosis consumida.\r"]]},"level":"error","message":"✘ Failed to get type description: Error: {\n  \"errors\": [\n    null,\n    [\n      \"/*\\r\",\n      \"Agregado al readme:\\r\",\n      \"cianuro: el rendimiento sera cero si el peso del deportista es 70 o menos, si es mas\\r\",\n      \"que 70 entoces el rendimiento que aporta es el 1% de la dosis consumida.\\r\"\n    ]\n  ]\n} {\n  \"errors\": [\n    null,\n    [\n      \"/*\\r\",\n      \"Agregado al readme:\\r\",\n      \"cianuro: el rendimiento sera cero si el peso del deportista es 70 o menos, si es mas\\r\",\n      \"que 70 entoces el rendimiento que aporta es el 1% de la dosis consumida.\\r\"\n    ]\n  ]\n}","stack":"Error: {\n  \"errors\": [\n    null,\n    [\n      \"/*\\r\",\n      \"Agregado al readme:\\r\",\n      \"cianuro: el rendimiento sera cero si el peso del deportista es 70 o menos, si es mas\\r\",\n      \"que 70 entoces el rendimiento que aporta es el 1% de la dosis consumida.\\r\"\n    ]\n  ]\n}\n    at lS (c:\\Users\\elias\\.vscode\\extensions\\uqbar.wollok-lsp-ide-0.5.5\\out\\server\\src\\server.js:64:34609)\n    at Q1 (c:\\Users\\elias\\.vscode\\extensions\\uqbar.wollok-lsp-ide-0.5.5\\out\\server\\src\\server.js:64:34682)\n    at c:\\Users\\elias\\.vscode\\extensions\\uqbar.wollok-lsp-ide-0.5.5\\out\\server\\src\\server.js:64:37949\n    at o.y1 (c:\\Users\\elias\\.vscode\\extensions\\uqbar.wollok-lsp-ide-0.5.5\\out\\server\\src\\server.js:57:59136)\n    at c:\\Users\\elias\\.vscode\\extensions\\uqbar.wollok-lsp-ide-0.5.5\\out\\server\\src\\server.js:64:37918\n    at c:\\Users\\elias\\.vscode\\extensions\\uqbar.wollok-lsp-ide-0.5.5\\out\\server\\src\\server.js:57:57176\n    at Dfn (c:\\Users\\elias\\.vscode\\extensions\\uqbar.wollok-lsp-ide-0.5.5\\out\\server\\src\\server.js:68:11324)\n    at c:\\Users\\elias\\.vscode\\extensions\\uqbar.wollok-lsp-ide-0.5.5\\out\\server\\src\\server.js:68:3629\n    at Array.map (<anonymous>)\n    at c:\\Users\\elias\\.vscode\\extensions\\uqbar.wollok-lsp-ide-0.5.5\\out\\server\\src\\server.js:68:4693","timestamp":"2026-09-05T13:29:14.822Z"}
{"errors":{"errors":[null,["/*\r","Agregado al readme:\r","cianuro: el rendimiento sera cero si el peso del deportista es 70 o menos, si es mas\r","que 70 entoces el rendimiento que aporta es el 1% de la dosis consumida.\r"]]},"level":"error","message":"✘ Failed to get type description: Error: {\n  \"errors\": [\n    null,\n    [\n      \"/*\\r\",\n      \"Agregado al readme:\\r\",\n      \"cianuro: el rendimiento sera cero si el peso del deportista es 70 o menos, si es mas\\r\",\n      \"que 70 entoces el rendimiento que aporta es el 1% de la dosis consumida.\\r\"\n    ]\n  ]\n} {\n  \"errors\": [\n    null,\n    [\n      \"/*\\r\",\n      \"Agregado al readme:\\r\",\n      \"cianuro: el rendimiento sera cero si el peso del deportista es 70 o menos, si es mas\\r\",\n      \"que 70 entoces el rendimiento que aporta es el 1% de la dosis consumida.\\r\"\n    ]\n  ]\n}","stack":"Error: {\n  \"errors\": [\n    null,\n    [\n      \"/*\\r\",\n      \"Agregado al readme:\\r\",\n      \"cianuro: el rendimiento sera cero si el peso del deportista es 70 o menos, si es mas\\r\",\n      \"que 70 entoces el rendimiento que aporta es el 1% de la dosis consumida.\\r\"\n    ]\n  ]\n}\n    at lS (c:\\Users\\elias\\.vscode\\extensions\\uqbar.wollok-lsp-ide-0.5.5\\out\\server\\src\\server.js:64:34609)\n    at Q1 (c:\\Users\\elias\\.vscode\\extensions\\uqbar.wollok-lsp-ide-0.5.5\\out\\server\\src\\server.js:64:34682)\n    at c:\\Users\\elias\\.vscode\\extensions\\uqbar.wollok-lsp-ide-0.5.5\\out\\server\\src\\server.js:64:37949\n    at o.y1 (c:\\Users\\elias\\.vscode\\extensions\\uqbar.wollok-lsp-ide-0.5.5\\out\\server\\src\\server.js:57:59136)\n    at c:\\Users\\elias\\.vscode\\extensions\\uqbar.wollok-lsp-ide-0.5.5\\out\\server\\src\\server.js:64:37918\n    at c:\\Users\\elias\\.vscode\\extensions\\uqbar.wollok-lsp-ide-0.5.5\\out\\server\\src\\server.js:57:57176\n    at Dfn (c:\\Users\\elias\\.vscode\\extensions\\uqbar.wollok-lsp-ide-0.5.5\\out\\server\\src\\server.js:68:11324)\n    at c:\\Users\\elias\\.vscode\\extensions\\uqbar.wollok-lsp-ide-0.5.5\\out\\server\\src\\server.js:68:3629\n    at Array.map (<anonymous>)\n    at c:\\Users\\elias\\.vscode\\extensions\\uqbar.wollok-lsp-ide-0.5.5\\out\\server\\src\\server.js:68:4693","timestamp":"2026-09-05T13:29:15.366Z"}
{"errors":{"errors":[null,["/*\r","Agregado al readme:\r","cianuro: el rendimiento sera cero si el peso del deportista es 70 o menos, si es mas\r","que 70 entoces el rendimiento que aporta es el 1% de la dosis consumida.\r"]]},"level":"error","message":"✘ Failed to get type description: Error: {\n  \"errors\": [\n    null,\n    [\n      \"/*\\r\",\n      \"Agregado al readme:\\r\",\n      \"cianuro: el rendimiento sera cero si el peso del deportista es 70 o menos, si es mas\\r\",\n      \"que 70 entoces el rendimiento que aporta es el 1% de la dosis consumida.\\r\"\n    ]\n  ]\n} {\n  \"errors\": [\n    null,\n    [\n      \"/*\\r\",\n      \"Agregado al readme:\\r\",\n      \"cianuro: el rendimiento sera cero si el peso del deportista es 70 o menos, si es mas\\r\",\n      \"que 70 entoces el rendimiento que aporta es el 1% de la dosis consumida.\\r\"\n    ]\n  ]\n}","stack":"Error: {\n  \"errors\": [\n    null,\n    [\n      \"/*\\r\",\n      \"Agregado al readme:\\r\",\n      \"cianuro: el rendimiento sera cero si el peso del deportista es 70 o menos, si es mas\\r\",\n      \"que 70 entoces el rendimiento que aporta es el 1% de la dosis consumida.\\r\"\n    ]\n  ]\n}\n    at lS (c:\\Users\\elias\\.vscode\\extensions\\uqbar.wollok-lsp-ide-0.5.5\\out\\server\\src\\server.js:64:34609)\n    at Q1 (c:\\Users\\elias\\.vscode\\extensions\\uqbar.wollok-lsp-ide-0.5.5\\out\\server\\src\\server.js:64:34682)\n    at c:\\Users\\elias\\.vscode\\extensions\\uqbar.wollok-lsp-ide-0.5.5\\out\\server\\src\\server.js:64:37949\n    at o.y1 (c:\\Users\\elias\\.vscode\\extensions\\uqbar.wollok-lsp-ide-0.5.5\\out\\server\\src\\server.js:57:59136)\n    at c:\\Users\\elias\\.vscode\\extensions\\uqbar.wollok-lsp-ide-0.5.5\\out\\server\\src\\server.js:64:37918\n    at c:\\Users\\elias\\.vscode\\extensions\\uqbar.wollok-lsp-ide-0.5.5\\out\\server\\src\\server.js:57:57176\n    at Dfn (c:\\Users\\elias\\.vscode\\extensions\\uqbar.wollok-lsp-ide-0.5.5\\out\\server\\src\\server.js:68:11324)\n    at c:\\Users\\elias\\.vscode\\extensions\\uqbar.wollok-lsp-ide-0.5.5\\out\\server\\src\\server.js:68:3629\n    at Array.map (<anonymous>)\n    at c:\\Users\\elias\\.vscode\\extensions\\uqbar.wollok-lsp-ide-0.5.5\\out\\server\\src\\server.js:68:4693","timestamp":"2026-09-05T13:29:16.501Z"}
{"errors":{"errors":[null,["/*\r","Agregado al readme:\r","cianuro: el rendimiento sera cero si el peso del deportista es 70 o menos, si es mas\r","que 70 entoces el rendimiento que aporta es el 1% de la dosis consumida.\r"]]},"level":"error","message":"✘ Failed to get type description: Error: {\n  \"errors\": [\n    null,\n    [\n      \"/*\\r\",\n      \"Agregado al readme:\\r\",\n      \"cianuro: el rendimiento sera cero si el peso del deportista es 70 o menos, si es mas\\r\",\n      \"que 70 entoces el rendimiento que aporta es el 1% de la dosis consumida.\\r\"\n    ]\n  ]\n} {\n  \"errors\": [\n    null,\n    [\n      \"/*\\r\",\n      \"Agregado al readme:\\r\",\n      \"cianuro: el rendimiento sera cero si el peso del deportista es 70 o menos, si es mas\\r\",\n      \"que 70 entoces el rendimiento que aporta es el 1% de la dosis consumida.\\r\"\n    ]\n  ]\n}","stack":"Error: {\n  \"errors\": [\n    null,\n    [\n      \"/*\\r\",\n      \"Agregado al readme:\\r\",\n      \"cianuro: el rendimiento sera cero si el peso del deportista es 70 o menos, si es mas\\r\",\n      \"que 70 entoces el rendimiento que aporta es el 1% de la dosis consumida.\\r\"\n    ]\n  ]\n}\n    at lS (c:\\Users\\elias\\.vscode\\extensions\\uqbar.wollok-lsp-ide-0.5.5\\out\\server\\src\\server.js:64:34609)\n    at Q1 (c:\\Users\\elias\\.vscode\\extensions\\uqbar.wollok-lsp-ide-0.5.5\\out\\server\\src\\server.js:64:34682)\n    at c:\\Users\\elias\\.vscode\\extensions\\uqbar.wollok-lsp-ide-0.5.5\\out\\server\\src\\server.js:64:37949\n    at o.y1 (c:\\Users\\elias\\.vscode\\extensions\\uqbar.wollok-lsp-ide-0.5.5\\out\\server\\src\\server.js:57:59136)\n    at c:\\Users\\elias\\.vscode\\extensions\\uqbar.wollok-lsp-ide-0.5.5\\out\\server\\src\\server.js:64:37918\n    at c:\\Users\\elias\\.vscode\\extensions\\uqbar.wollok-lsp-ide-0.5.5\\out\\server\\src\\server.js:57:57176\n    at Dfn (c:\\Users\\elias\\.vscode\\extensions\\uqbar.wollok-lsp-ide-0.5.5\\out\\server\\src\\server.js:68:11324)\n    at c:\\Users\\elias\\.vscode\\extensions\\uqbar.wollok-lsp-ide-0.5.5\\out\\server\\src\\server.js:68:3629\n    at Array.map (<anonymous>)\n    at c:\\Users\\elias\\.vscode\\extensions\\uqbar.wollok-lsp-ide-0.5.5\\out\\server\\src\\server.js:68:4693","timestamp":"2026-09-05T13:29:17.783Z"}
{"errors":{"errors":[null,["/*\r","Agregado al readme:\r","cianuro: el rendimiento sera cero si el peso del deportista es 70 o menos, si es mas\r","que 70 entoces el rendimiento que aporta es el 1% de la dosis consumida.\r"]]},"level":"error","message":"✘ Failed to get type description: Error: {\n  \"errors\": [\n    null,\n    [\n      \"/*\\r\",\n      \"Agregado al readme:\\r\",\n      \"cianuro: el rendimiento sera cero si el peso del deportista es 70 o menos, si es mas\\r\",\n      \"que 70 entoces el rendimiento que aporta es el 1% de la dosis consumida.\\r\"\n    ]\n  ]\n} {\n  \"errors\": [\n    null,\n    [\n      \"/*\\r\",\n      \"Agregado al readme:\\r\",\n      \"cianuro: el rendimiento sera cero si el peso del deportista es 70 o menos, si es mas\\r\",\n      \"que 70 entoces el rendimiento que aporta es el 1% de la dosis consumida.\\r\"\n    ]\n  ]\n}","stack":"Error: {\n  \"errors\": [\n    null,\n    [\n      \"/*\\r\",\n      \"Agregado al readme:\\r\",\n      \"cianuro: el rendimiento sera cero si el peso del deportista es 70 o menos, si es mas\\r\",\n      \"que 70 entoces el rendimiento que aporta es el 1% de la dosis consumida.\\r\"\n    ]\n  ]\n}\n    at lS (c:\\Users\\elias\\.vscode\\extensions\\uqbar.wollok-lsp-ide-0.5.5\\out\\server\\src\\server.js:64:34609)\n    at Q1 (c:\\Users\\elias\\.vscode\\extensions\\uqbar.wollok-lsp-ide-0.5.5\\out\\server\\src\\server.js:64:34682)\n    at c:\\Users\\elias\\.vscode\\extensions\\uqbar.wollok-lsp-ide-0.5.5\\out\\server\\src\\server.js:64:37949\n    at o.y1 (c:\\Users\\elias\\.vscode\\extensions\\uqbar.wollok-lsp-ide-0.5.5\\out\\server\\src\\server.js:57:59136)\n    at c:\\Users\\elias\\.vscode\\extensions\\uqbar.wollok-lsp-ide-0.5.5\\out\\server\\src\\server.js:64:37918\n    at c:\\Users\\elias\\.vscode\\extensions\\uqbar.wollok-lsp-ide-0.5.5\\out\\server\\src\\server.js:57:57176\n    at Dfn (c:\\Users\\elias\\.vscode\\extensions\\uqbar.wollok-lsp-ide-0.5.5\\out\\server\\src\\server.js:68:11324)\n    at c:\\Users\\elias\\.vscode\\extensions\\uqbar.wollok-lsp-ide-0.5.5\\out\\server\\src\\server.js:68:3629\n    at Array.map (<anonymous>)\n    at c:\\Users\\elias\\.vscode\\extensions\\uqbar.wollok-lsp-ide-0.5.5\\out\\server\\src\\server.js:68:4693","timestamp":"2026-09-05T13:29:18.095Z"}
{"errors":{"errors":[null,["/*\r","Agregado al readme:\r","cianuro: el rendimiento sera cero si el peso del deportista es 70 o menos, si es mas\r","que 70 entoces el rendimiento que aporta es el 1% de la dosis consumida.\r"]]},"level":"error","message":"✘ Failed to get type description: Error: {\n  \"errors\": [\n    null,\n    [\n      \"/*\\r\",\n      \"Agregado al readme:\\r\",\n      \"cianuro: el rendimiento sera cero si el peso del deportista es 70 o menos, si es mas\\r\",\n      \"que 70 entoces el rendimiento que aporta es el 1% de la dosis consumida.\\r\"\n    ]\n  ]\n} {\n  \"errors\": [\n    null,\n    [\n      \"/*\\r\",\n      \"Agregado al readme:\\r\",\n      \"cianuro: el rendimiento sera cero si el peso del deportista es 70 o menos, si es mas\\r\",\n      \"que 70 entoces el rendimiento que aporta es el 1% de la dosis consumida.\\r\"\n    ]\n  ]\n}","stack":"Error: {\n  \"errors\": [\n    null,\n    [\n      \"/*\\r\",\n      \"Agregado al readme:\\r\",\n      \"cianuro: el rendimiento sera cero si el peso del deportista es 70 o menos, si es mas\\r\",\n      \"que 70 entoces el rendimiento que aporta es el 1% de la dosis consumida.\\r\"\n    ]\n  ]\n}\n    at lS (c:\\Users\\elias\\.vscode\\extensions\\uqbar.wollok-lsp-ide-0.5.5\\out\\server\\src\\server.js:64:34609)\n    at Q1 (c:\\Users\\elias\\.vscode\\extensions\\uqbar.wollok-lsp-ide-0.5.5\\out\\server\\src\\server.js:64:34682)\n    at c:\\Users\\elias\\.vscode\\extensions\\uqbar.wollok-lsp-ide-0.5.5\\out\\server\\src\\server.js:64:37949\n    at o.y1 (c:\\Users\\elias\\.vscode\\extensions\\uqbar.wollok-lsp-ide-0.5.5\\out\\server\\src\\server.js:57:59136)\n    at c:\\Users\\elias\\.vscode\\extensions\\uqbar.wollok-lsp-ide-0.5.5\\out\\server\\src\\server.js:64:37918\n    at c:\\Users\\elias\\.vscode\\extensions\\uqbar.wollok-lsp-ide-0.5.5\\out\\server\\src\\server.js:57:57176\n    at Dfn (c:\\Users\\elias\\.vscode\\extensions\\uqbar.wollok-lsp-ide-0.5.5\\out\\server\\src\\server.js:68:11324)\n    at c:\\Users\\elias\\.vscode\\extensions\\uqbar.wollok-lsp-ide-0.5.5\\out\\server\\src\\server.js:68:3629\n    at Array.map (<anonymous>)\n    at c:\\Users\\elias\\.vscode\\extensions\\uqbar.wollok-lsp-ide-0.5.5\\out\\server\\src\\server.js:68:4693","timestamp":"2026-09-05T13:29:18.532Z"}
{"errors":{"errors":[null,["/*\r","Agregado al readme:\r","cianuro: el rendimiento sera cero si el peso del deportista es 70 o menos, si es mas\r","que 70 entoces el rendimiento que aporta es el 1% de la dosis consumida.\r"]]},"level":"error","message":"✘ Failed to get type description: Error: {\n  \"errors\": [\n    null,\n    [\n      \"/*\\r\",\n      \"Agregado al readme:\\r\",\n      \"cianuro: el rendimiento sera cero si el peso del deportista es 70 o menos, si es mas\\r\",\n      \"que 70 entoces el rendimiento que aporta es el 1% de la dosis consumida.\\r\"\n    ]\n  ]\n} {\n  \"errors\": [\n    null,\n    [\n      \"/*\\r\",\n      \"Agregado al readme:\\r\",\n      \"cianuro: el rendimiento sera cero si el peso del deportista es 70 o menos, si es mas\\r\",\n      \"que 70 entoces el rendimiento que aporta es el 1% de la dosis consumida.\\r\"\n    ]\n  ]\n}","stack":"Error: {\n  \"errors\": [\n    null,\n    [\n      \"/*\\r\",\n      \"Agregado al readme:\\r\",\n      \"cianuro: el rendimiento sera cero si el peso del deportista es 70 o menos, si es mas\\r\",\n      \"que 70 entoces el rendimiento que aporta es el 1% de la dosis consumida.\\r\"\n    ]\n  ]\n}\n    at lS (c:\\Users\\elias\\.vscode\\extensions\\uqbar.wollok-lsp-ide-0.5.5\\out\\server\\src\\server.js:64:34609)\n    at Q1 (c:\\Users\\elias\\.vscode\\extensions\\uqbar.wollok-lsp-ide-0.5.5\\out\\server\\src\\server.js:64:34682)\n    at c:\\Users\\elias\\.vscode\\extensions\\uqbar.wollok-lsp-ide-0.5.5\\out\\server\\src\\server.js:64:37949\n    at o.y1 (c:\\Users\\elias\\.vscode\\extensions\\uqbar.wollok-lsp-ide-0.5.5\\out\\server\\src\\server.js:57:59136)\n    at c:\\Users\\elias\\.vscode\\extensions\\uqbar.wollok-lsp-ide-0.5.5\\out\\server\\src\\server.js:64:37918\n    at c:\\Users\\elias\\.vscode\\extensions\\uqbar.wollok-lsp-ide-0.5.5\\out\\server\\src\\server.js:57:57176\n    at Dfn (c:\\Users\\elias\\.vscode\\extensions\\uqbar.wollok-lsp-ide-0.5.5\\out\\server\\src\\server.js:68:11324)\n    at c:\\Users\\elias\\.vscode\\extensions\\uqbar.wollok-lsp-ide-0.5.5\\out\\server\\src\\server.js:68:3629\n    at Array.map (<anonymous>)\n    at c:\\Users\\elias\\.vscode\\extensions\\uqbar.wollok-lsp-ide-0.5.5\\out\\server\\src\\server.js:68:4693","timestamp":"2026-09-05T13:29:18.718Z"}
{"errors":{"errors":[null,["/*\r","Agregado al readme:\r","cianuro: el rendimiento sera cero si el peso del deportista es 70 o menos, si es mas\r","que 70 entoces el rendimiento que aporta es el 1% de la dosis consumida.\r"]]},"level":"error","message":"✘ Failed to get type description: Error: {\n  \"errors\": [\n    null,\n    [\n      \"/*\\r\",\n      \"Agregado al readme:\\r\",\n      \"cianuro: el rendimiento sera cero si el peso del deportista es 70 o menos, si es mas\\r\",\n      \"que 70 entoces el rendimiento que aporta es el 1% de la dosis consumida.\\r\"\n    ]\n  ]\n} {\n  \"errors\": [\n    null,\n    [\n      \"/*\\r\",\n      \"Agregado al readme:\\r\",\n      \"cianuro: el rendimiento sera cero si el peso del deportista es 70 o menos, si es mas\\r\",\n      \"que 70 entoces el rendimiento que aporta es el 1% de la dosis consumida.\\r\"\n    ]\n  ]\n}","stack":"Error: {\n  \"errors\": [\n    null,\n    [\n      \"/*\\r\",\n      \"Agregado al readme:\\r\",\n      \"cianuro: el rendimiento sera cero si el peso del deportista es 70 o menos, si es mas\\r\",\n      \"que 70 entoces el rendimiento que aporta es el 1% de la dosis consumida.\\r\"\n    ]\n  ]\n}\n    at lS (c:\\Users\\elias\\.vscode\\extensions\\uqbar.wollok-lsp-ide-0.5.5\\out\\server\\src\\server.js:64:34609)\n    at Q1 (c:\\Users\\elias\\.vscode\\extensions\\uqbar.wollok-lsp-ide-0.5.5\\out\\server\\src\\server.js:64:34682)\n    at c:\\Users\\elias\\.vscode\\extensions\\uqbar.wollok-lsp-ide-0.5.5\\out\\server\\src\\server.js:64:37949\n    at o.y1 (c:\\Users\\elias\\.vscode\\extensions\\uqbar.wollok-lsp-ide-0.5.5\\out\\server\\src\\server.js:57:59136)\n    at c:\\Users\\elias\\.vscode\\extensions\\uqbar.wollok-lsp-ide-0.5.5\\out\\server\\src\\server.js:64:37918\n    at c:\\Users\\elias\\.vscode\\extensions\\uqbar.wollok-lsp-ide-0.5.5\\out\\server\\src\\server.js:57:57176\n    at Dfn (c:\\Users\\elias\\.vscode\\extensions\\uqbar.wollok-lsp-ide-0.5.5\\out\\server\\src\\server.js:68:11324)\n    at c:\\Users\\elias\\.vscode\\extensions\\uqbar.wollok-lsp-ide-0.5.5\\out\\server\\src\\server.js:68:3629\n    at Array.map (<anonymous>)\n    at c:\\Users\\elias\\.vscode\\extensions\\uqbar.wollok-lsp-ide-0.5.5\\out\\server\\src\\server.js:68:4693","timestamp":"2026-09-05T13:29:19.254Z"}
{"level":"info","message":"⌛ Building environment","timeElapsed":109,"timestamp":"2026-09-05T13:29:23.889Z"}
{"level":"info","message":"⌛ Validating clase59.wlk/bebidas.wlk","timeElapsed":193,"timestamp":"2026-09-05T13:29:24.083Z"}
{"level":"info","message":"⌛ Building environment","timeElapsed":139,"timestamp":"2026-09-05T13:29:24.226Z"}
{"level":"info","message":"⌛ Building environment","timeElapsed":155,"timestamp":"2026-09-05T13:29:24.388Z"}
{"level":"info","message":"⌛ Validating clase59.wlk/bebidas.wlk","timeElapsed":372,"timestamp":"2026-09-05T13:29:24.791Z"}
{"level":"info","message":"⌛ Building environment","timeElapsed":209,"timestamp":"2026-09-05T13:29:25.017Z"}
{"level":"info","message":"⌛ Validating clase59.wlk/bebidas.wlk","timeElapsed":313,"timestamp":"2026-09-05T13:29:25.340Z"}
{"level":"info","message":"⌛ Building environment","timeElapsed":156,"timestamp":"2026-09-05T13:29:25.503Z"}
{"level":"info","message":"⌛ Building environment","timeElapsed":255,"timestamp":"2026-09-05T13:29:25.767Z"}
{"level":"info","message":"⌛ Building environment","timeElapsed":153,"timestamp":"2026-09-05T13:29:25.923Z"}
{"level":"info","message":"⌛ Validating clase59.wlk/bebidas.wlk","timeElapsed":346,"timestamp":"2026-09-05T13:29:26.317Z"}
{"level":"info","message":"⌛ Building environment","timeElapsed":161,"timestamp":"2026-09-05T13:29:26.493Z"}
{"level":"info","message":"⌛ Building environment","timeElapsed":309,"timestamp":"2026-09-05T13:29:26.816Z"}
{"level":"info","message":"⌛ Building environment","timeElapsed":162,"timestamp":"2026-09-05T13:29:27.017Z"}
{"level":"info","message":"⌛ Validating clase59.wlk/bebidas.wlk","timeElapsed":354,"timestamp":"2026-09-05T13:29:27.374Z"}
{"level":"info","message":"⌛ Building environment","timeElapsed":145,"timestamp":"2026-09-05T13:29:27.519Z"}
{"level":"info","message":"⌛ Validating clase59.wlk/bebidas.wlk","timeElapsed":218,"timestamp":"2026-09-05T13:29:27.739Z"}
{"level":"info","message":"⌛ Building environment","timeElapsed":199,"timestamp":"2026-09-05T13:29:27.941Z"}
{"level":"info","message":"⌛ Validating clase59.wlk/bebidas.wlk","timeElapsed":327,"timestamp":"2026-09-05T13:29:28.277Z"}
{"level":"info","message":"⌛ Building environment","timeElapsed":394,"timestamp":"2026-09-05T13:29:28.676Z"}
{"level":"info","message":"⌛ Building environment","timeElapsed":169,"timestamp":"2026-09-05T13:29:28.854Z"}
{"level":"info","message":"⌛ Building environment","timeElapsed":188,"timestamp":"2026-09-05T13:29:29.049Z"}
{"level":"info","message":"⌛ Validating clase59.wlk/bebidas.wlk","timeElapsed":455,"timestamp":"2026-09-05T13:29:29.504Z"}
{"level":"info","message":"⌛ Building environment","timeElapsed":1056,"timestamp":"2026-09-05T13:29:30.627Z"}
{"level":"info","message":"⌛ Validating clase59.wlk/bebidas.wlk","timeElapsed":842,"timestamp":"2026-09-05T13:29:31.471Z"}
{"level":"info","message":"⌛ Building environment","timeElapsed":181,"timestamp":"2026-09-05T13:29:31.658Z"}
{"level":"info","message":"⌛ Validating clase59.wlk/bebidas.wlk","timeElapsed":313,"timestamp":"2026-09-05T13:29:31.997Z"}
{"level":"info","message":"⌛ Building environment","timeElapsed":133,"timestamp":"2026-09-05T13:29:32.174Z"}
{"level":"info","message":"⌛ Building environment","timeElapsed":151,"timestamp":"2026-09-05T13:29:32.326Z"}
{"level":"info","message":"⌛ Validating clase59.wlk/bebidas.wlk","timeElapsed":210,"timestamp":"2026-09-05T13:29:32.537Z"}
{"level":"info","message":"⌛ Validating clase59.wlk/bebidas.wlk","timeElapsed":233,"timestamp":"2026-09-05T13:29:32.780Z"}
{"level":"info","message":"⌛ Validating clase59.wlk/bebidas.wlk","timeElapsed":238,"timestamp":"2026-09-05T13:29:33.019Z"}
{"level":"info","message":"⌛ Validating clase59.wlk/bebidas.wlk","timeElapsed":204,"timestamp":"2026-09-05T13:29:33.229Z"}
{"level":"info","message":"⌛ Building environment","timeElapsed":125,"timestamp":"2026-09-05T13:29:33.369Z"}
{"level":"info","message":"⌛ Validating clase59.wlk/bebidas.wlk","timeElapsed":211,"timestamp":"2026-09-05T13:29:33.581Z"}
{"level":"info","message":"⌛ Building environment","timeElapsed":121,"timestamp":"2026-09-05T13:29:33.724Z"}
{"level":"info","message":"⌛ Building environment","timeElapsed":120,"timestamp":"2026-09-05T13:29:33.868Z"}
{"level":"info","message":"⌛ Building environment","timeElapsed":145,"timestamp":"2026-09-05T13:29:34.022Z"}
{"level":"info","message":"⌛ Building environment","timeElapsed":300,"timestamp":"2026-09-05T13:29:34.324Z"}
{"level":"info","message":"⌛ Building environment","timeElapsed":128,"timestamp":"2026-09-05T13:29:34.490Z"}
{"level":"info","message":"⌛ Building environment","timeElapsed":179,"timestamp":"2026-09-05T13:29:34.687Z"}
{"level":"info","message":"⌛ Building environment","timeElapsed":160,"timestamp":"2026-09-05T13:29:34.850Z"}
{"level":"info","message":"⌛ Validating clase59.wlk/bebidas.wlk","timeElapsed":199,"timestamp":"2026-09-05T13:29:35.082Z"}
{"level":"info","message":"⌛ Building environment","timeElapsed":106,"timestamp":"2026-09-05T13:29:35.198Z"}
{"level":"info","message":"⌛ Building environment","timeElapsed":114,"timestamp":"2026-09-05T13:29:35.315Z"}
{"level":"info","message":"⌛ Building environment","timeElapsed":106,"timestamp":"2026-09-05T13:29:35.448Z"}
{"level":"info","message":"⌛ Building environment","timeElapsed":161,"timestamp":"2026-09-05T13:29:35.610Z"}
{"level":"info","message":"⌛ Validating clase59.wlk/bebidas.wlk","timeElapsed":236,"timestamp":"2026-09-05T13:29:35.857Z"}
{"level":"info","message":"⌛ Validating clase59.wlk/bebidas.wlk","timeElapsed":201,"timestamp":"2026-09-05T13:29:36.060Z"}
{"level":"info","message":"⌛ Validating clase59.wlk/bebidas.wlk","timeElapsed":212,"timestamp":"2026-09-05T13:29:36.279Z"}
{"level":"info","message":"⌛ Validating clase59.wlk/bebidas.wlk","timeElapsed":196,"timestamp":"2026-09-05T13:29:36.476Z"}
{"level":"info","message":"⌛ Validating clase59.wlk/bebidas.wlk","timeElapsed":165,"timestamp":"2026-09-05T13:29:36.642Z"}
{"level":"info","message":"⌛ Validating clase59.wlk/bebidas.wlk","timeElapsed":135,"timestamp":"2026-09-05T13:29:36.785Z"}
{"level":"info","message":"⌛ Validating clase59.wlk/bebidas.wlk","timeElapsed":139,"timestamp":"2026-09-05T13:29:36.929Z"}
{"level":"info","message":"⌛ Validating clase59.wlk/bebidas.wlk","timeElapsed":241,"timestamp":"2026-09-05T13:29:37.178Z"}
{"level":"info","message":"⌛ Validating clase59.wlk/bebidas.wlk","timeElapsed":238,"timestamp":"2026-09-05T13:29:37.428Z"}
{"level":"info","message":"⌛ Validating clase59.wlk/bebidas.wlk","timeElapsed":191,"timestamp":"2026-09-05T13:29:37.633Z"}
{"level":"info","message":"⌛ Validating clase59.wlk/bebidas.wlk","timeElapsed":180,"timestamp":"2026-09-05T13:29:37.826Z"}
{"level":"info","message":"⌛ Validating clase59.wlk/bebidas.wlk","timeElapsed":166,"timestamp":"2026-09-05T13:29:38.004Z"}
{"level":"info","message":"⌛ Validating clase59.wlk/bebidas.wlk","timeElapsed":138,"timestamp":"2026-09-05T13:29:38.148Z"}
{"level":"info","message":"⌛ Validating clase59.wlk/bebidas.wlk","timeElapsed":157,"timestamp":"2026-09-05T13:29:38.311Z"}
{"level":"info","message":"⌛ Validating clase59.wlk/bebidas.wlk","timeElapsed":234,"timestamp":"2026-09-05T13:29:38.552Z"}
{"level":"info","message":"⌛ Building environment","timeElapsed":135,"timestamp":"2026-09-05T13:30:13.205Z"}
{"level":"info","message":"⌛ Validating clase59.wlk/bebidas.wlk","timeElapsed":147,"timestamp":"2026-09-05T13:30:13.355Z"}
{"errors":{"errors":[null,["/*\r","Agregado al readme:\r","cianuro: el rendimiento sera cero si el peso del deportista es 70 o menos, si es mas\r","que 70 entoces el rendimiento es el 1% de la dosis consumida.\r"]]},"level":"error","message":"✘ Failed to get type description: Error: {\n  \"errors\": [\n    null,\n    [\n      \"/*\\r\",\n      \"Agregado al readme:\\r\",\n      \"cianuro: el rendimiento sera cero si el peso del deportista es 70 o menos, si es mas\\r\",\n      \"que 70 entoces el rendimiento es el 1% de la dosis consumida.\\r\"\n    ]\n  ]\n} {\n  \"errors\": [\n    null,\n    [\n      \"/*\\r\",\n      \"Agregado al readme:\\r\",\n      \"cianuro: el rendimiento sera cero si el peso del deportista es 70 o menos, si es mas\\r\",\n      \"que 70 entoces el rendimiento es el 1% de la dosis consumida.\\r\"\n    ]\n  ]\n}","stack":"Error: {\n  \"errors\": [\n    null,\n    [\n      \"/*\\r\",\n      \"Agregado al readme:\\r\",\n      \"cianuro: el rendimiento sera cero si el peso del deportista es 70 o menos, si es mas\\r\",\n      \"que 70 entoces el rendimiento es el 1% de la dosis consumida.\\r\"\n    ]\n  ]\n}\n    at lS (c:\\Users\\elias\\.vscode\\extensions\\uqbar.wollok-lsp-ide-0.5.5\\out\\server\\src\\server.js:64:34609)\n    at Q1 (c:\\Users\\elias\\.vscode\\extensions\\uqbar.wollok-lsp-ide-0.5.5\\out\\server\\src\\server.js:64:34682)\n    at c:\\Users\\elias\\.vscode\\extensions\\uqbar.wollok-lsp-ide-0.5.5\\out\\server\\src\\server.js:64:37949\n    at o.y1 (c:\\Users\\elias\\.vscode\\extensions\\uqbar.wollok-lsp-ide-0.5.5\\out\\server\\src\\server.js:57:59136)\n    at c:\\Users\\elias\\.vscode\\extensions\\uqbar.wollok-lsp-ide-0.5.5\\out\\server\\src\\server.js:64:37918\n    at c:\\Users\\elias\\.vscode\\extensions\\uqbar.wollok-lsp-ide-0.5.5\\out\\server\\src\\server.js:57:57176\n    at Dfn (c:\\Users\\elias\\.vscode\\extensions\\uqbar.wollok-lsp-ide-0.5.5\\out\\server\\src\\server.js:68:11324)\n    at c:\\Users\\elias\\.vscode\\extensions\\uqbar.wollok-lsp-ide-0.5.5\\out\\server\\src\\server.js:68:3629\n    at Array.map (<anonymous>)\n    at c:\\Users\\elias\\.vscode\\extensions\\uqbar.wollok-lsp-ide-0.5.5\\out\\server\\src\\server.js:68:4693","timestamp":"2026-09-05T13:30:16.264Z"}
{"errors":{"errors":[null,["/*\r","Agregado al readme:\r","cianuro: el rendimiento sera cero si el peso del deportista es 70 o menos, si es mas\r","que 70 entoces el rendimiento es el 1% de la dosis consumida.\r"]]},"level":"error","message":"✘ Failed to get type description: Error: {\n  \"errors\": [\n    null,\n    [\n      \"/*\\r\",\n      \"Agregado al readme:\\r\",\n      \"cianuro: el rendimiento sera cero si el peso del deportista es 70 o menos, si es mas\\r\",\n      \"que 70 entoces el rendimiento es el 1% de la dosis consumida.\\r\"\n    ]\n  ]\n} {\n  \"errors\": [\n    null,\n    [\n      \"/*\\r\",\n      \"Agregado al readme:\\r\",\n      \"cianuro: el rendimiento sera cero si el peso del deportista es 70 o menos, si es mas\\r\",\n      \"que 70 entoces el rendimiento es el 1% de la dosis consumida.\\r\"\n    ]\n  ]\n}","stack":"Error: {\n  \"errors\": [\n    null,\n    [\n      \"/*\\r\",\n      \"Agregado al readme:\\r\",\n      \"cianuro: el rendimiento sera cero si el peso del deportista es 70 o menos, si es mas\\r\",\n      \"que 70 entoces el rendimiento es el 1% de la dosis consumida.\\r\"\n    ]\n  ]\n}\n    at lS (c:\\Users\\elias\\.vscode\\extensions\\uqbar.wollok-lsp-ide-0.5.5\\out\\server\\src\\server.js:64:34609)\n    at Q1 (c:\\Users\\elias\\.vscode\\extensions\\uqbar.wollok-lsp-ide-0.5.5\\out\\server\\src\\server.js:64:34682)\n    at c:\\Users\\elias\\.vscode\\extensions\\uqbar.wollok-lsp-ide-0.5.5\\out\\server\\src\\server.js:64:37949\n    at o.y1 (c:\\Users\\elias\\.vscode\\extensions\\uqbar.wollok-lsp-ide-0.5.5\\out\\server\\src\\server.js:57:59136)\n    at c:\\Users\\elias\\.vscode\\extensions\\uqbar.wollok-lsp-ide-0.5.5\\out\\server\\src\\server.js:64:37918\n    at c:\\Users\\elias\\.vscode\\extensions\\uqbar.wollok-lsp-ide-0.5.5\\out\\server\\src\\server.js:57:57176\n    at Dfn (c:\\Users\\elias\\.vscode\\extensions\\uqbar.wollok-lsp-ide-0.5.5\\out\\server\\src\\server.js:68:11324)\n    at c:\\Users\\elias\\.vscode\\extensions\\uqbar.wollok-lsp-ide-0.5.5\\out\\server\\src\\server.js:68:3629\n    at Array.map (<anonymous>)\n    at c:\\Users\\elias\\.vscode\\extensions\\uqbar.wollok-lsp-ide-0.5.5\\out\\server\\src\\server.js:68:4693","timestamp":"2026-09-05T13:30:16.982Z"}
{"errors":{"errors":[null,["/*\r","Agregado al readme:\r","cianuro: el rendimiento sera cero si el peso del deportista es 70 o menos, si es mas\r","que 70 entoces el rendimiento es el 1% de la dosis consumida.\r"]]},"level":"error","message":"✘ Failed to get type description: Error: {\n  \"errors\": [\n    null,\n    [\n      \"/*\\r\",\n      \"Agregado al readme:\\r\",\n      \"cianuro: el rendimiento sera cero si el peso del deportista es 70 o menos, si es mas\\r\",\n      \"que 70 entoces el rendimiento es el 1% de la dosis consumida.\\r\"\n    ]\n  ]\n} {\n  \"errors\": [\n    null,\n    [\n      \"/*\\r\",\n      \"Agregado al readme:\\r\",\n      \"cianuro: el rendimiento sera cero si el peso del deportista es 70 o menos, si es mas\\r\",\n      \"que 70 entoces el rendimiento es el 1% de la dosis consumida.\\r\"\n    ]\n  ]\n}","stack":"Error: {\n  \"errors\": [\n    null,\n    [\n      \"/*\\r\",\n      \"Agregado al readme:\\r\",\n      \"cianuro: el rendimiento sera cero si el peso del deportista es 70 o menos, si es mas\\r\",\n      \"que 70 entoces el rendimiento es el 1% de la dosis consumida.\\r\"\n    ]\n  ]\n}\n    at lS (c:\\Users\\elias\\.vscode\\extensions\\uqbar.wollok-lsp-ide-0.5.5\\out\\server\\src\\server.js:64:34609)\n    at Q1 (c:\\Users\\elias\\.vscode\\extensions\\uqbar.wollok-lsp-ide-0.5.5\\out\\server\\src\\server.js:64:34682)\n    at c:\\Users\\elias\\.vscode\\extensions\\uqbar.wollok-lsp-ide-0.5.5\\out\\server\\src\\server.js:64:37949\n    at o.y1 (c:\\Users\\elias\\.vscode\\extensions\\uqbar.wollok-lsp-ide-0.5.5\\out\\server\\src\\server.js:57:59136)\n    at c:\\Users\\elias\\.vscode\\extensions\\uqbar.wollok-lsp-ide-0.5.5\\out\\server\\src\\server.js:64:37918\n    at c:\\Users\\elias\\.vscode\\extensions\\uqbar.wollok-lsp-ide-0.5.5\\out\\server\\src\\server.js:57:57176\n    at Dfn (c:\\Users\\elias\\.vscode\\extensions\\uqbar.wollok-lsp-ide-0.5.5\\out\\server\\src\\server.js:68:11324)\n    at c:\\Users\\elias\\.vscode\\extensions\\uqbar.wollok-lsp-ide-0.5.5\\out\\server\\src\\server.js:68:3629\n    at Array.map (<anonymous>)\n    at c:\\Users\\elias\\.vscode\\extensions\\uqbar.wollok-lsp-ide-0.5.5\\out\\server\\src\\server.js:68:4693","timestamp":"2026-09-05T13:30:28.350Z"}
{"errors":{"errors":[null,["/*\r","Agregado al readme:\r","cianuro: el rendimiento sera cero si el peso del deportista es 70 o menos, si es mas\r","que 70 entoces el rendimiento es el 1% de la dosis consumida.\r"]]},"level":"error","message":"✘ Failed to get type description: Error: {\n  \"errors\": [\n    null,\n    [\n      \"/*\\r\",\n      \"Agregado al readme:\\r\",\n      \"cianuro: el rendimiento sera cero si el peso del deportista es 70 o menos, si es mas\\r\",\n      \"que 70 entoces el rendimiento es el 1% de la dosis consumida.\\r\"\n    ]\n  ]\n} {\n  \"errors\": [\n    null,\n    [\n      \"/*\\r\",\n      \"Agregado al readme:\\r\",\n      \"cianuro: el rendimiento sera cero si el peso del deportista es 70 o menos, si es mas\\r\",\n      \"que 70 entoces el rendimiento es el 1% de la dosis consumida.\\r\"\n    ]\n  ]\n}","stack":"Error: {\n  \"errors\": [\n    null,\n    [\n      \"/*\\r\",\n      \"Agregado al readme:\\r\",\n      \"cianuro: el rendimiento sera cero si el peso del deportista es 70 o menos, si es mas\\r\",\n      \"que 70 entoces el rendimiento es el 1% de la dosis consumida.\\r\"\n    ]\n  ]\n}\n    at lS (c:\\Users\\elias\\.vscode\\extensions\\uqbar.wollok-lsp-ide-0.5.5\\out\\server\\src\\server.js:64:34609)\n    at Q1 (c:\\Users\\elias\\.vscode\\extensions\\uqbar.wollok-lsp-ide-0.5.5\\out\\server\\src\\server.js:64:34682)\n    at c:\\Users\\elias\\.vscode\\extensions\\uqbar.wollok-lsp-ide-0.5.5\\out\\server\\src\\server.js:64:37949\n    at o.y1 (c:\\Users\\elias\\.vscode\\extensions\\uqbar.wollok-lsp-ide-0.5.5\\out\\server\\src\\server.js:57:59136)\n    at c:\\Users\\elias\\.vscode\\extensions\\uqbar.wollok-lsp-ide-0.5.5\\out\\server\\src\\server.js:64:37918\n    at c:\\Users\\elias\\.vscode\\extensions\\uqbar.wollok-lsp-ide-0.5.5\\out\\server\\src\\server.js:57:57176\n    at Dfn (c:\\Users\\elias\\.vscode\\extensions\\uqbar.wollok-lsp-ide-0.5.5\\out\\server\\src\\server.js:68:11324)\n    at c:\\Users\\elias\\.vscode\\extensions\\uqbar.wollok-lsp-ide-0.5.5\\out\\server\\src\\server.js:68:3629\n    at Array.map (<anonymous>)\n    at c:\\Users\\elias\\.vscode\\extensions\\uqbar.wollok-lsp-ide-0.5.5\\out\\server\\src\\server.js:68:4693","timestamp":"2026-09-05T13:31:48.683Z"}
{"errors":{"errors":[null,["/*\r","Agregado al readme:\r","cianuro: el rendimiento sera cero si el peso del deportista es 70 o menos, si es mas\r","que 70 entoces el rendimiento es el 1% de la dosis consumida.\r"]]},"level":"error","message":"✘ Failed to get type description: Error: {\n  \"errors\": [\n    null,\n    [\n      \"/*\\r\",\n      \"Agregado al readme:\\r\",\n      \"cianuro: el rendimiento sera cero si el peso del deportista es 70 o menos, si es mas\\r\",\n      \"que 70 entoces el rendimiento es el 1% de la dosis consumida.\\r\"\n    ]\n  ]\n} {\n  \"errors\": [\n    null,\n    [\n      \"/*\\r\",\n      \"Agregado al readme:\\r\",\n      \"cianuro: el rendimiento sera cero si el peso del deportista es 70 o menos, si es mas\\r\",\n      \"que 70 entoces el rendimiento es el 1% de la dosis consumida.\\r\"\n    ]\n  ]\n}","stack":"Error: {\n  \"errors\": [\n    null,\n    [\n      \"/*\\r\",\n      \"Agregado al readme:\\r\",\n      \"cianuro: el rendimiento sera cero si el peso del deportista es 70 o menos, si es mas\\r\",\n      \"que 70 entoces el rendimiento es el 1% de la dosis consumida.\\r\"\n    ]\n  ]\n}\n    at lS (c:\\Users\\elias\\.vscode\\extensions\\uqbar.wollok-lsp-ide-0.5.5\\out\\server\\src\\server.js:64:34609)\n    at Q1 (c:\\Users\\elias\\.vscode\\extensions\\uqbar.wollok-lsp-ide-0.5.5\\out\\server\\src\\server.js:64:34682)\n    at c:\\Users\\elias\\.vscode\\extensions\\uqbar.wollok-lsp-ide-0.5.5\\out\\server\\src\\server.js:64:37949\n    at o.y1 (c:\\Users\\elias\\.vscode\\extensions\\uqbar.wollok-lsp-ide-0.5.5\\out\\server\\src\\server.js:57:59136)\n    at c:\\Users\\elias\\.vscode\\extensions\\uqbar.wollok-lsp-ide-0.5.5\\out\\server\\src\\server.js:64:37918\n    at c:\\Users\\elias\\.vscode\\extensions\\uqbar.wollok-lsp-ide-0.5.5\\out\\server\\src\\server.js:57:57176\n    at Dfn (c:\\Users\\elias\\.vscode\\extensions\\uqbar.wollok-lsp-ide-0.5.5\\out\\server\\src\\server.js:68:11324)\n    at c:\\Users\\elias\\.vscode\\extensions\\uqbar.wollok-lsp-ide-0.5.5\\out\\server\\src\\server.js:68:3629\n    at Array.map (<anonymous>)\n    at c:\\Users\\elias\\.vscode\\extensions\\uqbar.wollok-lsp-ide-0.5.5\\out\\server\\src\\server.js:68:4693","timestamp":"2026-09-05T13:32:37.712Z"}
{"level":"info","message":"⌛ Building environment","timeElapsed":221,"timestamp":"2026-09-05T13:32:38.991Z"}
{"level":"info","message":"⌛ Building environment","timeElapsed":286,"timestamp":"2026-09-05T13:32:39.279Z"}
{"level":"info","message":"⌛ Validating clase59.wlk/bebidas.wlk","timeElapsed":327,"timestamp":"2026-09-05T13:32:39.667Z"}
{"level":"info","message":"⌛ Building environment","timeElapsed":380,"timestamp":"2026-09-05T13:32:40.081Z"}
{"level":"info","message":"⌛ Validating clase59.wlk/bebidas.wlk","timeElapsed":300,"timestamp":"2026-09-05T13:32:40.383Z"}
{"level":"info","message":"⌛ Validating clase59.wlk/bebidas.wlk","timeElapsed":229,"timestamp":"2026-09-05T13:32:40.620Z"}
{"level":"info","message":"⌛ Building environment","timeElapsed":258,"timestamp":"2026-09-05T13:32:41.746Z"}
{"level":"info","message":"⌛ Building environment","timeElapsed":306,"timestamp":"2026-09-05T13:32:42.134Z"}
{"level":"info","message":"⌛ Validating clase59.wlk/bebidas.wlk","timeElapsed":347,"timestamp":"2026-09-05T13:32:42.489Z"}
{"level":"info","message":"⌛ Building environment","timeElapsed":274,"timestamp":"2026-09-05T13:32:42.766Z"}
{"level":"info","message":"⌛ Building environment","timeElapsed":166,"timestamp":"2026-09-05T13:32:42.953Z"}
{"level":"info","message":"⌛ Validating clase59.wlk/bebidas.wlk","timeElapsed":260,"timestamp":"2026-09-05T13:32:43.218Z"}
{"level":"info","message":"⌛ Building environment","timeElapsed":263,"timestamp":"2026-09-05T13:32:43.523Z"}
{"level":"info","message":"⌛ Building environment","timeElapsed":190,"timestamp":"2026-09-05T13:32:43.717Z"}
{"level":"info","message":"⌛ Building environment","timeElapsed":250,"timestamp":"2026-09-05T13:32:43.981Z"}
{"level":"info","message":"⌛ Validating clase59.wlk/bebidas.wlk","timeElapsed":283,"timestamp":"2026-09-05T13:32:44.267Z"}
{"level":"info","message":"⌛ Validating clase59.wlk/bebidas.wlk","timeElapsed":146,"timestamp":"2026-09-05T13:32:44.423Z"}
{"level":"info","message":"⌛ Building environment","timeElapsed":129,"timestamp":"2026-09-05T13:32:44.554Z"}
{"level":"info","message":"⌛ Building environment","timeElapsed":335,"timestamp":"2026-09-05T13:32:44.978Z"}
{"level":"info","message":"⌛ Building environment","timeElapsed":208,"timestamp":"2026-09-05T13:32:45.188Z"}
{"level":"info","message":"⌛ Building environment","timeElapsed":200,"timestamp":"2026-09-05T13:32:45.392Z"}
{"level":"info","message":"⌛ Validating clase59.wlk/bebidas.wlk","timeElapsed":347,"timestamp":"2026-09-05T13:32:45.777Z"}
{"level":"info","message":"⌛ Validating clase59.wlk/bebidas.wlk","timeElapsed":198,"timestamp":"2026-09-05T13:32:45.976Z"}
{"level":"info","message":"⌛ Building environment","timeElapsed":108,"timestamp":"2026-09-05T13:32:46.099Z"}
{"level":"info","message":"⌛ Validating clase59.wlk/bebidas.wlk","timeElapsed":182,"timestamp":"2026-09-05T13:32:46.283Z"}
{"level":"info","message":"⌛ Building environment","timeElapsed":278,"timestamp":"2026-09-05T13:32:46.562Z"}
{"level":"info","message":"⌛ Building environment","timeElapsed":297,"timestamp":"2026-09-05T13:32:46.865Z"}
{"level":"info","message":"⌛ Validating clase59.wlk/bebidas.wlk","timeElapsed":403,"timestamp":"2026-09-05T13:32:47.312Z"}
{"level":"info","message":"⌛ Building environment","timeElapsed":153,"timestamp":"2026-09-05T13:32:47.465Z"}
{"level":"info","message":"⌛ Building environment","timeElapsed":155,"timestamp":"2026-09-05T13:32:47.623Z"}
{"level":"info","message":"⌛ Validating clase59.wlk/bebidas.wlk","timeElapsed":161,"timestamp":"2026-09-05T13:32:47.944Z"}
{"level":"info","message":"⌛ Validating clase59.wlk/bebidas.wlk","timeElapsed":171,"timestamp":"2026-09-05T13:32:48.124Z"}
{"level":"info","message":"⌛ Validating clase59.wlk/bebidas.wlk","timeElapsed":152,"timestamp":"2026-09-05T13:32:48.277Z"}
{"level":"info","message":"⌛ Building environment","timeElapsed":122,"timestamp":"2026-09-05T13:32:48.399Z"}
{"level":"info","message":"⌛ Building environment","timeElapsed":207,"timestamp":"2026-09-05T13:32:48.634Z"}
{"level":"info","message":"⌛ Validating clase59.wlk/bebidas.wlk","timeElapsed":290,"timestamp":"2026-09-05T13:32:48.944Z"}
{"level":"info","message":"⌛ Validating clase59.wlk/bebidas.wlk","timeElapsed":146,"timestamp":"2026-09-05T13:32:49.092Z"}
{"level":"info","message":"⌛ Validating clase59.wlk/bebidas.wlk","timeElapsed":159,"timestamp":"2026-09-05T13:32:49.253Z"}
{"level":"info","message":"⌛ Validating clase59.wlk/bebidas.wlk","timeElapsed":180,"timestamp":"2026-09-05T13:32:49.433Z"}
{"level":"info","message":"⌛ Validating clase59.wlk/bebidas.wlk","timeElapsed":166,"timestamp":"2026-09-05T13:32:49.600Z"}
{"level":"info","message":"⌛ Validating clase59.wlk/bebidas.wlk","timeElapsed":209,"timestamp":"2026-09-05T13:32:49.831Z"}
{"level":"info","message":"⌛ Validating clase59.wlk/bebidas.wlk","timeElapsed":236,"timestamp":"2026-09-05T13:32:50.068Z"}
{"level":"info","message":"⌛ Validating clase59.wlk/bebidas.wlk","timeElapsed":313,"timestamp":"2026-09-05T13:32:50.400Z"}
{"level":"info","message":"⌛ Building environment","timeElapsed":313,"timestamp":"2026-09-05T13:33:22.522Z"}
{"level":"info","message":"⌛ Autocomplete - Singleton","timeElapsed":216,"timestamp":"2026-09-05T13:33:22.759Z"}
{"level":"info","message":"⌛ Building environment","timeElapsed":263,"timestamp":"2026-09-05T13:33:23.092Z"}
{"level":"info","message":"⌛ Validating clase59.wlk/bebidas.wlk","timeElapsed":195,"timestamp":"2026-09-05T13:33:23.288Z"}
{"level":"info","message":"⌛ Building environment","timeElapsed":184,"timestamp":"2026-09-05T13:33:23.479Z"}
{"level":"info","message":"⌛ Building environment","timeElapsed":148,"timestamp":"2026-09-05T13:33:23.663Z"}
{"level":"info","message":"⌛ Validating clase59.wlk/bebidas.wlk","timeElapsed":288,"timestamp":"2026-09-05T13:33:23.980Z"}
{"level":"info","message":"⌛ Building environment","timeElapsed":257,"timestamp":"2026-09-05T13:33:24.280Z"}
{"level":"info","message":"⌛ Validating clase59.wlk/bebidas.wlk","timeElapsed":437,"timestamp":"2026-09-05T13:33:24.764Z"}
{"level":"info","message":"⌛ Building environment","timeElapsed":149,"timestamp":"2026-09-05T13:33:24.913Z"}
{"level":"info","message":"⌛ Validating clase59.wlk/bebidas.wlk","timeElapsed":202,"timestamp":"2026-09-05T13:33:25.115Z"}
{"level":"info","message":"⌛ Building environment","timeElapsed":124,"timestamp":"2026-09-05T13:33:25.244Z"}
{"level":"info","message":"⌛ Building environment","timeElapsed":171,"timestamp":"2026-09-05T13:33:25.459Z"}
{"level":"info","message":"⌛ Validating clase59.wlk/bebidas.wlk","timeElapsed":188,"timestamp":"2026-09-05T13:33:25.662Z"}
{"level":"info","message":"⌛ Validating clase59.wlk/bebidas.wlk","timeElapsed":294,"timestamp":"2026-09-05T13:33:25.963Z"}
{"level":"info","message":"⌛ Building environment","timeElapsed":344,"timestamp":"2026-09-05T13:33:26.329Z"}
{"level":"info","message":"⌛ Validating clase59.wlk/bebidas.wlk","timeElapsed":201,"timestamp":"2026-09-05T13:33:26.581Z"}
{"level":"info","message":"⌛ Building environment","timeElapsed":124,"timestamp":"2026-09-05T13:33:26.715Z"}
{"level":"info","message":"⌛ Validating clase59.wlk/bebidas.wlk","timeElapsed":166,"timestamp":"2026-09-05T13:33:26.919Z"}
{"level":"info","message":"⌛ Building environment","timeElapsed":113,"timestamp":"2026-09-05T13:33:27.037Z"}
{"level":"info","message":"⌛ Building environment","timeElapsed":161,"timestamp":"2026-09-05T13:33:27.215Z"}
{"level":"info","message":"⌛ Building environment","timeElapsed":161,"timestamp":"2026-09-05T13:33:27.379Z"}
{"level":"info","message":"⌛ Building environment","timeElapsed":447,"timestamp":"2026-09-05T13:33:27.828Z"}
{"level":"info","message":"⌛ Validating clase59.wlk/bebidas.wlk","timeElapsed":231,"timestamp":"2026-09-05T13:33:28.159Z"}
{"level":"info","message":"⌛ Validating clase59.wlk/bebidas.wlk","timeElapsed":196,"timestamp":"2026-09-05T13:33:28.356Z"}
{"level":"info","message":"⌛ Validating clase59.wlk/bebidas.wlk","timeElapsed":138,"timestamp":"2026-09-05T13:33:28.508Z"}
{"level":"info","message":"⌛ Validating clase59.wlk/bebidas.wlk","timeElapsed":147,"timestamp":"2026-09-05T13:33:28.661Z"}
{"level":"info","message":"⌛ Building environment","timeElapsed":113,"timestamp":"2026-09-05T13:33:28.784Z"}
{"level":"info","message":"⌛ Validating clase59.wlk/bebidas.wlk","timeElapsed":166,"timestamp":"2026-09-05T13:33:28.953Z"}
{"level":"info","message":"⌛ Building environment","timeElapsed":136,"timestamp":"2026-09-05T13:33:29.090Z"}
{"level":"info","message":"⌛ Validating clase59.wlk/bebidas.wlk","timeElapsed":331,"timestamp":"2026-09-05T13:33:29.428Z"}
{"level":"info","message":"⌛ Building environment","timeElapsed":179,"timestamp":"2026-09-05T13:33:29.632Z"}
{"level":"info","message":"⌛ Validating clase59.wlk/bebidas.wlk","timeElapsed":160,"timestamp":"2026-09-05T13:33:29.808Z"}
{"level":"info","message":"⌛ Validating clase59.wlk/bebidas.wlk","timeElapsed":222,"timestamp":"2026-09-05T13:33:30.038Z"}
{"level":"info","message":"⌛ Validating clase59.wlk/bebidas.wlk","timeElapsed":204,"timestamp":"2026-09-05T13:33:30.244Z"}
{"level":"info","message":"⌛ Building environment","timeElapsed":133,"timestamp":"2026-09-05T13:33:30.379Z"}
{"level":"info","message":"⌛ Building environment","timeElapsed":133,"timestamp":"2026-09-05T13:33:30.527Z"}
{"level":"info","message":"⌛ Validating clase59.wlk/bebidas.wlk","timeElapsed":200,"timestamp":"2026-09-05T13:33:30.728Z"}
{"level":"info","message":"⌛ Validating clase59.wlk/bebidas.wlk","timeElapsed":268,"timestamp":"2026-09-05T13:33:31.028Z"}
{"level":"info","message":"⌛ Building environment","timeElapsed":124,"timestamp":"2026-09-05T13:33:33.319Z"}
{"level":"info","message":"⌛ Validating clase59.wlk/bebidas.wlk","timeElapsed":158,"timestamp":"2026-09-05T13:33:33.478Z"}
{"level":"info","message":"⌛ Building environment","timeElapsed":127,"timestamp":"2026-09-05T13:33:54.572Z"}
{"level":"info","message":"⌛ Validating clase59.wlk/bebidas.wlk","timeElapsed":237,"timestamp":"2026-09-05T13:33:54.855Z"}
{"level":"info","message":"⌛ Building environment","timeElapsed":485,"timestamp":"2026-09-05T13:33:55.602Z"}
{"level":"info","message":"⌛ Validating clase59.wlk/bebidas.wlk","timeElapsed":228,"timestamp":"2026-09-05T13:33:55.841Z"}
{"level":"info","message":"⌛ Building environment","timeElapsed":122,"timestamp":"2026-09-05T13:33:56.553Z"}
{"level":"info","message":"⌛ Validating clase59.wlk/bebidas.wlk","timeElapsed":174,"timestamp":"2026-09-05T13:33:56.728Z"}
{"level":"info","message":"⌛ Building environment","timeElapsed":276,"timestamp":"2026-09-05T13:33:57.258Z"}
{"level":"info","message":"⌛ Building environment","timeElapsed":193,"timestamp":"2026-09-05T13:33:57.544Z"}
{"level":"info","message":"⌛ Validating clase59.wlk/bebidas.wlk","timeElapsed":208,"timestamp":"2026-09-05T13:33:57.775Z"}
{"level":"info","message":"⌛ Building environment","timeElapsed":162,"timestamp":"2026-09-05T13:33:57.947Z"}
{"level":"info","message":"⌛ Validating clase59.wlk/bebidas.wlk","timeElapsed":222,"timestamp":"2026-09-05T13:33:58.180Z"}
{"level":"info","message":"⌛ Building environment","timeElapsed":115,"timestamp":"2026-09-05T13:33:58.296Z"}
{"level":"info","message":"⌛ Building environment","timeElapsed":186,"timestamp":"2026-09-05T13:33:58.487Z"}
{"level":"info","message":"⌛ Validating clase59.wlk/bebidas.wlk","timeElapsed":365,"timestamp":"2026-09-05T13:33:58.952Z"}
{"level":"info","message":"⌛ Building environment","timeElapsed":191,"timestamp":"2026-09-05T13:33:59.164Z"}
{"level":"info","message":"⌛ Validating clase59.wlk/bebidas.wlk","timeElapsed":172,"timestamp":"2026-09-05T13:33:59.349Z"}
{"level":"info","message":"⌛ Building environment","timeElapsed":143,"timestamp":"2026-09-05T13:33:59.493Z"}
{"level":"info","message":"⌛ Validating clase59.wlk/bebidas.wlk","timeElapsed":156,"timestamp":"2026-09-05T13:33:59.657Z"}
{"level":"info","message":"⌛ Building environment","timeElapsed":140,"timestamp":"2026-09-05T13:33:59.798Z"}
{"level":"info","message":"⌛ Building environment","timeElapsed":148,"timestamp":"2026-09-05T13:34:00.004Z"}
{"level":"info","message":"⌛ Building environment","timeElapsed":392,"timestamp":"2026-09-05T13:34:00.452Z"}
{"level":"info","message":"⌛ Validating clase59.wlk/bebidas.wlk","timeElapsed":327,"timestamp":"2026-09-05T13:34:00.875Z"}
{"level":"info","message":"⌛ Building environment","timeElapsed":161,"timestamp":"2026-09-05T13:34:01.039Z"}
{"level":"info","message":"⌛ Validating clase59.wlk/bebidas.wlk","timeElapsed":217,"timestamp":"2026-09-05T13:34:01.256Z"}
{"level":"info","message":"⌛ Building environment","timeElapsed":140,"timestamp":"2026-09-05T13:34:01.406Z"}
{"level":"info","message":"⌛ Validating clase59.wlk/bebidas.wlk","timeElapsed":153,"timestamp":"2026-09-05T13:34:01.560Z"}
{"level":"info","message":"⌛ Validating clase59.wlk/bebidas.wlk","timeElapsed":148,"timestamp":"2026-09-05T13:34:01.721Z"}
{"level":"info","message":"⌛ Building environment","timeElapsed":387,"timestamp":"2026-09-05T13:34:02.114Z"}
{"level":"info","message":"⌛ Building environment","timeElapsed":326,"timestamp":"2026-09-05T13:34:02.453Z"}
{"level":"info","message":"⌛ Building environment","timeElapsed":174,"timestamp":"2026-09-05T13:34:02.628Z"}
{"level":"info","message":"⌛ Validating clase59.wlk/bebidas.wlk","timeElapsed":159,"timestamp":"2026-09-05T13:34:02.818Z"}
{"level":"info","message":"⌛ Building environment","timeElapsed":111,"timestamp":"2026-09-05T13:34:02.930Z"}
{"level":"info","message":"⌛ Building environment","timeElapsed":151,"timestamp":"2026-09-05T13:34:03.090Z"}
{"level":"error","message":"✘ Failed to rebuild document Failed to parse clase59.wlk/bebidas.wlk: \n-- PARSING FAILED --------------------------------------------------\n\n  12 |     \n  13 |     method\n> 14 | }\n     | ^\n  15 | \n  16 | object whisky {\n\nExpected one of the following: \n\n'!=', '!==', '%', '&&', '*', '**', '+', '-', '->', '..', '..<', '/', '<', '<<', '<<<', '<=', '<=>', '<>', '==', '===', '>', '>..', '>=', '>>', '>>>', '?:', '@', 'and', 'class', 'const', 'describe', 'invert', 'mixin', 'negate', 'object', 'only', 'or', 'package', 'plus', 'program', 'test', 'var', '{', '||', EOF, comment, identifier, not \"}\r\n\r\n\", whitespace\n","stack":"Error: Failed to parse clase59.wlk/bebidas.wlk: \n-- PARSING FAILED --------------------------------------------------\n\n  12 |     \n  13 |     method\n> 14 | }\n     | ^\n  15 | \n  16 | object whisky {\n\nExpected one of the following: \n\n'!=', '!==', '%', '&&', '*', '**', '+', '-', '->', '..', '..<', '/', '<', '<<', '<<<', '<=', '<=>', '<>', '==', '===', '>', '>..', '>=', '>>', '>>>', '?:', '@', 'and', 'class', 'const', 'describe', 'invert', 'mixin', 'negate', 'object', 'only', 'or', 'package', 'plus', 'program', 'test', 'var', '{', '||', EOF, comment, identifier, not \"}\r\n\r\n\", whitespace\n\n    at c:\\Users\\elias\\.vscode\\extensions\\uqbar.wollok-lsp-ide-0.5.5\\out\\server\\src\\server.js:2385:13026\n    at Array.map (<anonymous>)\n    at z1n (c:\\Users\\elias\\.vscode\\extensions\\uqbar.wollok-lsp-ide-0.5.5\\out\\server\\src\\server.js:2385:12950)\n    at H2.buildEnvironmentFrom (c:\\Users\\elias\\.vscode\\extensions\\uqbar.wollok-lsp-ide-0.5.5\\out\\server\\src\\server.js:2430:5254)\n    at H2.updateEnvironmentWith (c:\\Users\\elias\\.vscode\\extensions\\uqbar.wollok-lsp-ide-0.5.5\\out\\server\\src\\server.js:2430:4989)\n    at QF (c:\\Users\\elias\\.vscode\\extensions\\uqbar.wollok-lsp-ide-0.5.5\\out\\server\\src\\server.js:2430:7383)\n    at V3.invoke (c:\\Users\\elias\\.vscode\\extensions\\uqbar.wollok-lsp-ide-0.5.5\\out\\server\\src\\server.js:3:157330)\n    at o.fire (c:\\Users\\elias\\.vscode\\extensions\\uqbar.wollok-lsp-ide-0.5.5\\out\\server\\src\\server.js:3:158100)\n    at c:\\Users\\elias\\.vscode\\extensions\\uqbar.wollok-lsp-ide-0.5.5\\out\\server\\src\\server.js:37:57871\n    at nd (c:\\Users\\elias\\.vscode\\extensions\\uqbar.wollok-lsp-ide-0.5.5\\out\\server\\src\\server.js:8:1561)","timestamp":"2026-09-05T13:34:03.099Z"}
{"level":"info","message":"⌛ Validating clase59.wlk/bebidas.wlk","timeElapsed":223,"timestamp":"2026-09-05T13:34:03.325Z"}
{"level":"info","message":"⌛ Validating clase59.wlk/bebidas.wlk","timeElapsed":167,"timestamp":"2026-09-05T13:34:03.505Z"}
{"level":"info","message":"⌛ Validating clase59.wlk/bebidas.wlk","timeElapsed":346,"timestamp":"2026-09-05T13:34:03.857Z"}
{"level":"info","message":"⌛ Validating clase59.wlk/bebidas.wlk","timeElapsed":411,"timestamp":"2026-09-05T13:34:04.311Z"}
{"level":"info","message":"⌛ Validating clase59.wlk/bebidas.wlk","timeElapsed":284,"timestamp":"2026-09-05T13:34:04.614Z"}
{"level":"info","message":"⌛ Validating clase59.wlk/bebidas.wlk","timeElapsed":229,"timestamp":"2026-09-05T13:34:04.852Z"}
{"level":"info","message":"⌛ Validating clase59.wlk/bebidas.wlk","timeElapsed":168,"timestamp":"2026-09-05T13:34:05.028Z"}
{"level":"error","message":"✘ Failed to rebuild document Failed to parse clase59.wlk/bebidas.wlk: \n-- PARSING FAILED --------------------------------------------------\n\n  12 |     \n  13 |     method \n> 14 | }\n     | ^\n  15 | \n  16 | object whisky {\n\nExpected one of the following: \n\n'!=', '!==', '%', '&&', '*', '**', '+', '-', '->', '..', '..<', '/', '<', '<<', '<<<', '<=', '<=>', '<>', '==', '===', '>', '>..', '>=', '>>', '>>>', '?:', '@', 'and', 'class', 'const', 'describe', 'invert', 'mixin', 'negate', 'object', 'only', 'or', 'package', 'plus', 'program', 'test', 'var', '{', '||', EOF, comment, identifier, not \"}\r\n\r\n\", whitespace\n","stack":"Error: Failed to parse clase59.wlk/bebidas.wlk: \n-- PARSING FAILED --------------------------------------------------\n\n  12 |     \n  13 |     method \n> 14 | }\n     | ^\n  15 | \n  16 | object whisky {\n\nExpected one of the following: \n\n'!=', '!==', '%', '&&', '*', '**', '+', '-', '->', '..', '..<', '/', '<', '<<', '<<<', '<=', '<=>', '<>', '==', '===', '>', '>..', '>=', '>>', '>>>', '?:', '@', 'and', 'class', 'const', 'describe', 'invert', 'mixin', 'negate', 'object', 'only', 'or', 'package', 'plus', 'program', 'test', 'var', '{', '||', EOF, comment, identifier, not \"}\r\n\r\n\", whitespace\n\n    at c:\\Users\\elias\\.vscode\\extensions\\uqbar.wollok-lsp-ide-0.5.5\\out\\server\\src\\server.js:2385:13026\n    at Array.map (<anonymous>)\n    at z1n (c:\\Users\\elias\\.vscode\\extensions\\uqbar.wollok-lsp-ide-0.5.5\\out\\server\\src\\server.js:2385:12950)\n    at H2.buildEnvironmentFrom (c:\\Users\\elias\\.vscode\\extensions\\uqbar.wollok-lsp-ide-0.5.5\\out\\server\\src\\server.js:2430:5254)\n    at H2.updateEnvironmentWith (c:\\Users\\elias\\.vscode\\extensions\\uqbar.wollok-lsp-ide-0.5.5\\out\\server\\src\\server.js:2430:4989)\n    at QF (c:\\Users\\elias\\.vscode\\extensions\\uqbar.wollok-lsp-ide-0.5.5\\out\\server\\src\\server.js:2430:7383)\n    at V3.invoke (c:\\Users\\elias\\.vscode\\extensions\\uqbar.wollok-lsp-ide-0.5.5\\out\\server\\src\\server.js:3:157330)\n    at o.fire (c:\\Users\\elias\\.vscode\\extensions\\uqbar.wollok-lsp-ide-0.5.5\\out\\server\\src\\server.js:3:158100)\n    at c:\\Users\\elias\\.vscode\\extensions\\uqbar.wollok-lsp-ide-0.5.5\\out\\server\\src\\server.js:37:57871\n    at nd (c:\\Users\\elias\\.vscode\\extensions\\uqbar.wollok-lsp-ide-0.5.5\\out\\server\\src\\server.js:8:1561)","timestamp":"2026-09-05T13:34:14.932Z"}
{"level":"error","message":"✘ Failed to rebuild document Failed to parse clase59.wlk/bebidas.wlk: \n-- PARSING FAILED --------------------------------------------------\n\n  12 |     v\n  13 |     method \n> 14 | }\n     | ^\n  15 | \n  16 | object whisky {\n\nExpected one of the following: \n\n'!=', '!==', '%', '&&', '*', '**', '+', '-', '->', '..', '..<', '/', '<', '<<', '<<<', '<=', '<=>', '<>', '==', '===', '>', '>..', '>=', '>>', '>>>', '?:', '@', 'and', 'class', 'const', 'describe', 'invert', 'mixin', 'negate', 'object', 'only', 'or', 'package', 'plus', 'program', 'test', 'var', '{', '||', EOF, comment, identifier, not \"}\r\n\r\n\", whitespace\n","stack":"Error: Failed to parse clase59.wlk/bebidas.wlk: \n-- PARSING FAILED --------------------------------------------------\n\n  12 |     v\n  13 |     method \n> 14 | }\n     | ^\n  15 | \n  16 | object whisky {\n\nExpected one of the following: \n\n'!=', '!==', '%', '&&', '*', '**', '+', '-', '->', '..', '..<', '/', '<', '<<', '<<<', '<=', '<=>', '<>', '==', '===', '>', '>..', '>=', '>>', '>>>', '?:', '@', 'and', 'class', 'const', 'describe', 'invert', 'mixin', 'negate', 'object', 'only', 'or', 'package', 'plus', 'program', 'test', 'var', '{', '||', EOF, comment, identifier, not \"}\r\n\r\n\", whitespace\n\n    at c:\\Users\\elias\\.vscode\\extensions\\uqbar.wollok-lsp-ide-0.5.5\\out\\server\\src\\server.js:2385:13026\n    at Array.map (<anonymous>)\n    at z1n (c:\\Users\\elias\\.vscode\\extensions\\uqbar.wollok-lsp-ide-0.5.5\\out\\server\\src\\server.js:2385:12950)\n    at H2.buildEnvironmentFrom (c:\\Users\\elias\\.vscode\\extensions\\uqbar.wollok-lsp-ide-0.5.5\\out\\server\\src\\server.js:2430:5254)\n    at H2.updateEnvironmentWith (c:\\Users\\elias\\.vscode\\extensions\\uqbar.wollok-lsp-ide-0.5.5\\out\\server\\src\\server.js:2430:4989)\n    at QF (c:\\Users\\elias\\.vscode\\extensions\\uqbar.wollok-lsp-ide-0.5.5\\out\\server\\src\\server.js:2430:7383)\n    at V3.invoke (c:\\Users\\elias\\.vscode\\extensions\\uqbar.wollok-lsp-ide-0.5.5\\out\\server\\src\\server.js:3:157330)\n    at o.fire (c:\\Users\\elias\\.vscode\\extensions\\uqbar.wollok-lsp-ide-0.5.5\\out\\server\\src\\server.js:3:158100)\n    at c:\\Users\\elias\\.vscode\\extensions\\uqbar.wollok-lsp-ide-0.5.5\\out\\server\\src\\server.js:37:57871\n    at nd (c:\\Users\\elias\\.vscode\\extensions\\uqbar.wollok-lsp-ide-0.5.5\\out\\server\\src\\server.js:8:1561)","timestamp":"2026-09-05T13:34:17.678Z"}
{"level":"error","message":"✘ Failed to rebuild document Failed to parse clase59.wlk/bebidas.wlk: \n-- PARSING FAILED --------------------------------------------------\n\n  12 |     va\n  13 |     method \n> 14 | }\n     | ^\n  15 | \n  16 | object whisky {\n\nExpected one of the following: \n\n'!=', '!==', '%', '&&', '*', '**', '+', '-', '->', '..', '..<', '/', '<', '<<', '<<<', '<=', '<=>', '<>', '==', '===', '>', '>..', '>=', '>>', '>>>', '?:', '@', 'and', 'class', 'const', 'describe', 'invert', 'mixin', 'negate', 'object', 'only', 'or', 'package', 'plus', 'program', 'test', 'var', '{', '||', EOF, comment, identifier, not \"}\r\n\r\n\", whitespace\n","stack":"Error: Failed to parse clase59.wlk/bebidas.wlk: \n-- PARSING FAILED --------------------------------------------------\n\n  12 |     va\n  13 |     method \n> 14 | }\n     | ^\n  15 | \n  16 | object whisky {\n\nExpected one of the following: \n\n'!=', '!==', '%', '&&', '*', '**', '+', '-', '->', '..', '..<', '/', '<', '<<', '<<<', '<=', '<=>', '<>', '==', '===', '>', '>..', '>=', '>>', '>>>', '?:', '@', 'and', 'class', 'const', 'describe', 'invert', 'mixin', 'negate', 'object', 'only', 'or', 'package', 'plus', 'program', 'test', 'var', '{', '||', EOF, comment, identifier, not \"}\r\n\r\n\", whitespace\n\n    at c:\\Users\\elias\\.vscode\\extensions\\uqbar.wollok-lsp-ide-0.5.5\\out\\server\\src\\server.js:2385:13026\n    at Array.map (<anonymous>)\n    at z1n (c:\\Users\\elias\\.vscode\\extensions\\uqbar.wollok-lsp-ide-0.5.5\\out\\server\\src\\server.js:2385:12950)\n    at H2.buildEnvironmentFrom (c:\\Users\\elias\\.vscode\\extensions\\uqbar.wollok-lsp-ide-0.5.5\\out\\server\\src\\server.js:2430:5254)\n    at H2.updateEnvironmentWith (c:\\Users\\elias\\.vscode\\extensions\\uqbar.wollok-lsp-ide-0.5.5\\out\\server\\src\\server.js:2430:4989)\n    at QF (c:\\Users\\elias\\.vscode\\extensions\\uqbar.wollok-lsp-ide-0.5.5\\out\\server\\src\\server.js:2430:7383)\n    at V3.invoke (c:\\Users\\elias\\.vscode\\extensions\\uqbar.wollok-lsp-ide-0.5.5\\out\\server\\src\\server.js:3:157330)\n    at o.fire (c:\\Users\\elias\\.vscode\\extensions\\uqbar.wollok-lsp-ide-0.5.5\\out\\server\\src\\server.js:3:158100)\n    at c:\\Users\\elias\\.vscode\\extensions\\uqbar.wollok-lsp-ide-0.5.5\\out\\server\\src\\server.js:37:57871\n    at nd (c:\\Users\\elias\\.vscode\\extensions\\uqbar.wollok-lsp-ide-0.5.5\\out\\server\\src\\server.js:8:1561)","timestamp":"2026-09-05T13:34:17.776Z"}
{"level":"info","message":"⌛ Building environment","timeElapsed":106,"timestamp":"2026-09-05T13:34:18.154Z"}
{"level":"info","message":"⌛ Validating clase59.wlk/bebidas.wlk","timeElapsed":196,"timestamp":"2026-09-05T13:34:18.367Z"}
{"level":"info","message":"⌛ Building environment","timeElapsed":152,"timestamp":"2026-09-05T13:34:18.521Z"}
{"level":"info","message":"⌛ Validating clase59.wlk/bebidas.wlk","timeElapsed":286,"timestamp":"2026-09-05T13:34:18.809Z"}
{"level":"error","message":"✘ Failed to rebuild document Failed to parse clase59.wlk/bebidas.wlk: \n-- PARSING FAILED --------------------------------------------------\n\n  12 |     var b\n  13 |     method \n> 14 | }\n     | ^\n  15 | \n  16 | object whisky {\n\nExpected one of the following: \n\n'!=', '!==', '%', '&&', '*', '**', '+', '-', '->', '..', '..<', '/', '<', '<<', '<<<', '<=', '<=>', '<>', '==', '===', '>', '>..', '>=', '>>', '>>>', '?:', '@', 'and', 'class', 'const', 'describe', 'invert', 'mixin', 'negate', 'object', 'only', 'or', 'package', 'plus', 'program', 'test', 'var', '{', '||', EOF, comment, identifier, not \"}\r\n\r\n\", whitespace\n","stack":"Error: Failed to parse clase59.wlk/bebidas.wlk: \n-- PARSING FAILED --------------------------------------------------\n\n  12 |     var b\n  13 |     method \n> 14 | }\n     | ^\n  15 | \n  16 | object whisky {\n\nExpected one of the following: \n\n'!=', '!==', '%', '&&', '*', '**', '+', '-', '->', '..', '..<', '/', '<', '<<', '<<<', '<=', '<=>', '<>', '==', '===', '>', '>..', '>=', '>>', '>>>', '?:', '@', 'and', 'class', 'const', 'describe', 'invert', 'mixin', 'negate', 'object', 'only', 'or', 'package', 'plus', 'program', 'test', 'var', '{', '||', EOF, comment, identifier, not \"}\r\n\r\n\", whitespace\n\n    at c:\\Users\\elias\\.vscode\\extensions\\uqbar.wollok-lsp-ide-0.5.5\\out\\server\\src\\server.js:2385:13026\n    at Array.map (<anonymous>)\n    at z1n (c:\\Users\\elias\\.vscode\\extensions\\uqbar.wollok-lsp-ide-0.5.5\\out\\server\\src\\server.js:2385:12950)\n    at H2.buildEnvironmentFrom (c:\\Users\\elias\\.vscode\\extensions\\uqbar.wollok-lsp-ide-0.5.5\\out\\server\\src\\server.js:2430:5254)\n    at H2.updateEnvironmentWith (c:\\Users\\elias\\.vscode\\extensions\\uqbar.wollok-lsp-ide-0.5.5\\out\\server\\src\\server.js:2430:4989)\n    at QF (c:\\Users\\elias\\.vscode\\extensions\\uqbar.wollok-lsp-ide-0.5.5\\out\\server\\src\\server.js:2430:7383)\n    at V3.invoke (c:\\Users\\elias\\.vscode\\extensions\\uqbar.wollok-lsp-ide-0.5.5\\out\\server\\src\\server.js:3:157330)\n    at o.fire (c:\\Users\\elias\\.vscode\\extensions\\uqbar.wollok-lsp-ide-0.5.5\\out\\server\\src\\server.js:3:158100)\n    at c:\\Users\\elias\\.vscode\\extensions\\uqbar.wollok-lsp-ide-0.5.5\\out\\server\\src\\server.js:37:57871\n    at nd (c:\\Users\\elias\\.vscode\\extensions\\uqbar.wollok-lsp-ide-0.5.5\\out\\server\\src\\server.js:8:1561)","timestamp":"2026-09-05T13:34:18.942Z"}
{"level":"error","message":"✘ Failed to rebuild document Failed to parse clase59.wlk/bebidas.wlk: \n-- PARSING FAILED --------------------------------------------------\n\n  12 |     var be\n  13 |     method \n> 14 | }\n     | ^\n  15 | \n  16 | object whisky {\n\nExpected one of the following: \n\n'!=', '!==', '%', '&&', '*', '**', '+', '-', '->', '..', '..<', '/', '<', '<<', '<<<', '<=', '<=>', '<>', '==', '===', '>', '>..', '>=', '>>', '>>>', '?:', '@', 'and', 'class', 'const', 'describe', 'invert', 'mixin', 'negate', 'object', 'only', 'or', 'package', 'plus', 'program', 'test', 'var', '{', '||', EOF, comment, identifier, not \"}\r\n\r\n\", whitespace\n","stack":"Error: Failed to parse clase59.wlk/bebidas.wlk: \n-- PARSING FAILED --------------------------------------------------\n\n  12 |     var be\n  13 |     method \n> 14 | }\n     | ^\n  15 | \n  16 | object whisky {\n\nExpected one of the following: \n\n'!=', '!==', '%', '&&', '*', '**', '+', '-', '->', '..', '..<', '/', '<', '<<', '<<<', '<=', '<=>', '<>', '==', '===', '>', '>..', '>=', '>>', '>>>', '?:', '@', 'and', 'class', 'const', 'describe', 'invert', 'mixin', 'negate', 'object', 'only', 'or', 'package', 'plus', 'program', 'test', 'var', '{', '||', EOF, comment, identifier, not \"}\r\n\r\n\", whitespace\n\n    at c:\\Users\\elias\\.vscode\\extensions\\uqbar.wollok-lsp-ide-0.5.5\\out\\server\\src\\server.js:2385:13026\n    at Array.map (<anonymous>)\n    at z1n (c:\\Users\\elias\\.vscode\\extensions\\uqbar.wollok-lsp-ide-0.5.5\\out\\server\\src\\server.js:2385:12950)\n    at H2.buildEnvironmentFrom (c:\\Users\\elias\\.vscode\\extensions\\uqbar.wollok-lsp-ide-0.5.5\\out\\server\\src\\server.js:2430:5254)\n    at H2.updateEnvironmentWith (c:\\Users\\elias\\.vscode\\extensions\\uqbar.wollok-lsp-ide-0.5.5\\out\\server\\src\\server.js:2430:4989)\n    at QF (c:\\Users\\elias\\.vscode\\extensions\\uqbar.wollok-lsp-ide-0.5.5\\out\\server\\src\\server.js:2430:7383)\n    at V3.invoke (c:\\Users\\elias\\.vscode\\extensions\\uqbar.wollok-lsp-ide-0.5.5\\out\\server\\src\\server.js:3:157330)\n    at o.fire (c:\\Users\\elias\\.vscode\\extensions\\uqbar.wollok-lsp-ide-0.5.5\\out\\server\\src\\server.js:3:158100)\n    at c:\\Users\\elias\\.vscode\\extensions\\uqbar.wollok-lsp-ide-0.5.5\\out\\server\\src\\server.js:37:57871\n    at nd (c:\\Users\\elias\\.vscode\\extensions\\uqbar.wollok-lsp-ide-0.5.5\\out\\server\\src\\server.js:8:1561)","timestamp":"2026-09-05T13:34:19.062Z"}
{"level":"error","message":"✘ Failed to rebuild document Failed to parse clase59.wlk/bebidas.wlk: \n-- PARSING FAILED --------------------------------------------------\n\n  12 |     var beb\n  13 |     method \n> 14 | }\n     | ^\n  15 | \n  16 | object whisky {\n\nExpected one of the following: \n\n'!=', '!==', '%', '&&', '*', '**', '+', '-', '->', '..', '..<', '/', '<', '<<', '<<<', '<=', '<=>', '<>', '==', '===', '>', '>..', '>=', '>>', '>>>', '?:', '@', 'and', 'class', 'const', 'describe', 'invert', 'mixin', 'negate', 'object', 'only', 'or', 'package', 'plus', 'program', 'test', 'var', '{', '||', EOF, comment, identifier, not \"}\r\n\r\n\", whitespace\n","stack":"Error: Failed to parse clase59.wlk/bebidas.wlk: \n-- PARSING FAILED --------------------------------------------------\n\n  12 |     var beb\n  13 |     method \n> 14 | }\n     | ^\n  15 | \n  16 | object whisky {\n\nExpected one of the following: \n\n'!=', '!==', '%', '&&', '*', '**', '+', '-', '->', '..', '..<', '/', '<', '<<', '<<<', '<=', '<=>', '<>', '==', '===', '>', '>..', '>=', '>>', '>>>', '?:', '@', 'and', 'class', 'const', 'describe', 'invert', 'mixin', 'negate', 'object', 'only', 'or', 'package', 'plus', 'program', 'test', 'var', '{', '||', EOF, comment, identifier, not \"}\r\n\r\n\", whitespace\n\n    at c:\\Users\\elias\\.vscode\\extensions\\uqbar.wollok-lsp-ide-0.5.5\\out\\server\\src\\server.js:2385:13026\n    at Array.map (<anonymous>)\n    at z1n (c:\\Users\\elias\\.vscode\\extensions\\uqbar.wollok-lsp-ide-0.5.5\\out\\server\\src\\server.js:2385:12950)\n    at H2.buildEnvironmentFrom (c:\\Users\\elias\\.vscode\\extensions\\uqbar.wollok-lsp-ide-0.5.5\\out\\server\\src\\server.js:2430:5254)\n    at H2.updateEnvironmentWith (c:\\Users\\elias\\.vscode\\extensions\\uqbar.wollok-lsp-ide-0.5.5\\out\\server\\src\\server.js:2430:4989)\n    at QF (c:\\Users\\elias\\.vscode\\extensions\\uqbar.wollok-lsp-ide-0.5.5\\out\\server\\src\\server.js:2430:7383)\n    at V3.invoke (c:\\Users\\elias\\.vscode\\extensions\\uqbar.wollok-lsp-ide-0.5.5\\out\\server\\src\\server.js:3:157330)\n    at o.fire (c:\\Users\\elias\\.vscode\\extensions\\uqbar.wollok-lsp-ide-0.5.5\\out\\server\\src\\server.js:3:158100)\n    at c:\\Users\\elias\\.vscode\\extensions\\uqbar.wollok-lsp-ide-0.5.5\\out\\server\\src\\server.js:37:57871\n    at nd (c:\\Users\\elias\\.vscode\\extensions\\uqbar.wollok-lsp-ide-0.5.5\\out\\server\\src\\server.js:8:1561)","timestamp":"2026-09-05T13:34:19.160Z"}
{"level":"error","message":"✘ Failed to rebuild document Failed to parse clase59.wlk/bebidas.wlk: \n-- PARSING FAILED --------------------------------------------------\n\n  12 |     var bebd\n  13 |     method \n> 14 | }\n     | ^\n  15 | \n  16 | object whisky {\n\nExpected one of the following: \n\n'!=', '!==', '%', '&&', '*', '**', '+', '-', '->', '..', '..<', '/', '<', '<<', '<<<', '<=', '<=>', '<>', '==', '===', '>', '>..', '>=', '>>', '>>>', '?:', '@', 'and', 'class', 'const', 'describe', 'invert', 'mixin', 'negate', 'object', 'only', 'or', 'package', 'plus', 'program', 'test', 'var', '{', '||', EOF, comment, identifier, not \"}\r\n\r\n\", whitespace\n","stack":"Error: Failed to parse clase59.wlk/bebidas.wlk: \n-- PARSING FAILED --------------------------------------------------\n\n  12 |     var bebd\n  13 |     method \n> 14 | }\n     | ^\n  15 | \n  16 | object whisky {\n\nExpected one of the following: \n\n'!=', '!==', '%', '&&', '*', '**', '+', '-', '->', '..', '..<', '/', '<', '<<', '<<<', '<=', '<=>', '<>', '==', '===', '>', '>..', '>=', '>>', '>>>', '?:', '@', 'and', 'class', 'const', 'describe', 'invert', 'mixin', 'negate', 'object', 'only', 'or', 'package', 'plus', 'program', 'test', 'var', '{', '||', EOF, comment, identifier, not \"}\r\n\r\n\", whitespace\n\n    at c:\\Users\\elias\\.vscode\\extensions\\uqbar.wollok-lsp-ide-0.5.5\\out\\server\\src\\server.js:2385:13026\n    at Array.map (<anonymous>)\n    at z1n (c:\\Users\\elias\\.vscode\\extensions\\uqbar.wollok-lsp-ide-0.5.5\\out\\server\\src\\server.js:2385:12950)\n    at H2.buildEnvironmentFrom (c:\\Users\\elias\\.vscode\\extensions\\uqbar.wollok-lsp-ide-0.5.5\\out\\server\\src\\server.js:2430:5254)\n    at H2.updateEnvironmentWith (c:\\Users\\elias\\.vscode\\extensions\\uqbar.wollok-lsp-ide-0.5.5\\out\\server\\src\\server.js:2430:4989)\n    at QF (c:\\Users\\elias\\.vscode\\extensions\\uqbar.wollok-lsp-ide-0.5.5\\out\\server\\src\\server.js:2430:7383)\n    at V3.invoke (c:\\Users\\elias\\.vscode\\extensions\\uqbar.wollok-lsp-ide-0.5.5\\out\\server\\src\\server.js:3:157330)\n    at o.fire (c:\\Users\\elias\\.vscode\\extensions\\uqbar.wollok-lsp-ide-0.5.5\\out\\server\\src\\server.js:3:158100)\n    at c:\\Users\\elias\\.vscode\\extensions\\uqbar.wollok-lsp-ide-0.5.5\\out\\server\\src\\server.js:37:57871\n    at nd (c:\\Users\\elias\\.vscode\\extensions\\uqbar.wollok-lsp-ide-0.5.5\\out\\server\\src\\server.js:8:1561)","timestamp":"2026-09-05T13:34:19.453Z"}
{"level":"error","message":"✘ Failed to rebuild document Failed to parse clase59.wlk/bebidas.wlk: \n-- PARSING FAILED --------------------------------------------------\n\n  12 |     var beb\n  13 |     method \n> 14 | }\n     | ^\n  15 | \n  16 | object whisky {\n\nExpected one of the following: \n\n'!=', '!==', '%', '&&', '*', '**', '+', '-', '->', '..', '..<', '/', '<', '<<', '<<<', '<=', '<=>', '<>', '==', '===', '>', '>..', '>=', '>>', '>>>', '?:', '@', 'and', 'class', 'const', 'describe', 'invert', 'mixin', 'negate', 'object', 'only', 'or', 'package', 'plus', 'program', 'test', 'var', '{', '||', EOF, comment, identifier, not \"}\r\n\r\n\", whitespace\n","stack":"Error: Failed to parse clase59.wlk/bebidas.wlk: \n-- PARSING FAILED --------------------------------------------------\n\n  12 |     var beb\n  13 |     method \n> 14 | }\n     | ^\n  15 | \n  16 | object whisky {\n\nExpected one of the following: \n\n'!=', '!==', '%', '&&', '*', '**', '+', '-', '->', '..', '..<', '/', '<', '<<', '<<<', '<=', '<=>', '<>', '==', '===', '>', '>..', '>=', '>>', '>>>', '?:', '@', 'and', 'class', 'const', 'describe', 'invert', 'mixin', 'negate', 'object', 'only', 'or', 'package', 'plus', 'program', 'test', 'var', '{', '||', EOF, comment, identifier, not \"}\r\n\r\n\", whitespace\n\n    at c:\\Users\\elias\\.vscode\\extensions\\uqbar.wollok-lsp-ide-0.5.5\\out\\server\\src\\server.js:2385:13026\n    at Array.map (<anonymous>)\n    at z1n (c:\\Users\\elias\\.vscode\\extensions\\uqbar.wollok-lsp-ide-0.5.5\\out\\server\\src\\server.js:2385:12950)\n    at H2.buildEnvironmentFrom (c:\\Users\\elias\\.vscode\\extensions\\uqbar.wollok-lsp-ide-0.5.5\\out\\server\\src\\server.js:2430:5254)\n    at H2.updateEnvironmentWith (c:\\Users\\elias\\.vscode\\extensions\\uqbar.wollok-lsp-ide-0.5.5\\out\\server\\src\\server.js:2430:4989)\n    at QF (c:\\Users\\elias\\.vscode\\extensions\\uqbar.wollok-lsp-ide-0.5.5\\out\\server\\src\\server.js:2430:7383)\n    at V3.invoke (c:\\Users\\elias\\.vscode\\extensions\\uqbar.wollok-lsp-ide-0.5.5\\out\\server\\src\\server.js:3:157330)\n    at o.fire (c:\\Users\\elias\\.vscode\\extensions\\uqbar.wollok-lsp-ide-0.5.5\\out\\server\\src\\server.js:3:158100)\n    at c:\\Users\\elias\\.vscode\\extensions\\uqbar.wollok-lsp-ide-0.5.5\\out\\server\\src\\server.js:37:57871\n    at nd (c:\\Users\\elias\\.vscode\\extensions\\uqbar.wollok-lsp-ide-0.5.5\\out\\server\\src\\server.js:8:1561)","timestamp":"2026-09-05T13:34:19.936Z"}
{"level":"error","message":"✘ Failed to rebuild document Failed to parse clase59.wlk/bebidas.wlk: \n-- PARSING FAILED --------------------------------------------------\n\n  12 |     var bebi\n  13 |     method \n> 14 | }\n     | ^\n  15 | \n  16 | object whisky {\n\nExpected one of the following: \n\n'!=', '!==', '%', '&&', '*', '**', '+', '-', '->', '..', '..<', '/', '<', '<<', '<<<', '<=', '<=>', '<>', '==', '===', '>', '>..', '>=', '>>', '>>>', '?:', '@', 'and', 'class', 'const', 'describe', 'invert', 'mixin', 'negate', 'object', 'only', 'or', 'package', 'plus', 'program', 'test', 'var', '{', '||', EOF, comment, identifier, not \"}\r\n\r\n\", whitespace\n","stack":"Error: Failed to parse clase59.wlk/bebidas.wlk: \n-- PARSING FAILED --------------------------------------------------\n\n  12 |     var bebi\n  13 |     method \n> 14 | }\n     | ^\n  15 | \n  16 | object whisky {\n\nExpected one of the following: \n\n'!=', '!==', '%', '&&', '*', '**', '+', '-', '->', '..', '..<', '/', '<', '<<', '<<<', '<=', '<=>', '<>', '==', '===', '>', '>..', '>=', '>>', '>>>', '?:', '@', 'and', 'class', 'const', 'describe', 'invert', 'mixin', 'negate', 'object', 'only', 'or', 'package', 'plus', 'program', 'test', 'var', '{', '||', EOF, comment, identifier, not \"}\r\n\r\n\", whitespace\n\n    at c:\\Users\\elias\\.vscode\\extensions\\uqbar.wollok-lsp-ide-0.5.5\\out\\server\\src\\server.js:2385:13026\n    at Array.map (<anonymous>)\n    at z1n (c:\\Users\\elias\\.vscode\\extensions\\uqbar.wollok-lsp-ide-0.5.5\\out\\server\\src\\server.js:2385:12950)\n    at H2.buildEnvironmentFrom (c:\\Users\\elias\\.vscode\\extensions\\uqbar.wollok-lsp-ide-0.5.5\\out\\server\\src\\server.js:2430:5254)\n    at H2.updateEnvironmentWith (c:\\Users\\elias\\.vscode\\extensions\\uqbar.wollok-lsp-ide-0.5.5\\out\\server\\src\\server.js:2430:4989)\n    at QF (c:\\Users\\elias\\.vscode\\extensions\\uqbar.wollok-lsp-ide-0.5.5\\out\\server\\src\\server.js:2430:7383)\n    at V3.invoke (c:\\Users\\elias\\.vscode\\extensions\\uqbar.wollok-lsp-ide-0.5.5\\out\\server\\src\\server.js:3:157330)\n    at o.fire (c:\\Users\\elias\\.vscode\\extensions\\uqbar.wollok-lsp-ide-0.5.5\\out\\server\\src\\server.js:3:158100)\n    at c:\\Users\\elias\\.vscode\\extensions\\uqbar.wollok-lsp-ide-0.5.5\\out\\server\\src\\server.js:37:57871\n    at nd (c:\\Users\\elias\\.vscode\\extensions\\uqbar.wollok-lsp-ide-0.5.5\\out\\server\\src\\server.js:8:1561)","timestamp":"2026-09-05T13:34:20.208Z"}
{"level":"error","message":"✘ Failed to rebuild document Failed to parse clase59.wlk/bebidas.wlk: \n-- PARSING FAILED --------------------------------------------------\n\n  12 |     var bebid\n  13 |     method \n> 14 | }\n     | ^\n  15 | \n  16 | object whisky {\n\nExpected one of the following: \n\n'!=', '!==', '%', '&&', '*', '**', '+', '-', '->', '..', '..<', '/', '<', '<<', '<<<', '<=', '<=>', '<>', '==', '===', '>', '>..', '>=', '>>', '>>>', '?:', '@', 'and', 'class', 'const', 'describe', 'invert', 'mixin', 'negate', 'object', 'only', 'or', 'package', 'plus', 'program', 'test', 'var', '{', '||', EOF, comment, identifier, not \"}\r\n\r\n\", whitespace\n","stack":"Error: Failed to parse clase59.wlk/bebidas.wlk: \n-- PARSING FAILED --------------------------------------------------\n\n  12 |     var bebid\n  13 |     method \n> 14 | }\n     | ^\n  15 | \n  16 | object whisky {\n\nExpected one of the following: \n\n'!=', '!==', '%', '&&', '*', '**', '+', '-', '->', '..', '..<', '/', '<', '<<', '<<<', '<=', '<=>', '<>', '==', '===', '>', '>..', '>=', '>>', '>>>', '?:', '@', 'and', 'class', 'const', 'describe', 'invert', 'mixin', 'negate', 'object', 'only', 'or', 'package', 'plus', 'program', 'test', 'var', '{', '||', EOF, comment, identifier, not \"}\r\n\r\n\", whitespace\n\n    at c:\\Users\\elias\\.vscode\\extensions\\uqbar.wollok-lsp-ide-0.5.5\\out\\server\\src\\server.js:2385:13026\n    at Array.map (<anonymous>)\n    at z1n (c:\\Users\\elias\\.vscode\\extensions\\uqbar.wollok-lsp-ide-0.5.5\\out\\server\\src\\server.js:2385:12950)\n    at H2.buildEnvironmentFrom (c:\\Users\\elias\\.vscode\\extensions\\uqbar.wollok-lsp-ide-0.5.5\\out\\server\\src\\server.js:2430:5254)\n    at H2.updateEnvironmentWith (c:\\Users\\elias\\.vscode\\extensions\\uqbar.wollok-lsp-ide-0.5.5\\out\\server\\src\\server.js:2430:4989)\n    at QF (c:\\Users\\elias\\.vscode\\extensions\\uqbar.wollok-lsp-ide-0.5.5\\out\\server\\src\\server.js:2430:7383)\n    at V3.invoke (c:\\Users\\elias\\.vscode\\extensions\\uqbar.wollok-lsp-ide-0.5.5\\out\\server\\src\\server.js:3:157330)\n    at o.fire (c:\\Users\\elias\\.vscode\\extensions\\uqbar.wollok-lsp-ide-0.5.5\\out\\server\\src\\server.js:3:158100)\n    at c:\\Users\\elias\\.vscode\\extensions\\uqbar.wollok-lsp-ide-0.5.5\\out\\server\\src\\server.js:37:57871\n    at nd (c:\\Users\\elias\\.vscode\\extensions\\uqbar.wollok-lsp-ide-0.5.5\\out\\server\\src\\server.js:8:1561)","timestamp":"2026-09-05T13:34:20.299Z"}
{"level":"error","message":"✘ Failed to rebuild document Failed to parse clase59.wlk/bebidas.wlk: \n-- PARSING FAILED --------------------------------------------------\n\n  12 |     var bebida\n  13 |     method \n> 14 | }\n     | ^\n  15 | \n  16 | object whisky {\n\nExpected one of the following: \n\n'!=', '!==', '%', '&&', '*', '**', '+', '-', '->', '..', '..<', '/', '<', '<<', '<<<', '<=', '<=>', '<>', '==', '===', '>', '>..', '>=', '>>', '>>>', '?:', '@', 'and', 'class', 'const', 'describe', 'invert', 'mixin', 'negate', 'object', 'only', 'or', 'package', 'plus', 'program', 'test', 'var', '{', '||', EOF, comment, identifier, not \"}\r\n\r\n\", whitespace\n","stack":"Error: Failed to parse clase59.wlk/bebidas.wlk: \n-- PARSING FAILED --------------------------------------------------\n\n  12 |     var bebida\n  13 |     method \n> 14 | }\n     | ^\n  15 | \n  16 | object whisky {\n\nExpected one of the following: \n\n'!=', '!==', '%', '&&', '*', '**', '+', '-', '->', '..', '..<', '/', '<', '<<', '<<<', '<=', '<=>', '<>', '==', '===', '>', '>..', '>=', '>>', '>>>', '?:', '@', 'and', 'class', 'const', 'describe', 'invert', 'mixin', 'negate', 'object', 'only', 'or', 'package', 'plus', 'program', 'test', 'var', '{', '||', EOF, comment, identifier, not \"}\r\n\r\n\", whitespace\n\n    at c:\\Users\\elias\\.vscode\\extensions\\uqbar.wollok-lsp-ide-0.5.5\\out\\server\\src\\server.js:2385:13026\n    at Array.map (<anonymous>)\n    at z1n (c:\\Users\\elias\\.vscode\\extensions\\uqbar.wollok-lsp-ide-0.5.5\\out\\server\\src\\server.js:2385:12950)\n    at H2.buildEnvironmentFrom (c:\\Users\\elias\\.vscode\\extensions\\uqbar.wollok-lsp-ide-0.5.5\\out\\server\\src\\server.js:2430:5254)\n    at H2.updateEnvironmentWith (c:\\Users\\elias\\.vscode\\extensions\\uqbar.wollok-lsp-ide-0.5.5\\out\\server\\src\\server.js:2430:4989)\n    at QF (c:\\Users\\elias\\.vscode\\extensions\\uqbar.wollok-lsp-ide-0.5.5\\out\\server\\src\\server.js:2430:7383)\n    at V3.invoke (c:\\Users\\elias\\.vscode\\extensions\\uqbar.wollok-lsp-ide-0.5.5\\out\\server\\src\\server.js:3:157330)\n    at o.fire (c:\\Users\\elias\\.vscode\\extensions\\uqbar.wollok-lsp-ide-0.5.5\\out\\server\\src\\server.js:3:158100)\n    at c:\\Users\\elias\\.vscode\\extensions\\uqbar.wollok-lsp-ide-0.5.5\\out\\server\\src\\server.js:37:57871\n    at nd (c:\\Users\\elias\\.vscode\\extensions\\uqbar.wollok-lsp-ide-0.5.5\\out\\server\\src\\server.js:8:1561)","timestamp":"2026-09-05T13:34:20.383Z"}
{"level":"error","message":"✘ Failed to rebuild document Failed to parse clase59.wlk/bebidas.wlk: \n-- PARSING FAILED --------------------------------------------------\n\n  12 |     var bebidaC\n  13 |     method \n> 14 | }\n     | ^\n  15 | \n  16 | object whisky {\n\nExpected one of the following: \n\n'!=', '!==', '%', '&&', '*', '**', '+', '-', '->', '..', '..<', '/', '<', '<<', '<<<', '<=', '<=>', '<>', '==', '===', '>', '>..', '>=', '>>', '>>>', '?:', '@', 'and', 'class', 'const', 'describe', 'invert', 'mixin', 'negate', 'object', 'only', 'or', 'package', 'plus', 'program', 'test', 'var', '{', '||', EOF, comment, identifier, not \"}\r\n\r\n\", whitespace\n","stack":"Error: Failed to parse clase59.wlk/bebidas.wlk: \n-- PARSING FAILED --------------------------------------------------\n\n  12 |     var bebidaC\n  13 |     method \n> 14 | }\n     | ^\n  15 | \n  16 | object whisky {\n\nExpected one of the following: \n\n'!=', '!==', '%', '&&', '*', '**', '+', '-', '->', '..', '..<', '/', '<', '<<', '<<<', '<=', '<=>', '<>', '==', '===', '>', '>..', '>=', '>>', '>>>', '?:', '@', 'and', 'class', 'const', 'describe', 'invert', 'mixin', 'negate', 'object', 'only', 'or', 'package', 'plus', 'program', 'test', 'var', '{', '||', EOF, comment, identifier, not \"}\r\n\r\n\", whitespace\n\n    at c:\\Users\\elias\\.vscode\\extensions\\uqbar.wollok-lsp-ide-0.5.5\\out\\server\\src\\server.js:2385:13026\n    at Array.map (<anonymous>)\n    at z1n (c:\\Users\\elias\\.vscode\\extensions\\uqbar.wollok-lsp-ide-0.5.5\\out\\server\\src\\server.js:2385:12950)\n    at H2.buildEnvironmentFrom (c:\\Users\\elias\\.vscode\\extensions\\uqbar.wollok-lsp-ide-0.5.5\\out\\server\\src\\server.js:2430:5254)\n    at H2.updateEnvironmentWith (c:\\Users\\elias\\.vscode\\extensions\\uqbar.wollok-lsp-ide-0.5.5\\out\\server\\src\\server.js:2430:4989)\n    at QF (c:\\Users\\elias\\.vscode\\extensions\\uqbar.wollok-lsp-ide-0.5.5\\out\\server\\src\\server.js:2430:7383)\n    at V3.invoke (c:\\Users\\elias\\.vscode\\extensions\\uqbar.wollok-lsp-ide-0.5.5\\out\\server\\src\\server.js:3:157330)\n    at o.fire (c:\\Users\\elias\\.vscode\\extensions\\uqbar.wollok-lsp-ide-0.5.5\\out\\server\\src\\server.js:3:158100)\n    at c:\\Users\\elias\\.vscode\\extensions\\uqbar.wollok-lsp-ide-0.5.5\\out\\server\\src\\server.js:37:57871\n    at nd (c:\\Users\\elias\\.vscode\\extensions\\uqbar.wollok-lsp-ide-0.5.5\\out\\server\\src\\server.js:8:1561)","timestamp":"2026-09-05T13:34:21.257Z"}
{"level":"error","message":"✘ Failed to rebuild document Failed to parse clase59.wlk/bebidas.wlk: \n-- PARSING FAILED --------------------------------------------------\n\n  12 |     var bebidaCo\n  13 |     method \n> 14 | }\n     | ^\n  15 | \n  16 | object whisky {\n\nExpected one of the following: \n\n'!=', '!==', '%', '&&', '*', '**', '+', '-', '->', '..', '..<', '/', '<', '<<', '<<<', '<=', '<=>', '<>', '==', '===', '>', '>..', '>=', '>>', '>>>', '?:', '@', 'and', 'class', 'const', 'describe', 'invert', 'mixin', 'negate', 'object', 'only', 'or', 'package', 'plus', 'program', 'test', 'var', '{', '||', EOF, comment, identifier, not \"}\r\n\r\n\", whitespace\n","stack":"Error: Failed to parse clase59.wlk/bebidas.wlk: \n-- PARSING FAILED --------------------------------------------------\n\n  12 |     var bebidaCo\n  13 |     method \n> 14 | }\n     | ^\n  15 | \n  16 | object whisky {\n\nExpected one of the following: \n\n'!=', '!==', '%', '&&', '*', '**', '+', '-', '->', '..', '..<', '/', '<', '<<', '<<<', '<=', '<=>', '<>', '==', '===', '>', '>..', '>=', '>>', '>>>', '?:', '@', 'and', 'class', 'const', 'describe', 'invert', 'mixin', 'negate', 'object', 'only', 'or', 'package', 'plus', 'program', 'test', 'var', '{', '||', EOF, comment, identifier, not \"}\r\n\r\n\", whitespace\n\n    at c:\\Users\\elias\\.vscode\\extensions\\uqbar.wollok-lsp-ide-0.5.5\\out\\server\\src\\server.js:2385:13026\n    at Array.map (<anonymous>)\n    at z1n (c:\\Users\\elias\\.vscode\\extensions\\uqbar.wollok-lsp-ide-0.5.5\\out\\server\\src\\server.js:2385:12950)\n    at H2.buildEnvironmentFrom (c:\\Users\\elias\\.vscode\\extensions\\uqbar.wollok-lsp-ide-0.5.5\\out\\server\\src\\server.js:2430:5254)\n    at H2.updateEnvironmentWith (c:\\Users\\elias\\.vscode\\extensions\\uqbar.wollok-lsp-ide-0.5.5\\out\\server\\src\\server.js:2430:4989)\n    at QF (c:\\Users\\elias\\.vscode\\extensions\\uqbar.wollok-lsp-ide-0.5.5\\out\\server\\src\\server.js:2430:7383)\n    at V3.invoke (c:\\Users\\elias\\.vscode\\extensions\\uqbar.wollok-lsp-ide-0.5.5\\out\\server\\src\\server.js:3:157330)\n    at o.fire (c:\\Users\\elias\\.vscode\\extensions\\uqbar.wollok-lsp-ide-0.5.5\\out\\server\\src\\server.js:3:158100)\n    at c:\\Users\\elias\\.vscode\\extensions\\uqbar.wollok-lsp-ide-0.5.5\\out\\server\\src\\server.js:37:57871\n    at nd (c:\\Users\\elias\\.vscode\\extensions\\uqbar.wollok-lsp-ide-0.5.5\\out\\server\\src\\server.js:8:1561)","timestamp":"2026-09-05T13:34:21.632Z"}
{"level":"error","message":"✘ Failed to rebuild document Failed to parse clase59.wlk/bebidas.wlk: \n-- PARSING FAILED --------------------------------------------------\n\n  12 |     var bebidaCon\n  13 |     method \n> 14 | }\n     | ^\n  15 | \n  16 | object whisky {\n\nExpected one of the following: \n\n'!=', '!==', '%', '&&', '*', '**', '+', '-', '->', '..', '..<', '/', '<', '<<', '<<<', '<=', '<=>', '<>', '==', '===', '>', '>..', '>=', '>>', '>>>', '?:', '@', 'and', 'class', 'const', 'describe', 'invert', 'mixin', 'negate', 'object', 'only', 'or', 'package', 'plus', 'program', 'test', 'var', '{', '||', EOF, comment, identifier, not \"}\r\n\r\n\", whitespace\n","stack":"Error: Failed to parse clase59.wlk/bebidas.wlk: \n-- PARSING FAILED --------------------------------------------------\n\n  12 |     var bebidaCon\n  13 |     method \n> 14 | }\n     | ^\n  15 | \n  16 | object whisky {\n\nExpected one of the following: \n\n'!=', '!==', '%', '&&', '*', '**', '+', '-', '->', '..', '..<', '/', '<', '<<', '<<<', '<=', '<=>', '<>', '==', '===', '>', '>..', '>=', '>>', '>>>', '?:', '@', 'and', 'class', 'const', 'describe', 'invert', 'mixin', 'negate', 'object', 'only', 'or', 'package', 'plus', 'program', 'test', 'var', '{', '||', EOF, comment, identifier, not \"}\r\n\r\n\", whitespace\n\n    at c:\\Users\\elias\\.vscode\\extensions\\uqbar.wollok-lsp-ide-0.5.5\\out\\server\\src\\server.js:2385:13026\n    at Array.map (<anonymous>)\n    at z1n (c:\\Users\\elias\\.vscode\\extensions\\uqbar.wollok-lsp-ide-0.5.5\\out\\server\\src\\server.js:2385:12950)\n    at H2.buildEnvironmentFrom (c:\\Users\\elias\\.vscode\\extensions\\uqbar.wollok-lsp-ide-0.5.5\\out\\server\\src\\server.js:2430:5254)\n    at H2.updateEnvironmentWith (c:\\Users\\elias\\.vscode\\extensions\\uqbar.wollok-lsp-ide-0.5.5\\out\\server\\src\\server.js:2430:4989)\n    at QF (c:\\Users\\elias\\.vscode\\extensions\\uqbar.wollok-lsp-ide-0.5.5\\out\\server\\src\\server.js:2430:7383)\n    at V3.invoke (c:\\Users\\elias\\.vscode\\extensions\\uqbar.wollok-lsp-ide-0.5.5\\out\\server\\src\\server.js:3:157330)\n    at o.fire (c:\\Users\\elias\\.vscode\\extensions\\uqbar.wollok-lsp-ide-0.5.5\\out\\server\\src\\server.js:3:158100)\n    at c:\\Users\\elias\\.vscode\\extensions\\uqbar.wollok-lsp-ide-0.5.5\\out\\server\\src\\server.js:37:57871\n    at nd (c:\\Users\\elias\\.vscode\\extensions\\uqbar.wollok-lsp-ide-0.5.5\\out\\server\\src\\server.js:8:1561)","timestamp":"2026-09-05T13:34:21.825Z"}
{"level":"error","message":"✘ Failed to rebuild document Failed to parse clase59.wlk/bebidas.wlk: \n-- PARSING FAILED --------------------------------------------------\n\n  12 |     var bebidaCons\n  13 |     method \n> 14 | }\n     | ^\n  15 | \n  16 | object whisky {\n\nExpected one of the following: \n\n'!=', '!==', '%', '&&', '*', '**', '+', '-', '->', '..', '..<', '/', '<', '<<', '<<<', '<=', '<=>', '<>', '==', '===', '>', '>..', '>=', '>>', '>>>', '?:', '@', 'and', 'class', 'const', 'describe', 'invert', 'mixin', 'negate', 'object', 'only', 'or', 'package', 'plus', 'program', 'test', 'var', '{', '||', EOF, comment, identifier, not \"}\r\n\r\n\", whitespace\n","stack":"Error: Failed to parse clase59.wlk/bebidas.wlk: \n-- PARSING FAILED --------------------------------------------------\n\n  12 |     var bebidaCons\n  13 |     method \n> 14 | }\n     | ^\n  15 | \n  16 | object whisky {\n\nExpected one of the following: \n\n'!=', '!==', '%', '&&', '*', '**', '+', '-', '->', '..', '..<', '/', '<', '<<', '<<<', '<=', '<=>', '<>', '==', '===', '>', '>..', '>=', '>>', '>>>', '?:', '@', 'and', 'class', 'const', 'describe', 'invert', 'mixin', 'negate', 'object', 'only', 'or', 'package', 'plus', 'program', 'test', 'var', '{', '||', EOF, comment, identifier, not \"}\r\n\r\n\", whitespace\n\n    at c:\\Users\\elias\\.vscode\\extensions\\uqbar.wollok-lsp-ide-0.5.5\\out\\server\\src\\server.js:2385:13026\n    at Array.map (<anonymous>)\n    at z1n (c:\\Users\\elias\\.vscode\\extensions\\uqbar.wollok-lsp-ide-0.5.5\\out\\server\\src\\server.js:2385:12950)\n    at H2.buildEnvironmentFrom (c:\\Users\\elias\\.vscode\\extensions\\uqbar.wollok-lsp-ide-0.5.5\\out\\server\\src\\server.js:2430:5254)\n    at H2.updateEnvironmentWith (c:\\Users\\elias\\.vscode\\extensions\\uqbar.wollok-lsp-ide-0.5.5\\out\\server\\src\\server.js:2430:4989)\n    at QF (c:\\Users\\elias\\.vscode\\extensions\\uqbar.wollok-lsp-ide-0.5.5\\out\\server\\src\\server.js:2430:7383)\n    at V3.invoke (c:\\Users\\elias\\.vscode\\extensions\\uqbar.wollok-lsp-ide-0.5.5\\out\\server\\src\\server.js:3:157330)\n    at o.fire (c:\\Users\\elias\\.vscode\\extensions\\uqbar.wollok-lsp-ide-0.5.5\\out\\server\\src\\server.js:3:158100)\n    at c:\\Users\\elias\\.vscode\\extensions\\uqbar.wollok-lsp-ide-0.5.5\\out\\server\\src\\server.js:37:57871\n    at nd (c:\\Users\\elias\\.vscode\\extensions\\uqbar.wollok-lsp-ide-0.5.5\\out\\server\\src\\server.js:8:1561)","timestamp":"2026-09-05T13:34:21.985Z"}
{"level":"error","message":"✘ Failed to rebuild document Failed to parse clase59.wlk/bebidas.wlk: \n-- PARSING FAILED --------------------------------------------------\n\n  12 |     var bebidaConsu\n  13 |     method \n> 14 | }\n     | ^\n  15 | \n  16 | object whisky {\n\nExpected one of the following: \n\n'!=', '!==', '%', '&&', '*', '**', '+', '-', '->', '..', '..<', '/', '<', '<<', '<<<', '<=', '<=>', '<>', '==', '===', '>', '>..', '>=', '>>', '>>>', '?:', '@', 'and', 'class', 'const', 'describe', 'invert', 'mixin', 'negate', 'object', 'only', 'or', 'package', 'plus', 'program', 'test', 'var', '{', '||', EOF, comment, identifier, not \"}\r\n\r\n\", whitespace\n","stack":"Error: Failed to parse clase59.wlk/bebidas.wlk: \n-- PARSING FAILED --------------------------------------------------\n\n  12 |     var bebidaConsu\n  13 |     method \n> 14 | }\n     | ^\n  15 | \n  16 | object whisky {\n\nExpected one of the following: \n\n'!=', '!==', '%', '&&', '*', '**', '+', '-', '->', '..', '..<', '/', '<', '<<', '<<<', '<=', '<=>', '<>', '==', '===', '>', '>..', '>=', '>>', '>>>', '?:', '@', 'and', 'class', 'const', 'describe', 'invert', 'mixin', 'negate', 'object', 'only', 'or', 'package', 'plus', 'program', 'test', 'var', '{', '||', EOF, comment, identifier, not \"}\r\n\r\n\", whitespace\n\n    at c:\\Users\\elias\\.vscode\\extensions\\uqbar.wollok-lsp-ide-0.5.5\\out\\server\\src\\server.js:2385:13026\n    at Array.map (<anonymous>)\n    at z1n (c:\\Users\\elias\\.vscode\\extensions\\uqbar.wollok-lsp-ide-0.5.5\\out\\server\\src\\server.js:2385:12950)\n    at H2.buildEnvironmentFrom (c:\\Users\\elias\\.vscode\\extensions\\uqbar.wollok-lsp-ide-0.5.5\\out\\server\\src\\server.js:2430:5254)\n    at H2.updateEnvironmentWith (c:\\Users\\elias\\.vscode\\extensions\\uqbar.wollok-lsp-ide-0.5.5\\out\\server\\src\\server.js:2430:4989)\n    at QF (c:\\Users\\elias\\.vscode\\extensions\\uqbar.wollok-lsp-ide-0.5.5\\out\\server\\src\\server.js:2430:7383)\n    at V3.invoke (c:\\Users\\elias\\.vscode\\extensions\\uqbar.wollok-lsp-ide-0.5.5\\out\\server\\src\\server.js:3:157330)\n    at o.fire (c:\\Users\\elias\\.vscode\\extensions\\uqbar.wollok-lsp-ide-0.5.5\\out\\server\\src\\server.js:3:158100)\n    at c:\\Users\\elias\\.vscode\\extensions\\uqbar.wollok-lsp-ide-0.5.5\\out\\server\\src\\server.js:37:57871\n    at nd (c:\\Users\\elias\\.vscode\\extensions\\uqbar.wollok-lsp-ide-0.5.5\\out\\server\\src\\server.js:8:1561)","timestamp":"2026-09-05T13:34:22.122Z"}
{"level":"error","message":"✘ Failed to rebuild document Failed to parse clase59.wlk/bebidas.wlk: \n-- PARSING FAILED --------------------------------------------------\n\n  12 |     var bebidaConsum\n  13 |     method \n> 14 | }\n     | ^\n  15 | \n  16 | object whisky {\n\nExpected one of the following: \n\n'!=', '!==', '%', '&&', '*', '**', '+', '-', '->', '..', '..<', '/', '<', '<<', '<<<', '<=', '<=>', '<>', '==', '===', '>', '>..', '>=', '>>', '>>>', '?:', '@', 'and', 'class', 'const', 'describe', 'invert', 'mixin', 'negate', 'object', 'only', 'or', 'package', 'plus', 'program', 'test', 'var', '{', '||', EOF, comment, identifier, not \"}\r\n\r\n\", whitespace\n","stack":"Error: Failed to parse clase59.wlk/bebidas.wlk: \n-- PARSING FAILED --------------------------------------------------\n\n  12 |     var bebidaConsum\n  13 |     method \n> 14 | }\n     | ^\n  15 | \n  16 | object whisky {\n\nExpected one of the following: \n\n'!=', '!==', '%', '&&', '*', '**', '+', '-', '->', '..', '..<', '/', '<', '<<', '<<<', '<=', '<=>', '<>', '==', '===', '>', '>..', '>=', '>>', '>>>', '?:', '@', 'and', 'class', 'const', 'describe', 'invert', 'mixin', 'negate', 'object', 'only', 'or', 'package', 'plus', 'program', 'test', 'var', '{', '||', EOF, comment, identifier, not \"}\r\n\r\n\", whitespace\n\n    at c:\\Users\\elias\\.vscode\\extensions\\uqbar.wollok-lsp-ide-0.5.5\\out\\server\\src\\server.js:2385:13026\n    at Array.map (<anonymous>)\n    at z1n (c:\\Users\\elias\\.vscode\\extensions\\uqbar.wollok-lsp-ide-0.5.5\\out\\server\\src\\server.js:2385:12950)\n    at H2.buildEnvironmentFrom (c:\\Users\\elias\\.vscode\\extensions\\uqbar.wollok-lsp-ide-0.5.5\\out\\server\\src\\server.js:2430:5254)\n    at H2.updateEnvironmentWith (c:\\Users\\elias\\.vscode\\extensions\\uqbar.wollok-lsp-ide-0.5.5\\out\\server\\src\\server.js:2430:4989)\n    at QF (c:\\Users\\elias\\.vscode\\extensions\\uqbar.wollok-lsp-ide-0.5.5\\out\\server\\src\\server.js:2430:7383)\n    at V3.invoke (c:\\Users\\elias\\.vscode\\extensions\\uqbar.wollok-lsp-ide-0.5.5\\out\\server\\src\\server.js:3:157330)\n    at o.fire (c:\\Users\\elias\\.vscode\\extensions\\uqbar.wollok-lsp-ide-0.5.5\\out\\server\\src\\server.js:3:158100)\n    at c:\\Users\\elias\\.vscode\\extensions\\uqbar.wollok-lsp-ide-0.5.5\\out\\server\\src\\server.js:37:57871\n    at nd (c:\\Users\\elias\\.vscode\\extensions\\uqbar.wollok-lsp-ide-0.5.5\\out\\server\\src\\server.js:8:1561)","timestamp":"2026-09-05T13:34:22.481Z"}
{"level":"error","message":"✘ Failed to rebuild document Failed to parse clase59.wlk/bebidas.wlk: \n-- PARSING FAILED --------------------------------------------------\n\n  12 |     var bebidaConsumi\n  13 |     method \n> 14 | }\n     | ^\n  15 | \n  16 | object whisky {\n\nExpected one of the following: \n\n'!=', '!==', '%', '&&', '*', '**', '+', '-', '->', '..', '..<', '/', '<', '<<', '<<<', '<=', '<=>', '<>', '==', '===', '>', '>..', '>=', '>>', '>>>', '?:', '@', 'and', 'class', 'const', 'describe', 'invert', 'mixin', 'negate', 'object', 'only', 'or', 'package', 'plus', 'program', 'test', 'var', '{', '||', EOF, comment, identifier, not \"}\r\n\r\n\", whitespace\n","stack":"Error: Failed to parse clase59.wlk/bebidas.wlk: \n-- PARSING FAILED --------------------------------------------------\n\n  12 |     var bebidaConsumi\n  13 |     method \n> 14 | }\n     | ^\n  15 | \n  16 | object whisky {\n\nExpected one of the following: \n\n'!=', '!==', '%', '&&', '*', '**', '+', '-', '->', '..', '..<', '/', '<', '<<', '<<<', '<=', '<=>', '<>', '==', '===', '>', '>..', '>=', '>>', '>>>', '?:', '@', 'and', 'class', 'const', 'describe', 'invert', 'mixin', 'negate', 'object', 'only', 'or', 'package', 'plus', 'program', 'test', 'var', '{', '||', EOF, comment, identifier, not \"}\r\n\r\n\", whitespace\n\n    at c:\\Users\\elias\\.vscode\\extensions\\uqbar.wollok-lsp-ide-0.5.5\\out\\server\\src\\server.js:2385:13026\n    at Array.map (<anonymous>)\n    at z1n (c:\\Users\\elias\\.vscode\\extensions\\uqbar.wollok-lsp-ide-0.5.5\\out\\server\\src\\server.js:2385:12950)\n    at H2.buildEnvironmentFrom (c:\\Users\\elias\\.vscode\\extensions\\uqbar.wollok-lsp-ide-0.5.5\\out\\server\\src\\server.js:2430:5254)\n    at H2.updateEnvironmentWith (c:\\Users\\elias\\.vscode\\extensions\\uqbar.wollok-lsp-ide-0.5.5\\out\\server\\src\\server.js:2430:4989)\n    at QF (c:\\Users\\elias\\.vscode\\extensions\\uqbar.wollok-lsp-ide-0.5.5\\out\\server\\src\\server.js:2430:7383)\n    at V3.invoke (c:\\Users\\elias\\.vscode\\extensions\\uqbar.wollok-lsp-ide-0.5.5\\out\\server\\src\\server.js:3:157330)\n    at o.fire (c:\\Users\\elias\\.vscode\\extensions\\uqbar.wollok-lsp-ide-0.5.5\\out\\server\\src\\server.js:3:158100)\n    at c:\\Users\\elias\\.vscode\\extensions\\uqbar.wollok-lsp-ide-0.5.5\\out\\server\\src\\server.js:37:57871\n    at nd (c:\\Users\\elias\\.vscode\\extensions\\uqbar.wollok-lsp-ide-0.5.5\\out\\server\\src\\server.js:8:1561)","timestamp":"2026-09-05T13:34:22.596Z"}
{"level":"error","message":"✘ Failed to rebuild document Failed to parse clase59.wlk/bebidas.wlk: \n-- PARSING FAILED --------------------------------------------------\n\n  12 |     var bebidaConsumid\n  13 |     method \n> 14 | }\n     | ^\n  15 | \n  16 | object whisky {\n\nExpected one of the following: \n\n'!=', '!==', '%', '&&', '*', '**', '+', '-', '->', '..', '..<', '/', '<', '<<', '<<<', '<=', '<=>', '<>', '==', '===', '>', '>..', '>=', '>>', '>>>', '?:', '@', 'and', 'class', 'const', 'describe', 'invert', 'mixin', 'negate', 'object', 'only', 'or', 'package', 'plus', 'program', 'test', 'var', '{', '||', EOF, comment, identifier, not \"}\r\n\r\n\", whitespace\n","stack":"Error: Failed to parse clase59.wlk/bebidas.wlk: \n-- PARSING FAILED --------------------------------------------------\n\n  12 |     var bebidaConsumid\n  13 |     method \n> 14 | }\n     | ^\n  15 | \n  16 | object whisky {\n\nExpected one of the following: \n\n'!=', '!==', '%', '&&', '*', '**', '+', '-', '->', '..', '..<', '/', '<', '<<', '<<<', '<=', '<=>', '<>', '==', '===', '>', '>..', '>=', '>>', '>>>', '?:', '@', 'and', 'class', 'const', 'describe', 'invert', 'mixin', 'negate', 'object', 'only', 'or', 'package', 'plus', 'program', 'test', 'var', '{', '||', EOF, comment, identifier, not \"}\r\n\r\n\", whitespace\n\n    at c:\\Users\\elias\\.vscode\\extensions\\uqbar.wollok-lsp-ide-0.5.5\\out\\server\\src\\server.js:2385:13026\n    at Array.map (<anonymous>)\n    at z1n (c:\\Users\\elias\\.vscode\\extensions\\uqbar.wollok-lsp-ide-0.5.5\\out\\server\\src\\server.js:2385:12950)\n    at H2.buildEnvironmentFrom (c:\\Users\\elias\\.vscode\\extensions\\uqbar.wollok-lsp-ide-0.5.5\\out\\server\\src\\server.js:2430:5254)\n    at H2.updateEnvironmentWith (c:\\Users\\elias\\.vscode\\extensions\\uqbar.wollok-lsp-ide-0.5.5\\out\\server\\src\\server.js:2430:4989)\n    at QF (c:\\Users\\elias\\.vscode\\extensions\\uqbar.wollok-lsp-ide-0.5.5\\out\\server\\src\\server.js:2430:7383)\n    at V3.invoke (c:\\Users\\elias\\.vscode\\extensions\\uqbar.wollok-lsp-ide-0.5.5\\out\\server\\src\\server.js:3:157330)\n    at o.fire (c:\\Users\\elias\\.vscode\\extensions\\uqbar.wollok-lsp-ide-0.5.5\\out\\server\\src\\server.js:3:158100)\n    at c:\\Users\\elias\\.vscode\\extensions\\uqbar.wollok-lsp-ide-0.5.5\\out\\server\\src\\server.js:37:57871\n    at nd (c:\\Users\\elias\\.vscode\\extensions\\uqbar.wollok-lsp-ide-0.5.5\\out\\server\\src\\server.js:8:1561)","timestamp":"2026-09-05T13:34:22.746Z"}
{"level":"error","message":"✘ Failed to rebuild document Failed to parse clase59.wlk/bebidas.wlk: \n-- PARSING FAILED --------------------------------------------------\n\n  12 |     var bebidaConsumida\n  13 |     method \n> 14 | }\n     | ^\n  15 | \n  16 | object whisky {\n\nExpected one of the following: \n\n'!=', '!==', '%', '&&', '*', '**', '+', '-', '->', '..', '..<', '/', '<', '<<', '<<<', '<=', '<=>', '<>', '==', '===', '>', '>..', '>=', '>>', '>>>', '?:', '@', 'and', 'class', 'const', 'describe', 'invert', 'mixin', 'negate', 'object', 'only', 'or', 'package', 'plus', 'program', 'test', 'var', '{', '||', EOF, comment, identifier, not \"}\r\n\r\n\", whitespace\n","stack":"Error: Failed to parse clase59.wlk/bebidas.wlk: \n-- PARSING FAILED --------------------------------------------------\n\n  12 |     var bebidaConsumida\n  13 |     method \n> 14 | }\n     | ^\n  15 | \n  16 | object whisky {\n\nExpected one of the following: \n\n'!=', '!==', '%', '&&', '*', '**', '+', '-', '->', '..', '..<', '/', '<', '<<', '<<<', '<=', '<=>', '<>', '==', '===', '>', '>..', '>=', '>>', '>>>', '?:', '@', 'and', 'class', 'const', 'describe', 'invert', 'mixin', 'negate', 'object', 'only', 'or', 'package', 'plus', 'program', 'test', 'var', '{', '||', EOF, comment, identifier, not \"}\r\n\r\n\", whitespace\n\n    at c:\\Users\\elias\\.vscode\\extensions\\uqbar.wollok-lsp-ide-0.5.5\\out\\server\\src\\server.js:2385:13026\n    at Array.map (<anonymous>)\n    at z1n (c:\\Users\\elias\\.vscode\\extensions\\uqbar.wollok-lsp-ide-0.5.5\\out\\server\\src\\server.js:2385:12950)\n    at H2.buildEnvironmentFrom (c:\\Users\\elias\\.vscode\\extensions\\uqbar.wollok-lsp-ide-0.5.5\\out\\server\\src\\server.js:2430:5254)\n    at H2.updateEnvironmentWith (c:\\Users\\elias\\.vscode\\extensions\\uqbar.wollok-lsp-ide-0.5.5\\out\\server\\src\\server.js:2430:4989)\n    at QF (c:\\Users\\elias\\.vscode\\extensions\\uqbar.wollok-lsp-ide-0.5.5\\out\\server\\src\\server.js:2430:7383)\n    at V3.invoke (c:\\Users\\elias\\.vscode\\extensions\\uqbar.wollok-lsp-ide-0.5.5\\out\\server\\src\\server.js:3:157330)\n    at o.fire (c:\\Users\\elias\\.vscode\\extensions\\uqbar.wollok-lsp-ide-0.5.5\\out\\server\\src\\server.js:3:158100)\n    at c:\\Users\\elias\\.vscode\\extensions\\uqbar.wollok-lsp-ide-0.5.5\\out\\server\\src\\server.js:37:57871\n    at nd (c:\\Users\\elias\\.vscode\\extensions\\uqbar.wollok-lsp-ide-0.5.5\\out\\server\\src\\server.js:8:1561)","timestamp":"2026-09-05T13:34:22.842Z"}
{"level":"error","message":"✘ Failed to rebuild document Failed to parse clase59.wlk/bebidas.wlk: \n-- PARSING FAILED --------------------------------------------------\n\n  12 |     var bebidaConsumida \n  13 |     method \n> 14 | }\n     | ^\n  15 | \n  16 | object whisky {\n\nExpected one of the following: \n\n'!=', '!==', '%', '&&', '*', '**', '+', '-', '->', '..', '..<', '/', '<', '<<', '<<<', '<=', '<=>', '<>', '==', '===', '>', '>..', '>=', '>>', '>>>', '?:', '@', 'and', 'class', 'const', 'describe', 'invert', 'mixin', 'negate', 'object', 'only', 'or', 'package', 'plus', 'program', 'test', 'var', '{', '||', EOF, comment, identifier, not \"}\r\n\r\n\", whitespace\n","stack":"Error: Failed to parse clase59.wlk/bebidas.wlk: \n-- PARSING FAILED --------------------------------------------------\n\n  12 |     var bebidaConsumida \n  13 |     method \n> 14 | }\n     | ^\n  15 | \n  16 | object whisky {\n\nExpected one of the following: \n\n'!=', '!==', '%', '&&', '*', '**', '+', '-', '->', '..', '..<', '/', '<', '<<', '<<<', '<=', '<=>', '<>', '==', '===', '>', '>..', '>=', '>>', '>>>', '?:', '@', 'and', 'class', 'const', 'describe', 'invert', 'mixin', 'negate', 'object', 'only', 'or', 'package', 'plus', 'program', 'test', 'var', '{', '||', EOF, comment, identifier, not \"}\r\n\r\n\", whitespace\n\n    at c:\\Users\\elias\\.vscode\\extensions\\uqbar.wollok-lsp-ide-0.5.5\\out\\server\\src\\server.js:2385:13026\n    at Array.map (<anonymous>)\n    at z1n (c:\\Users\\elias\\.vscode\\extensions\\uqbar.wollok-lsp-ide-0.5.5\\out\\server\\src\\server.js:2385:12950)\n    at H2.buildEnvironmentFrom (c:\\Users\\elias\\.vscode\\extensions\\uqbar.wollok-lsp-ide-0.5.5\\out\\server\\src\\server.js:2430:5254)\n    at H2.updateEnvironmentWith (c:\\Users\\elias\\.vscode\\extensions\\uqbar.wollok-lsp-ide-0.5.5\\out\\server\\src\\server.js:2430:4989)\n    at QF (c:\\Users\\elias\\.vscode\\extensions\\uqbar.wollok-lsp-ide-0.5.5\\out\\server\\src\\server.js:2430:7383)\n    at V3.invoke (c:\\Users\\elias\\.vscode\\extensions\\uqbar.wollok-lsp-ide-0.5.5\\out\\server\\src\\server.js:3:157330)\n    at o.fire (c:\\Users\\elias\\.vscode\\extensions\\uqbar.wollok-lsp-ide-0.5.5\\out\\server\\src\\server.js:3:158100)\n    at c:\\Users\\elias\\.vscode\\extensions\\uqbar.wollok-lsp-ide-0.5.5\\out\\server\\src\\server.js:37:57871\n    at nd (c:\\Users\\elias\\.vscode\\extensions\\uqbar.wollok-lsp-ide-0.5.5\\out\\server\\src\\server.js:8:1561)","timestamp":"2026-09-05T13:34:24.518Z"}
{"level":"info","message":"⌛ Building environment","timeElapsed":359,"timestamp":"2026-09-05T13:34:25.458Z"}
{"level":"info","message":"⌛ Validating clase59.wlk/bebidas.wlk","timeElapsed":317,"timestamp":"2026-09-05T13:34:25.829Z"}
{"level":"info","message":"⌛ Building environment","timeElapsed":146,"timestamp":"2026-09-05T13:34:33.973Z"}
{"level":"info","message":"⌛ Validating clase59.wlk/bebidas.wlk","timeElapsed":165,"timestamp":"2026-09-05T13:34:34.140Z"}
{"level":"info","message":"⌛ Building environment","timeElapsed":156,"timestamp":"2026-09-05T13:34:41.062Z"}
{"level":"info","message":"⌛ Validating clase59.wlk/bebidas.wlk","timeElapsed":229,"timestamp":"2026-09-05T13:34:41.354Z"}
{"level":"error","message":"✘ Failed to rebuild document Failed to parse clase59.wlk/bebidas.wlk: \n-- PARSING FAILED --------------------------------------------------\n\n  13 | \n  14 |     method \n> 15 | }\n     | ^\n  16 | \n  17 | object whisky {\n\nExpected one of the following: \n\n'!=', '!==', '%', '&&', '*', '**', '+', '-', '->', '..', '..<', '/', '<', '<<', '<<<', '<=', '<=>', '<>', '==', '===', '>', '>..', '>=', '>>', '>>>', '?:', '@', 'and', 'class', 'const', 'describe', 'invert', 'mixin', 'negate', 'object', 'only', 'or', 'package', 'plus', 'program', 'test', 'var', '{', '||', EOF, comment, identifier, not \"}\r\n\r\n\", whitespace\n","stack":"Error: Failed to parse clase59.wlk/bebidas.wlk: \n-- PARSING FAILED --------------------------------------------------\n\n  13 | \n  14 |     method \n> 15 | }\n     | ^\n  16 | \n  17 | object whisky {\n\nExpected one of the following: \n\n'!=', '!==', '%', '&&', '*', '**', '+', '-', '->', '..', '..<', '/', '<', '<<', '<<<', '<=', '<=>', '<>', '==', '===', '>', '>..', '>=', '>>', '>>>', '?:', '@', 'and', 'class', 'const', 'describe', 'invert', 'mixin', 'negate', 'object', 'only', 'or', 'package', 'plus', 'program', 'test', 'var', '{', '||', EOF, comment, identifier, not \"}\r\n\r\n\", whitespace\n\n    at c:\\Users\\elias\\.vscode\\extensions\\uqbar.wollok-lsp-ide-0.5.5\\out\\server\\src\\server.js:2385:13026\n    at Array.map (<anonymous>)\n    at z1n (c:\\Users\\elias\\.vscode\\extensions\\uqbar.wollok-lsp-ide-0.5.5\\out\\server\\src\\server.js:2385:12950)\n    at H2.buildEnvironmentFrom (c:\\Users\\elias\\.vscode\\extensions\\uqbar.wollok-lsp-ide-0.5.5\\out\\server\\src\\server.js:2430:5254)\n    at H2.updateEnvironmentWith (c:\\Users\\elias\\.vscode\\extensions\\uqbar.wollok-lsp-ide-0.5.5\\out\\server\\src\\server.js:2430:4989)\n    at QF (c:\\Users\\elias\\.vscode\\extensions\\uqbar.wollok-lsp-ide-0.5.5\\out\\server\\src\\server.js:2430:7383)\n    at V3.invoke (c:\\Users\\elias\\.vscode\\extensions\\uqbar.wollok-lsp-ide-0.5.5\\out\\server\\src\\server.js:3:157330)\n    at o.fire (c:\\Users\\elias\\.vscode\\extensions\\uqbar.wollok-lsp-ide-0.5.5\\out\\server\\src\\server.js:3:158100)\n    at c:\\Users\\elias\\.vscode\\extensions\\uqbar.wollok-lsp-ide-0.5.5\\out\\server\\src\\server.js:37:57871\n    at nd (c:\\Users\\elias\\.vscode\\extensions\\uqbar.wollok-lsp-ide-0.5.5\\out\\server\\src\\server.js:8:1561)","timestamp":"2026-09-05T13:35:06.399Z"}
{"level":"error","message":"✘ Failed to rebuild document Failed to parse clase59.wlk/bebidas.wlk: \n-- PARSING FAILED --------------------------------------------------\n\n  13 | \n  14 |     method \n> 15 | }\n     | ^\n  16 | \n  17 | object whisky {\n\nExpected one of the following: \n\n'!=', '!==', '%', '&&', '*', '**', '+', '-', '->', '..', '..<', '/', '<', '<<', '<<<', '<=', '<=>', '<>', '==', '===', '>', '>..', '>=', '>>', '>>>', '?:', '@', 'and', 'class', 'const', 'describe', 'invert', 'mixin', 'negate', 'object', 'only', 'or', 'package', 'plus', 'program', 'test', 'var', '{', '||', EOF, comment, identifier, not \"}\r\n\r\n\", whitespace\n","stack":"Error: Failed to parse clase59.wlk/bebidas.wlk: \n-- PARSING FAILED --------------------------------------------------\n\n  13 | \n  14 |     method \n> 15 | }\n     | ^\n  16 | \n  17 | object whisky {\n\nExpected one of the following: \n\n'!=', '!==', '%', '&&', '*', '**', '+', '-', '->', '..', '..<', '/', '<', '<<', '<<<', '<=', '<=>', '<>', '==', '===', '>', '>..', '>=', '>>', '>>>', '?:', '@', 'and', 'class', 'const', 'describe', 'invert', 'mixin', 'negate', 'object', 'only', 'or', 'package', 'plus', 'program', 'test', 'var', '{', '||', EOF, comment, identifier, not \"}\r\n\r\n\", whitespace\n\n    at c:\\Users\\elias\\.vscode\\extensions\\uqbar.wollok-lsp-ide-0.5.5\\out\\server\\src\\server.js:2385:13026\n    at Array.map (<anonymous>)\n    at z1n (c:\\Users\\elias\\.vscode\\extensions\\uqbar.wollok-lsp-ide-0.5.5\\out\\server\\src\\server.js:2385:12950)\n    at H2.buildEnvironmentFrom (c:\\Users\\elias\\.vscode\\extensions\\uqbar.wollok-lsp-ide-0.5.5\\out\\server\\src\\server.js:2430:5254)\n    at H2.updateEnvironmentWith (c:\\Users\\elias\\.vscode\\extensions\\uqbar.wollok-lsp-ide-0.5.5\\out\\server\\src\\server.js:2430:4989)\n    at QF (c:\\Users\\elias\\.vscode\\extensions\\uqbar.wollok-lsp-ide-0.5.5\\out\\server\\src\\server.js:2430:7383)\n    at V3.invoke (c:\\Users\\elias\\.vscode\\extensions\\uqbar.wollok-lsp-ide-0.5.5\\out\\server\\src\\server.js:3:157330)\n    at o.fire (c:\\Users\\elias\\.vscode\\extensions\\uqbar.wollok-lsp-ide-0.5.5\\out\\server\\src\\server.js:3:158100)\n    at c:\\Users\\elias\\.vscode\\extensions\\uqbar.wollok-lsp-ide-0.5.5\\out\\server\\src\\server.js:37:57871\n    at nd (c:\\Users\\elias\\.vscode\\extensions\\uqbar.wollok-lsp-ide-0.5.5\\out\\server\\src\\server.js:8:1561)","timestamp":"2026-09-05T13:35:06.527Z"}
{"level":"error","message":"✘ Failed to rebuild document Failed to parse clase59.wlk/bebidas.wlk: \n-- PARSING FAILED --------------------------------------------------\n\n  13 | \n  14 |     method \n> 15 | }\n     | ^\n  16 | \n  17 | object whisky {\n\nExpected one of the following: \n\n'!=', '!==', '%', '&&', '*', '**', '+', '-', '->', '..', '..<', '/', '<', '<<', '<<<', '<=', '<=>', '<>', '==', '===', '>', '>..', '>=', '>>', '>>>', '?:', '@', 'and', 'class', 'const', 'describe', 'invert', 'mixin', 'negate', 'object', 'only', 'or', 'package', 'plus', 'program', 'test', 'var', '{', '||', EOF, comment, identifier, not \"}\r\n\r\n\", whitespace\n","stack":"Error: Failed to parse clase59.wlk/bebidas.wlk: \n-- PARSING FAILED --------------------------------------------------\n\n  13 | \n  14 |     method \n> 15 | }\n     | ^\n  16 | \n  17 | object whisky {\n\nExpected one of the following: \n\n'!=', '!==', '%', '&&', '*', '**', '+', '-', '->', '..', '..<', '/', '<', '<<', '<<<', '<=', '<=>', '<>', '==', '===', '>', '>..', '>=', '>>', '>>>', '?:', '@', 'and', 'class', 'const', 'describe', 'invert', 'mixin', 'negate', 'object', 'only', 'or', 'package', 'plus', 'program', 'test', 'var', '{', '||', EOF, comment, identifier, not \"}\r\n\r\n\", whitespace\n\n    at c:\\Users\\elias\\.vscode\\extensions\\uqbar.wollok-lsp-ide-0.5.5\\out\\server\\src\\server.js:2385:13026\n    at Array.map (<anonymous>)\n    at z1n (c:\\Users\\elias\\.vscode\\extensions\\uqbar.wollok-lsp-ide-0.5.5\\out\\server\\src\\server.js:2385:12950)\n    at H2.buildEnvironmentFrom (c:\\Users\\elias\\.vscode\\extensions\\uqbar.wollok-lsp-ide-0.5.5\\out\\server\\src\\server.js:2430:5254)\n    at H2.updateEnvironmentWith (c:\\Users\\elias\\.vscode\\extensions\\uqbar.wollok-lsp-ide-0.5.5\\out\\server\\src\\server.js:2430:4989)\n    at QF (c:\\Users\\elias\\.vscode\\extensions\\uqbar.wollok-lsp-ide-0.5.5\\out\\server\\src\\server.js:2430:7383)\n    at V3.invoke (c:\\Users\\elias\\.vscode\\extensions\\uqbar.wollok-lsp-ide-0.5.5\\out\\server\\src\\server.js:3:157330)\n    at o.fire (c:\\Users\\elias\\.vscode\\extensions\\uqbar.wollok-lsp-ide-0.5.5\\out\\server\\src\\server.js:3:158100)\n    at c:\\Users\\elias\\.vscode\\extensions\\uqbar.wollok-lsp-ide-0.5.5\\out\\server\\src\\server.js:37:57871\n    at nd (c:\\Users\\elias\\.vscode\\extensions\\uqbar.wollok-lsp-ide-0.5.5\\out\\server\\src\\server.js:8:1561)","timestamp":"2026-09-05T13:35:06.710Z"}
{"level":"error","message":"✘ Failed to rebuild document Failed to parse clase59.wlk/bebidas.wlk: \n-- PARSING FAILED --------------------------------------------------\n\n  13 | \n  14 |     method \n> 15 | }\n     | ^\n  16 | \n  17 | object whisky {\n\nExpected one of the following: \n\n'!=', '!==', '%', '&&', '*', '**', '+', '-', '->', '..', '..<', '/', '<', '<<', '<<<', '<=', '<=>', '<>', '==', '===', '>', '>..', '>=', '>>', '>>>', '?:', '@', 'and', 'class', 'const', 'describe', 'invert', 'mixin', 'negate', 'object', 'only', 'or', 'package', 'plus', 'program', 'test', 'var', '{', '||', EOF, comment, identifier, not \"}\r\n\r\n\", whitespace\n","stack":"Error: Failed to parse clase59.wlk/bebidas.wlk: \n-- PARSING FAILED --------------------------------------------------\n\n  13 | \n  14 |     method \n> 15 | }\n     | ^\n  16 | \n  17 | object whisky {\n\nExpected one of the following: \n\n'!=', '!==', '%', '&&', '*', '**', '+', '-', '->', '..', '..<', '/', '<', '<<', '<<<', '<=', '<=>', '<>', '==', '===', '>', '>..', '>=', '>>', '>>>', '?:', '@', 'and', 'class', 'const', 'describe', 'invert', 'mixin', 'negate', 'object', 'only', 'or', 'package', 'plus', 'program', 'test', 'var', '{', '||', EOF, comment, identifier, not \"}\r\n\r\n\", whitespace\n\n    at c:\\Users\\elias\\.vscode\\extensions\\uqbar.wollok-lsp-ide-0.5.5\\out\\server\\src\\server.js:2385:13026\n    at Array.map (<anonymous>)\n    at z1n (c:\\Users\\elias\\.vscode\\extensions\\uqbar.wollok-lsp-ide-0.5.5\\out\\server\\src\\server.js:2385:12950)\n    at H2.buildEnvironmentFrom (c:\\Users\\elias\\.vscode\\extensions\\uqbar.wollok-lsp-ide-0.5.5\\out\\server\\src\\server.js:2430:5254)\n    at H2.updateEnvironmentWith (c:\\Users\\elias\\.vscode\\extensions\\uqbar.wollok-lsp-ide-0.5.5\\out\\server\\src\\server.js:2430:4989)\n    at QF (c:\\Users\\elias\\.vscode\\extensions\\uqbar.wollok-lsp-ide-0.5.5\\out\\server\\src\\server.js:2430:7383)\n    at V3.invoke (c:\\Users\\elias\\.vscode\\extensions\\uqbar.wollok-lsp-ide-0.5.5\\out\\server\\src\\server.js:3:157330)\n    at o.fire (c:\\Users\\elias\\.vscode\\extensions\\uqbar.wollok-lsp-ide-0.5.5\\out\\server\\src\\server.js:3:158100)\n    at c:\\Users\\elias\\.vscode\\extensions\\uqbar.wollok-lsp-ide-0.5.5\\out\\server\\src\\server.js:37:57871\n    at nd (c:\\Users\\elias\\.vscode\\extensions\\uqbar.wollok-lsp-ide-0.5.5\\out\\server\\src\\server.js:8:1561)","timestamp":"2026-09-05T13:35:06.815Z"}
{"level":"error","message":"✘ Failed to rebuild document Failed to parse clase59.wlk/bebidas.wlk: \n-- PARSING FAILED --------------------------------------------------\n\n  13 | \n  14 |     method \n> 15 | }\n     | ^\n  16 | \n  17 | object whisky {\n\nExpected one of the following: \n\n'!=', '!==', '%', '&&', '*', '**', '+', '-', '->', '..', '..<', '/', '<', '<<', '<<<', '<=', '<=>', '<>', '==', '===', '>', '>..', '>=', '>>', '>>>', '?:', '@', 'and', 'class', 'const', 'describe', 'invert', 'mixin', 'negate', 'object', 'only', 'or', 'package', 'plus', 'program', 'test', 'var', '{', '||', EOF, comment, identifier, not \"}\r\n\r\n\", whitespace\n","stack":"Error: Failed to parse clase59.wlk/bebidas.wlk: \n-- PARSING FAILED --------------------------------------------------\n\n  13 | \n  14 |     method \n> 15 | }\n     | ^\n  16 | \n  17 | object whisky {\n\nExpected one of the following: \n\n'!=', '!==', '%', '&&', '*', '**', '+', '-', '->', '..', '..<', '/', '<', '<<', '<<<', '<=', '<=>', '<>', '==', '===', '>', '>..', '>=', '>>', '>>>', '?:', '@', 'and', 'class', 'const', 'describe', 'invert', 'mixin', 'negate', 'object', 'only', 'or', 'package', 'plus', 'program', 'test', 'var', '{', '||', EOF, comment, identifier, not \"}\r\n\r\n\", whitespace\n\n    at c:\\Users\\elias\\.vscode\\extensions\\uqbar.wollok-lsp-ide-0.5.5\\out\\server\\src\\server.js:2385:13026\n    at Array.map (<anonymous>)\n    at z1n (c:\\Users\\elias\\.vscode\\extensions\\uqbar.wollok-lsp-ide-0.5.5\\out\\server\\src\\server.js:2385:12950)\n    at H2.buildEnvironmentFrom (c:\\Users\\elias\\.vscode\\extensions\\uqbar.wollok-lsp-ide-0.5.5\\out\\server\\src\\server.js:2430:5254)\n    at H2.updateEnvironmentWith (c:\\Users\\elias\\.vscode\\extensions\\uqbar.wollok-lsp-ide-0.5.5\\out\\server\\src\\server.js:2430:4989)\n    at QF (c:\\Users\\elias\\.vscode\\extensions\\uqbar.wollok-lsp-ide-0.5.5\\out\\server\\src\\server.js:2430:7383)\n    at V3.invoke (c:\\Users\\elias\\.vscode\\extensions\\uqbar.wollok-lsp-ide-0.5.5\\out\\server\\src\\server.js:3:157330)\n    at o.fire (c:\\Users\\elias\\.vscode\\extensions\\uqbar.wollok-lsp-ide-0.5.5\\out\\server\\src\\server.js:3:158100)\n    at c:\\Users\\elias\\.vscode\\extensions\\uqbar.wollok-lsp-ide-0.5.5\\out\\server\\src\\server.js:37:57871\n    at nd (c:\\Users\\elias\\.vscode\\extensions\\uqbar.wollok-lsp-ide-0.5.5\\out\\server\\src\\server.js:8:1561)","timestamp":"2026-09-05T13:35:06.939Z"}
{"level":"error","message":"✘ Failed to rebuild document Failed to parse clase59.wlk/bebidas.wlk: \n-- PARSING FAILED --------------------------------------------------\n\n  13 | \n  14 |     method \n> 15 | }\n     | ^\n  16 | \n  17 | object whisky {\n\nExpected one of the following: \n\n'!=', '!==', '%', '&&', '*', '**', '+', '-', '->', '..', '..<', '/', '<', '<<', '<<<', '<=', '<=>', '<>', '==', '===', '>', '>..', '>=', '>>', '>>>', '?:', '@', 'and', 'class', 'const', 'describe', 'invert', 'mixin', 'negate', 'object', 'only', 'or', 'package', 'plus', 'program', 'test', 'var', '{', '||', EOF, comment, identifier, not \"}\r\n\r\n\", whitespace\n","stack":"Error: Failed to parse clase59.wlk/bebidas.wlk: \n-- PARSING FAILED --------------------------------------------------\n\n  13 | \n  14 |     method \n> 15 | }\n     | ^\n  16 | \n  17 | object whisky {\n\nExpected one of the following: \n\n'!=', '!==', '%', '&&', '*', '**', '+', '-', '->', '..', '..<', '/', '<', '<<', '<<<', '<=', '<=>', '<>', '==', '===', '>', '>..', '>=', '>>', '>>>', '?:', '@', 'and', 'class', 'const', 'describe', 'invert', 'mixin', 'negate', 'object', 'only', 'or', 'package', 'plus', 'program', 'test', 'var', '{', '||', EOF, comment, identifier, not \"}\r\n\r\n\", whitespace\n\n    at c:\\Users\\elias\\.vscode\\extensions\\uqbar.wollok-lsp-ide-0.5.5\\out\\server\\src\\server.js:2385:13026\n    at Array.map (<anonymous>)\n    at z1n (c:\\Users\\elias\\.vscode\\extensions\\uqbar.wollok-lsp-ide-0.5.5\\out\\server\\src\\server.js:2385:12950)\n    at H2.buildEnvironmentFrom (c:\\Users\\elias\\.vscode\\extensions\\uqbar.wollok-lsp-ide-0.5.5\\out\\server\\src\\server.js:2430:5254)\n    at H2.updateEnvironmentWith (c:\\Users\\elias\\.vscode\\extensions\\uqbar.wollok-lsp-ide-0.5.5\\out\\server\\src\\server.js:2430:4989)\n    at QF (c:\\Users\\elias\\.vscode\\extensions\\uqbar.wollok-lsp-ide-0.5.5\\out\\server\\src\\server.js:2430:7383)\n    at V3.invoke (c:\\Users\\elias\\.vscode\\extensions\\uqbar.wollok-lsp-ide-0.5.5\\out\\server\\src\\server.js:3:157330)\n    at o.fire (c:\\Users\\elias\\.vscode\\extensions\\uqbar.wollok-lsp-ide-0.5.5\\out\\server\\src\\server.js:3:158100)\n    at c:\\Users\\elias\\.vscode\\extensions\\uqbar.wollok-lsp-ide-0.5.5\\out\\server\\src\\server.js:37:57871\n    at nd (c:\\Users\\elias\\.vscode\\extensions\\uqbar.wollok-lsp-ide-0.5.5\\out\\server\\src\\server.js:8:1561)","timestamp":"2026-09-05T13:35:07.028Z"}
{"level":"info","message":"⌛ Building environment","timeElapsed":272,"timestamp":"2026-09-05T13:35:17.342Z"}
{"level":"info","message":"⌛ Validating clase59.wlk/bebidas.wlk","timeElapsed":205,"timestamp":"2026-09-05T13:35:17.577Z"}
{"level":"info","message":"⌛ Building environment","timeElapsed":149,"timestamp":"2026-09-05T13:35:38.089Z"}
{"level":"info","message":"⌛ Validating clase59.wlk/bebidas.wlk","timeElapsed":189,"timestamp":"2026-09-05T13:35:38.278Z"}
{"level":"info","message":"⌛ Building environment","timeElapsed":326,"timestamp":"2026-09-05T13:35:38.867Z"}
{"level":"info","message":"⌛ Building environment","timeElapsed":585,"timestamp":"2026-09-05T13:35:39.559Z"}
{"level":"info","message":"⌛ Validating clase59.wlk/bebidas.wlk","timeElapsed":295,"timestamp":"2026-09-05T13:35:39.977Z"}
{"level":"error","message":"✘ Failed to rebuild document Failed to parse clase59.wlk/bebidas.wlk: \n-- PARSING FAILED --------------------------------------------------\n\n  13 |     var\n  14 |      \n> 15 | }\n     | ^\n  16 | \n  17 | object whisky {\n\nExpected one of the following: \n\n'property', identifier, whitespace\n","stack":"Error: Failed to parse clase59.wlk/bebidas.wlk: \n-- PARSING FAILED --------------------------------------------------\n\n  13 |     var\n  14 |      \n> 15 | }\n     | ^\n  16 | \n  17 | object whisky {\n\nExpected one of the following: \n\n'property', identifier, whitespace\n\n    at c:\\Users\\elias\\.vscode\\extensions\\uqbar.wollok-lsp-ide-0.5.5\\out\\server\\src\\server.js:2385:13026\n    at Array.map (<anonymous>)\n    at z1n (c:\\Users\\elias\\.vscode\\extensions\\uqbar.wollok-lsp-ide-0.5.5\\out\\server\\src\\server.js:2385:12950)\n    at H2.buildEnvironmentFrom (c:\\Users\\elias\\.vscode\\extensions\\uqbar.wollok-lsp-ide-0.5.5\\out\\server\\src\\server.js:2430:5254)\n    at H2.updateEnvironmentWith (c:\\Users\\elias\\.vscode\\extensions\\uqbar.wollok-lsp-ide-0.5.5\\out\\server\\src\\server.js:2430:4989)\n    at QF (c:\\Users\\elias\\.vscode\\extensions\\uqbar.wollok-lsp-ide-0.5.5\\out\\server\\src\\server.js:2430:7383)\n    at V3.invoke (c:\\Users\\elias\\.vscode\\extensions\\uqbar.wollok-lsp-ide-0.5.5\\out\\server\\src\\server.js:3:157330)\n    at o.fire (c:\\Users\\elias\\.vscode\\extensions\\uqbar.wollok-lsp-ide-0.5.5\\out\\server\\src\\server.js:3:158100)\n    at c:\\Users\\elias\\.vscode\\extensions\\uqbar.wollok-lsp-ide-0.5.5\\out\\server\\src\\server.js:37:57871\n    at nd (c:\\Users\\elias\\.vscode\\extensions\\uqbar.wollok-lsp-ide-0.5.5\\out\\server\\src\\server.js:8:1561)","timestamp":"2026-09-05T13:35:40.011Z"}
{"level":"error","message":"✘ Failed to rebuild document Failed to parse clase59.wlk/bebidas.wlk: \n-- PARSING FAILED --------------------------------------------------\n\n  13 |     var \n  14 |      \n> 15 | }\n     | ^\n  16 | \n  17 | object whisky {\n\nExpected one of the following: \n\n'property', identifier, whitespace\n","stack":"Error: Failed to parse clase59.wlk/bebidas.wlk: \n-- PARSING FAILED --------------------------------------------------\n\n  13 |     var \n  14 |      \n> 15 | }\n     | ^\n  16 | \n  17 | object whisky {\n\nExpected one of the following: \n\n'property', identifier, whitespace\n\n    at c:\\Users\\elias\\.vscode\\extensions\\uqbar.wollok-lsp-ide-0.5.5\\out\\server\\src\\server.js:2385:13026\n    at Array.map (<anonymous>)\n    at z1n (c:\\Users\\elias\\.vscode\\extensions\\uqbar.wollok-lsp-ide-0.5.5\\out\\server\\src\\server.js:2385:12950)\n    at H2.buildEnvironmentFrom (c:\\Users\\elias\\.vscode\\extensions\\uqbar.wollok-lsp-ide-0.5.5\\out\\server\\src\\server.js:2430:5254)\n    at H2.updateEnvironmentWith (c:\\Users\\elias\\.vscode\\extensions\\uqbar.wollok-lsp-ide-0.5.5\\out\\server\\src\\server.js:2430:4989)\n    at QF (c:\\Users\\elias\\.vscode\\extensions\\uqbar.wollok-lsp-ide-0.5.5\\out\\server\\src\\server.js:2430:7383)\n    at V3.invoke (c:\\Users\\elias\\.vscode\\extensions\\uqbar.wollok-lsp-ide-0.5.5\\out\\server\\src\\server.js:3:157330)\n    at o.fire (c:\\Users\\elias\\.vscode\\extensions\\uqbar.wollok-lsp-ide-0.5.5\\out\\server\\src\\server.js:3:158100)\n    at c:\\Users\\elias\\.vscode\\extensions\\uqbar.wollok-lsp-ide-0.5.5\\out\\server\\src\\server.js:37:57871\n    at nd (c:\\Users\\elias\\.vscode\\extensions\\uqbar.wollok-lsp-ide-0.5.5\\out\\server\\src\\server.js:8:1561)","timestamp":"2026-09-05T13:35:40.057Z"}
{"level":"info","message":"⌛ Validating clase59.wlk/bebidas.wlk","timeElapsed":301,"timestamp":"2026-09-05T13:35:40.374Z"}
{"level":"info","message":"⌛ Building environment","timeElapsed":139,"timestamp":"2026-09-05T13:35:42.018Z"}
{"level":"info","message":"⌛ Validating clase59.wlk/bebidas.wlk","timeElapsed":256,"timestamp":"2026-09-05T13:35:42.277Z"}
{"level":"error","message":"✘ Failed to rebuild document Failed to parse clase59.wlk/bebidas.wlk: \n-- PARSING FAILED --------------------------------------------------\n\n  13 |     var \n  14 |      \n> 15 | }\n     | ^\n  16 | \n  17 | object whisky {\n\nExpected one of the following: \n\n'property', identifier, whitespace\n","stack":"Error: Failed to parse clase59.wlk/bebidas.wlk: \n-- PARSING FAILED --------------------------------------------------\n\n  13 |     var \n  14 |      \n> 15 | }\n     | ^\n  16 | \n  17 | object whisky {\n\nExpected one of the following: \n\n'property', identifier, whitespace\n\n    at c:\\Users\\elias\\.vscode\\extensions\\uqbar.wollok-lsp-ide-0.5.5\\out\\server\\src\\server.js:2385:13026\n    at Array.map (<anonymous>)\n    at z1n (c:\\Users\\elias\\.vscode\\extensions\\uqbar.wollok-lsp-ide-0.5.5\\out\\server\\src\\server.js:2385:12950)\n    at H2.buildEnvironmentFrom (c:\\Users\\elias\\.vscode\\extensions\\uqbar.wollok-lsp-ide-0.5.5\\out\\server\\src\\server.js:2430:5254)\n    at H2.updateEnvironmentWith (c:\\Users\\elias\\.vscode\\extensions\\uqbar.wollok-lsp-ide-0.5.5\\out\\server\\src\\server.js:2430:4989)\n    at QF (c:\\Users\\elias\\.vscode\\extensions\\uqbar.wollok-lsp-ide-0.5.5\\out\\server\\src\\server.js:2430:7383)\n    at V3.invoke (c:\\Users\\elias\\.vscode\\extensions\\uqbar.wollok-lsp-ide-0.5.5\\out\\server\\src\\server.js:3:157330)\n    at o.fire (c:\\Users\\elias\\.vscode\\extensions\\uqbar.wollok-lsp-ide-0.5.5\\out\\server\\src\\server.js:3:158100)\n    at c:\\Users\\elias\\.vscode\\extensions\\uqbar.wollok-lsp-ide-0.5.5\\out\\server\\src\\server.js:37:57871\n    at nd (c:\\Users\\elias\\.vscode\\extensions\\uqbar.wollok-lsp-ide-0.5.5\\out\\server\\src\\server.js:8:1561)","timestamp":"2026-09-05T13:35:44.911Z"}
{"level":"info","message":"⌛ Building environment","timeElapsed":151,"timestamp":"2026-09-05T13:35:45.757Z"}
{"level":"info","message":"⌛ Building environment","timeElapsed":206,"timestamp":"2026-09-05T13:35:46.056Z"}
{"level":"info","message":"⌛ Validating clase59.wlk/bebidas.wlk","timeElapsed":650,"timestamp":"2026-09-05T13:35:46.707Z"}
{"level":"info","message":"⌛ Building environment","timeElapsed":297,"timestamp":"2026-09-05T13:35:47.005Z"}
{"level":"info","message":"⌛ Building environment","timeElapsed":181,"timestamp":"2026-09-05T13:35:47.232Z"}
{"level":"info","message":"⌛ Validating clase59.wlk/bebidas.wlk","timeElapsed":227,"timestamp":"2026-09-05T13:35:47.547Z"}
{"level":"info","message":"⌛ Building environment","timeElapsed":151,"timestamp":"2026-09-05T13:35:47.699Z"}
{"level":"info","message":"⌛ Building environment","timeElapsed":106,"timestamp":"2026-09-05T13:35:47.815Z"}
{"level":"info","message":"⌛ Validating clase59.wlk/bebidas.wlk","timeElapsed":329,"timestamp":"2026-09-05T13:35:48.171Z"}
{"level":"info","message":"⌛ Building environment","timeElapsed":217,"timestamp":"2026-09-05T13:35:48.419Z"}
{"level":"info","message":"⌛ Validating clase59.wlk/bebidas.wlk","timeElapsed":209,"timestamp":"2026-09-05T13:35:48.656Z"}
{"level":"info","message":"⌛ Building environment","timeElapsed":121,"timestamp":"2026-09-05T13:35:48.777Z"}
{"level":"info","message":"⌛ Building environment","timeElapsed":125,"timestamp":"2026-09-05T13:35:48.913Z"}
{"level":"info","message":"⌛ Validating clase59.wlk/bebidas.wlk","timeElapsed":196,"timestamp":"2026-09-05T13:35:49.111Z"}
{"level":"info","message":"⌛ Validating clase59.wlk/bebidas.wlk","timeElapsed":196,"timestamp":"2026-09-05T13:35:49.312Z"}
{"level":"info","message":"⌛ Building environment","timeElapsed":119,"timestamp":"2026-09-05T13:35:49.472Z"}
{"level":"info","message":"⌛ Validating clase59.wlk/bebidas.wlk","timeElapsed":316,"timestamp":"2026-09-05T13:35:49.818Z"}
{"level":"info","message":"⌛ Validating clase59.wlk/bebidas.wlk","timeElapsed":319,"timestamp":"2026-09-05T13:35:50.172Z"}
{"level":"info","message":"⌛ Validating clase59.wlk/bebidas.wlk","timeElapsed":235,"timestamp":"2026-09-05T13:35:50.411Z"}
{"level":"info","message":"⌛ Building environment","timeElapsed":194,"timestamp":"2026-09-05T13:35:50.606Z"}
{"level":"info","message":"⌛ Validating clase59.wlk/bebidas.wlk","timeElapsed":179,"timestamp":"2026-09-05T13:35:50.789Z"}
{"level":"info","message":"⌛ Validating clase59.wlk/bebidas.wlk","timeElapsed":190,"timestamp":"2026-09-05T13:35:51.011Z"}
{"level":"info","message":"⌛ Building environment","timeElapsed":170,"timestamp":"2026-09-05T13:36:01.390Z"}
{"level":"info","message":"⌛ Validating clase59.wlk/bebidas.wlk","timeElapsed":191,"timestamp":"2026-09-05T13:36:01.598Z"}
{"level":"info","message":"⌛ Building environment","timeElapsed":124,"timestamp":"2026-09-05T13:36:01.723Z"}
{"level":"info","message":"⌛ Building environment","timeElapsed":360,"timestamp":"2026-09-05T13:36:02.085Z"}
{"level":"info","message":"⌛ Validating clase59.wlk/bebidas.wlk","timeElapsed":405,"timestamp":"2026-09-05T13:36:02.507Z"}
{"level":"info","message":"⌛ Building environment","timeElapsed":228,"timestamp":"2026-09-05T13:36:02.738Z"}
{"level":"info","message":"⌛ Building environment","timeElapsed":169,"timestamp":"2026-09-05T13:36:02.910Z"}
{"level":"info","message":"⌛ Validating clase59.wlk/bebidas.wlk","timeElapsed":183,"timestamp":"2026-09-05T13:36:03.121Z"}
{"level":"info","message":"⌛ Building environment","timeElapsed":211,"timestamp":"2026-09-05T13:36:03.333Z"}
{"level":"info","message":"⌛ Validating clase59.wlk/bebidas.wlk","timeElapsed":189,"timestamp":"2026-09-05T13:36:03.541Z"}
{"level":"info","message":"⌛ Validating clase59.wlk/bebidas.wlk","timeElapsed":330,"timestamp":"2026-09-05T13:36:03.879Z"}
{"level":"info","message":"⌛ Validating clase59.wlk/bebidas.wlk","timeElapsed":184,"timestamp":"2026-09-05T13:36:04.090Z"}
{"errors":{"errors":[null,["/*\r","Agregado al readme:\r","cianuro: el rendimiento sera cero si el peso del deportista es 70 o menos, si es mas\r","que 70 entoces el rendimiento es el 1% de la dosis consumida.\r"]]},"level":"error","message":"✘ Failed to get type description: Error: {\n  \"errors\": [\n    null,\n    [\n      \"/*\\r\",\n      \"Agregado al readme:\\r\",\n      \"cianuro: el rendimiento sera cero si el peso del deportista es 70 o menos, si es mas\\r\",\n      \"que 70 entoces el rendimiento es el 1% de la dosis consumida.\\r\"\n    ]\n  ]\n} {\n  \"errors\": [\n    null,\n    [\n      \"/*\\r\",\n      \"Agregado al readme:\\r\",\n      \"cianuro: el rendimiento sera cero si el peso del deportista es 70 o menos, si es mas\\r\",\n      \"que 70 entoces el rendimiento es el 1% de la dosis consumida.\\r\"\n    ]\n  ]\n}","stack":"Error: {\n  \"errors\": [\n    null,\n    [\n      \"/*\\r\",\n      \"Agregado al readme:\\r\",\n      \"cianuro: el rendimiento sera cero si el peso del deportista es 70 o menos, si es mas\\r\",\n      \"que 70 entoces el rendimiento es el 1% de la dosis consumida.\\r\"\n    ]\n  ]\n}\n    at lS (c:\\Users\\elias\\.vscode\\extensions\\uqbar.wollok-lsp-ide-0.5.5\\out\\server\\src\\server.js:64:34609)\n    at Q1 (c:\\Users\\elias\\.vscode\\extensions\\uqbar.wollok-lsp-ide-0.5.5\\out\\server\\src\\server.js:64:34682)\n    at c:\\Users\\elias\\.vscode\\extensions\\uqbar.wollok-lsp-ide-0.5.5\\out\\server\\src\\server.js:64:37949\n    at o.y1 (c:\\Users\\elias\\.vscode\\extensions\\uqbar.wollok-lsp-ide-0.5.5\\out\\server\\src\\server.js:57:59136)\n    at c:\\Users\\elias\\.vscode\\extensions\\uqbar.wollok-lsp-ide-0.5.5\\out\\server\\src\\server.js:64:37918\n    at c:\\Users\\elias\\.vscode\\extensions\\uqbar.wollok-lsp-ide-0.5.5\\out\\server\\src\\server.js:57:57176\n    at Dfn (c:\\Users\\elias\\.vscode\\extensions\\uqbar.wollok-lsp-ide-0.5.5\\out\\server\\src\\server.js:68:11324)\n    at c:\\Users\\elias\\.vscode\\extensions\\uqbar.wollok-lsp-ide-0.5.5\\out\\server\\src\\server.js:68:3629\n    at Array.map (<anonymous>)\n    at c:\\Users\\elias\\.vscode\\extensions\\uqbar.wollok-lsp-ide-0.5.5\\out\\server\\src\\server.js:68:4693","timestamp":"2026-09-05T13:36:04.572Z"}
{"level":"info","message":"⌛ Building environment","timeElapsed":135,"timestamp":"2026-09-05T13:36:06.451Z"}
{"level":"info","message":"⌛ Validating clase59.wlk/bebidas.wlk","timeElapsed":195,"timestamp":"2026-09-05T13:36:06.647Z"}
{"level":"info","message":"⌛ Building environment","timeElapsed":150,"timestamp":"2026-09-05T13:36:07.558Z"}
{"level":"info","message":"⌛ Validating clase59.wlk/bebidas.wlk","timeElapsed":179,"timestamp":"2026-09-05T13:36:07.743Z"}
{"level":"info","message":"⌛ Building environment","timeElapsed":163,"timestamp":"2026-09-05T13:36:10.107Z"}
{"level":"info","message":"⌛ Validating clase59.wlk/bebidas.wlk","timeElapsed":316,"timestamp":"2026-09-05T13:36:10.446Z"}
{"level":"info","message":"⌛ Building environment","timeElapsed":366,"timestamp":"2026-09-05T13:36:11.820Z"}
{"level":"info","message":"⌛ Validating clase59.wlk/bebidas.wlk","timeElapsed":315,"timestamp":"2026-09-05T13:36:12.182Z"}
{"level":"info","message":"⌛ Building environment","timeElapsed":180,"timestamp":"2026-09-05T13:36:56.620Z"}
{"level":"info","message":"⌛ Building environment","timeElapsed":189,"timestamp":"2026-09-05T13:36:56.873Z"}
{"level":"info","message":"⌛ Validating clase59.wlk/bebidas.wlk","timeElapsed":257,"timestamp":"2026-09-05T13:36:57.136Z"}
{"level":"info","message":"⌛ Building environment","timeElapsed":287,"timestamp":"2026-09-05T13:36:57.449Z"}
{"level":"info","message":"⌛ Validating clase59.wlk/bebidas.wlk","timeElapsed":374,"timestamp":"2026-09-05T13:36:57.885Z"}
{"level":"info","message":"⌛ Building environment","timeElapsed":181,"timestamp":"2026-09-05T13:36:58.080Z"}
{"level":"info","message":"⌛ Building environment","timeElapsed":170,"timestamp":"2026-09-05T13:36:58.252Z"}
{"level":"error","message":"✘ Failed to rebuild document Failed to parse clase59.wlk/bebidas.wlk: \n-- PARSING FAILED --------------------------------------------------\n\n  15 |     method\n  16 | \n> 17 | }\n     | ^\n  18 | \n  19 | object whisky {\n\nExpected one of the following: \n\n'!=', '!==', '%', '&&', '*', '**', '+', '-', '->', '..', '..<', '/', '<', '<<', '<<<', '<=', '<=>', '<>', '==', '===', '>', '>..', '>=', '>>', '>>>', '?:', '@', 'and', 'class', 'const', 'describe', 'invert', 'mixin', 'negate', 'object', 'only', 'or', 'package', 'plus', 'program', 'test', 'var', '{', '||', EOF, comment, identifier, not \"}\r\n\r\n\", whitespace\n","stack":"Error: Failed to parse clase59.wlk/bebidas.wlk: \n-- PARSING FAILED --------------------------------------------------\n\n  15 |     method\n  16 | \n> 17 | }\n     | ^\n  18 | \n  19 | object whisky {\n\nExpected one of the following: \n\n'!=', '!==', '%', '&&', '*', '**', '+', '-', '->', '..', '..<', '/', '<', '<<', '<<<', '<=', '<=>', '<>', '==', '===', '>', '>..', '>=', '>>', '>>>', '?:', '@', 'and', 'class', 'const', 'describe', 'invert', 'mixin', 'negate', 'object', 'only', 'or', 'package', 'plus', 'program', 'test', 'var', '{', '||', EOF, comment, identifier, not \"}\r\n\r\n\", whitespace\n\n    at c:\\Users\\elias\\.vscode\\extensions\\uqbar.wollok-lsp-ide-0.5.5\\out\\server\\src\\server.js:2385:13026\n    at Array.map (<anonymous>)\n    at z1n (c:\\Users\\elias\\.vscode\\extensions\\uqbar.wollok-lsp-ide-0.5.5\\out\\server\\src\\server.js:2385:12950)\n    at H2.buildEnvironmentFrom (c:\\Users\\elias\\.vscode\\extensions\\uqbar.wollok-lsp-ide-0.5.5\\out\\server\\src\\server.js:2430:5254)\n    at H2.updateEnvironmentWith (c:\\Users\\elias\\.vscode\\extensions\\uqbar.wollok-lsp-ide-0.5.5\\out\\server\\src\\server.js:2430:4989)\n    at QF (c:\\Users\\elias\\.vscode\\extensions\\uqbar.wollok-lsp-ide-0.5.5\\out\\server\\src\\server.js:2430:7383)\n    at V3.invoke (c:\\Users\\elias\\.vscode\\extensions\\uqbar.wollok-lsp-ide-0.5.5\\out\\server\\src\\server.js:3:157330)\n    at o.fire (c:\\Users\\elias\\.vscode\\extensions\\uqbar.wollok-lsp-ide-0.5.5\\out\\server\\src\\server.js:3:158100)\n    at c:\\Users\\elias\\.vscode\\extensions\\uqbar.wollok-lsp-ide-0.5.5\\out\\server\\src\\server.js:37:57871\n    at nd (c:\\Users\\elias\\.vscode\\extensions\\uqbar.wollok-lsp-ide-0.5.5\\out\\server\\src\\server.js:8:1561)","timestamp":"2026-09-05T13:36:58.289Z"}
{"level":"info","message":"⌛ Validating clase59.wlk/bebidas.wlk","timeElapsed":318,"timestamp":"2026-09-05T13:36:58.616Z"}
{"level":"error","message":"✘ Failed to rebuild document Failed to parse clase59.wlk/bebidas.wlk: \n-- PARSING FAILED --------------------------------------------------\n\n  15 |     method \n  16 | \n> 17 | }\n     | ^\n  18 | \n  19 | object whisky {\n\nExpected one of the following: \n\n'!=', '!==', '%', '&&', '*', '**', '+', '-', '->', '..', '..<', '/', '<', '<<', '<<<', '<=', '<=>', '<>', '==', '===', '>', '>..', '>=', '>>', '>>>', '?:', '@', 'and', 'class', 'const', 'describe', 'invert', 'mixin', 'negate', 'object', 'only', 'or', 'package', 'plus', 'program', 'test', 'var', '{', '||', EOF, comment, identifier, not \"}\r\n\r\n\", whitespace\n","stack":"Error: Failed to parse clase59.wlk/bebidas.wlk: \n-- PARSING FAILED --------------------------------------------------\n\n  15 |     method \n  16 | \n> 17 | }\n     | ^\n  18 | \n  19 | object whisky {\n\nExpected one of the following: \n\n'!=', '!==', '%', '&&', '*', '**', '+', '-', '->', '..', '..<', '/', '<', '<<', '<<<', '<=', '<=>', '<>', '==', '===', '>', '>..', '>=', '>>', '>>>', '?:', '@', 'and', 'class', 'const', 'describe', 'invert', 'mixin', 'negate', 'object', 'only', 'or', 'package', 'plus', 'program', 'test', 'var', '{', '||', EOF, comment, identifier, not \"}\r\n\r\n\", whitespace\n\n    at c:\\Users\\elias\\.vscode\\extensions\\uqbar.wollok-lsp-ide-0.5.5\\out\\server\\src\\server.js:2385:13026\n    at Array.map (<anonymous>)\n    at z1n (c:\\Users\\elias\\.vscode\\extensions\\uqbar.wollok-lsp-ide-0.5.5\\out\\server\\src\\server.js:2385:12950)\n    at H2.buildEnvironmentFrom (c:\\Users\\elias\\.vscode\\extensions\\uqbar.wollok-lsp-ide-0.5.5\\out\\server\\src\\server.js:2430:5254)\n    at H2.updateEnvironmentWith (c:\\Users\\elias\\.vscode\\extensions\\uqbar.wollok-lsp-ide-0.5.5\\out\\server\\src\\server.js:2430:4989)\n    at QF (c:\\Users\\elias\\.vscode\\extensions\\uqbar.wollok-lsp-ide-0.5.5\\out\\server\\src\\server.js:2430:7383)\n    at V3.invoke (c:\\Users\\elias\\.vscode\\extensions\\uqbar.wollok-lsp-ide-0.5.5\\out\\server\\src\\server.js:3:157330)\n    at o.fire (c:\\Users\\elias\\.vscode\\extensions\\uqbar.wollok-lsp-ide-0.5.5\\out\\server\\src\\server.js:3:158100)\n    at c:\\Users\\elias\\.vscode\\extensions\\uqbar.wollok-lsp-ide-0.5.5\\out\\server\\src\\server.js:37:57871\n    at nd (c:\\Users\\elias\\.vscode\\extensions\\uqbar.wollok-lsp-ide-0.5.5\\out\\server\\src\\server.js:8:1561)","timestamp":"2026-09-05T13:36:58.632Z"}
{"level":"info","message":"⌛ Validating clase59.wlk/bebidas.wlk","timeElapsed":381,"timestamp":"2026-09-05T13:36:59.036Z"}
{"level":"info","message":"⌛ Validating clase59.wlk/bebidas.wlk","timeElapsed":332,"timestamp":"2026-09-05T13:36:59.368Z"}
{"level":"info","message":"⌛ Building environment","timeElapsed":174,"timestamp":"2026-09-05T13:37:01.247Z"}
{"level":"info","message":"⌛ Building environment","timeElapsed":166,"timestamp":"2026-09-05T13:37:01.437Z"}
{"level":"info","message":"⌛ Validating clase59.wlk/bebidas.wlk","timeElapsed":228,"timestamp":"2026-09-05T13:37:01.712Z"}
{"level":"info","message":"⌛ Building environment","timeElapsed":151,"timestamp":"2026-09-05T13:37:01.868Z"}
{"level":"info","message":"⌛ Validating clase59.wlk/bebidas.wlk","timeElapsed":243,"timestamp":"2026-09-05T13:37:02.127Z"}
{"level":"info","message":"⌛ Building environment","timeElapsed":210,"timestamp":"2026-09-05T13:37:02.344Z"}
{"level":"info","message":"⌛ Building environment","timeElapsed":223,"timestamp":"2026-09-05T13:37:02.633Z"}
{"level":"info","message":"⌛ Validating clase59.wlk/bebidas.wlk","timeElapsed":299,"timestamp":"2026-09-05T13:37:02.950Z"}
{"level":"info","message":"⌛ Building environment","timeElapsed":152,"timestamp":"2026-09-05T13:37:03.103Z"}
{"level":"info","message":"⌛ Building environment","timeElapsed":243,"timestamp":"2026-09-05T13:37:03.347Z"}
{"level":"info","message":"⌛ Building environment","timeElapsed":166,"timestamp":"2026-09-05T13:37:03.514Z"}
{"level":"info","message":"⌛ Validating clase59.wlk/bebidas.wlk","timeElapsed":155,"timestamp":"2026-09-05T13:37:03.717Z"}
{"level":"info","message":"⌛ Validating clase59.wlk/bebidas.wlk","timeElapsed":221,"timestamp":"2026-09-05T13:37:03.953Z"}
{"level":"info","message":"⌛ Building environment","timeElapsed":213,"timestamp":"2026-09-05T13:37:04.181Z"}
{"level":"info","message":"⌛ Validating clase59.wlk/bebidas.wlk","timeElapsed":314,"timestamp":"2026-09-05T13:37:04.497Z"}
{"level":"info","message":"⌛ Validating clase59.wlk/bebidas.wlk","timeElapsed":266,"timestamp":"2026-09-05T13:37:04.806Z"}
{"level":"info","message":"⌛ Validating clase59.wlk/bebidas.wlk","timeElapsed":271,"timestamp":"2026-09-05T13:37:05.078Z"}
{"level":"info","message":"⌛ Validating clase59.wlk/bebidas.wlk","timeElapsed":202,"timestamp":"2026-09-05T13:37:05.281Z"}
{"level":"info","message":"⌛ Building environment","timeElapsed":334,"timestamp":"2026-09-05T13:37:05.631Z"}
{"level":"error","message":"✘ Completions for node Parameter ([15:21, 15:22] - clase59.wlk/bebidas.wlk) failed: Error: [Parameter]{1ca177} at clase59.wlk/bebidas.wlk:15 exhausted all cases without a match [Parameter]{1ca177} at clase59.wlk/bebidas.wlk:15 exhausted all cases without a match","stack":"Error: [Parameter]{1ca177} at clase59.wlk/bebidas.wlk:15 exhausted all cases without a match\n    at c:\\Users\\elias\\.vscode\\extensions\\uqbar.wollok-lsp-ide-0.5.5\\out\\server\\src\\server.js:38:6142\n    at L2 (c:\\Users\\elias\\.vscode\\extensions\\uqbar.wollok-lsp-ide-0.5.5\\out\\server\\src\\server.js:2421:42)\n    at c:\\Users\\elias\\.vscode\\extensions\\uqbar.wollok-lsp-ide-0.5.5\\out\\server\\src\\server.js:2421:2988\n    at c:\\Users\\elias\\.vscode\\extensions\\uqbar.wollok-lsp-ide-0.5.5\\out\\server\\src\\server.js:2430:8440\n    at c:\\Users\\elias\\.vscode\\extensions\\uqbar.wollok-lsp-ide-0.5.5\\out\\server\\src\\server.js:37:74872\n    at Ke (c:\\Users\\elias\\.vscode\\extensions\\uqbar.wollok-lsp-ide-0.5.5\\out\\server\\src\\server.js:7:8527)\n    at It (c:\\Users\\elias\\.vscode\\extensions\\uqbar.wollok-lsp-ide-0.5.5\\out\\server\\src\\server.js:7:6189)\n    at et (c:\\Users\\elias\\.vscode\\extensions\\uqbar.wollok-lsp-ide-0.5.5\\out\\server\\src\\server.js:7:6378)\n    at Immediate._onImmediate (c:\\Users\\elias\\.vscode\\extensions\\uqbar.wollok-lsp-ide-0.5.5\\out\\server\\src\\server.js:7:6142)\n    at process.processImmediate (node:internal/timers:485:21)","timestamp":"2026-09-05T13:37:05.683Z"}
{"level":"info","message":"⌛ Building environment","timeElapsed":212,"timestamp":"2026-09-05T13:37:05.900Z"}
{"level":"info","message":"⌛ Building environment","timeElapsed":219,"timestamp":"2026-09-05T13:37:06.121Z"}
{"level":"info","message":"⌛ Building environment","timeElapsed":226,"timestamp":"2026-09-05T13:37:06.484Z"}
{"level":"info","message":"⌛ Building environment","timeElapsed":334,"timestamp":"2026-09-05T13:37:06.821Z"}
{"level":"info","message":"⌛ Building environment","timeElapsed":182,"timestamp":"2026-09-05T13:37:07.003Z"}
{"level":"info","message":"⌛ Building environment","timeElapsed":160,"timestamp":"2026-09-05T13:37:07.208Z"}
{"level":"info","message":"⌛ Building environment","timeElapsed":247,"timestamp":"2026-09-05T13:37:07.458Z"}
{"level":"info","message":"⌛ Validating clase59.wlk/bebidas.wlk","timeElapsed":273,"timestamp":"2026-09-05T13:37:07.737Z"}
{"level":"info","message":"⌛ Validating clase59.wlk/bebidas.wlk","timeElapsed":212,"timestamp":"2026-09-05T13:37:07.964Z"}
{"level":"info","message":"⌛ Building environment","timeElapsed":216,"timestamp":"2026-09-05T13:37:08.180Z"}
{"level":"info","message":"⌛ Validating clase59.wlk/bebidas.wlk","timeElapsed":284,"timestamp":"2026-09-05T13:37:08.492Z"}
{"level":"info","message":"⌛ Building environment","timeElapsed":412,"timestamp":"2026-09-05T13:37:08.915Z"}
{"level":"info","message":"⌛ Building environment","timeElapsed":231,"timestamp":"2026-09-05T13:37:09.148Z"}
{"level":"error","message":"✘ Completions for node Parameter ([15:31, 15:32] - clase59.wlk/bebidas.wlk) failed: Error: [Parameter]{cb6262} at clase59.wlk/bebidas.wlk:15 exhausted all cases without a match [Parameter]{cb6262} at clase59.wlk/bebidas.wlk:15 exhausted all cases without a match","stack":"Error: [Parameter]{cb6262} at clase59.wlk/bebidas.wlk:15 exhausted all cases without a match\n    at c:\\Users\\elias\\.vscode\\extensions\\uqbar.wollok-lsp-ide-0.5.5\\out\\server\\src\\server.js:38:6142\n    at L2 (c:\\Users\\elias\\.vscode\\extensions\\uqbar.wollok-lsp-ide-0.5.5\\out\\server\\src\\server.js:2421:42)\n    at c:\\Users\\elias\\.vscode\\extensions\\uqbar.wollok-lsp-ide-0.5.5\\out\\server\\src\\server.js:2421:2988\n    at c:\\Users\\elias\\.vscode\\extensions\\uqbar.wollok-lsp-ide-0.5.5\\out\\server\\src\\server.js:2430:8440\n    at c:\\Users\\elias\\.vscode\\extensions\\uqbar.wollok-lsp-ide-0.5.5\\out\\server\\src\\server.js:37:74872\n    at Ke (c:\\Users\\elias\\.vscode\\extensions\\uqbar.wollok-lsp-ide-0.5.5\\out\\server\\src\\server.js:7:8527)\n    at It (c:\\Users\\elias\\.vscode\\extensions\\uqbar.wollok-lsp-ide-0.5.5\\out\\server\\src\\server.js:7:6189)\n    at et (c:\\Users\\elias\\.vscode\\extensions\\uqbar.wollok-lsp-ide-0.5.5\\out\\server\\src\\server.js:7:6378)\n    at Immediate._onImmediate (c:\\Users\\elias\\.vscode\\extensions\\uqbar.wollok-lsp-ide-0.5.5\\out\\server\\src\\server.js:7:6142)\n    at process.processImmediate (node:internal/timers:485:21)","timestamp":"2026-09-05T13:37:09.220Z"}
{"level":"info","message":"⌛ Validating clase59.wlk/bebidas.wlk","timeElapsed":196,"timestamp":"2026-09-05T13:37:09.429Z"}
{"level":"info","message":"⌛ Building environment","timeElapsed":178,"timestamp":"2026-09-05T13:37:09.608Z"}
{"level":"info","message":"⌛ Building environment","timeElapsed":167,"timestamp":"2026-09-05T13:37:09.809Z"}
{"level":"info","message":"⌛ Validating clase59.wlk/bebidas.wlk","timeElapsed":255,"timestamp":"2026-09-05T13:37:10.117Z"}
{"level":"info","message":"⌛ Building environment","timeElapsed":418,"timestamp":"2026-09-05T13:37:10.537Z"}
{"level":"info","message":"⌛ Building environment","timeElapsed":211,"timestamp":"2026-09-05T13:37:10.779Z"}
{"level":"info","message":"⌛ Validating clase59.wlk/bebidas.wlk","timeElapsed":254,"timestamp":"2026-09-05T13:37:11.037Z"}
{"level":"info","message":"⌛ Building environment","timeElapsed":265,"timestamp":"2026-09-05T13:37:11.302Z"}
{"level":"info","message":"⌛ Validating clase59.wlk/bebidas.wlk","timeElapsed":269,"timestamp":"2026-09-05T13:37:11.576Z"}
{"level":"info","message":"⌛ Validating clase59.wlk/bebidas.wlk","timeElapsed":160,"timestamp":"2026-09-05T13:37:11.754Z"}
{"level":"info","message":"⌛ Validating clase59.wlk/bebidas.wlk","timeElapsed":158,"timestamp":"2026-09-05T13:37:11.916Z"}
{"level":"info","message":"⌛ Building environment","timeElapsed":231,"timestamp":"2026-09-05T13:37:12.159Z"}
{"level":"info","message":"⌛ Building environment","timeElapsed":246,"timestamp":"2026-09-05T13:37:12.413Z"}
{"level":"info","message":"⌛ Validating clase59.wlk/bebidas.wlk","timeElapsed":327,"timestamp":"2026-09-05T13:37:12.743Z"}
{"level":"info","message":"⌛ Validating clase59.wlk/bebidas.wlk","timeElapsed":317,"timestamp":"2026-09-05T13:37:13.069Z"}
{"level":"info","message":"⌛ Validating clase59.wlk/bebidas.wlk","timeElapsed":215,"timestamp":"2026-09-05T13:37:13.285Z"}
{"level":"info","message":"⌛ Validating clase59.wlk/bebidas.wlk","timeElapsed":180,"timestamp":"2026-09-05T13:37:13.469Z"}
{"level":"info","message":"⌛ Validating clase59.wlk/bebidas.wlk","timeElapsed":273,"timestamp":"2026-09-05T13:37:13.800Z"}
{"level":"info","message":"⌛ Validating clase59.wlk/bebidas.wlk","timeElapsed":195,"timestamp":"2026-09-05T13:37:14.001Z"}
{"level":"info","message":"⌛ Building environment","timeElapsed":176,"timestamp":"2026-09-05T13:37:14.182Z"}
{"level":"info","message":"⌛ Validating clase59.wlk/bebidas.wlk","timeElapsed":260,"timestamp":"2026-09-05T13:37:14.541Z"}
{"level":"info","message":"⌛ Building environment","timeElapsed":169,"timestamp":"2026-09-05T13:37:14.710Z"}
{"level":"info","message":"⌛ Validating clase59.wlk/bebidas.wlk","timeElapsed":183,"timestamp":"2026-09-05T13:37:14.909Z"}
{"level":"info","message":"⌛ Validating clase59.wlk/bebidas.wlk","timeElapsed":264,"timestamp":"2026-09-05T13:37:15.186Z"}
{"level":"info","message":"⌛ Building environment","timeElapsed":169,"timestamp":"2026-09-05T13:37:15.380Z"}
{"level":"info","message":"⌛ Building environment","timeElapsed":195,"timestamp":"2026-09-05T13:37:15.580Z"}
{"level":"info","message":"⌛ Building environment","timeElapsed":268,"timestamp":"2026-09-05T13:37:15.849Z"}
{"level":"info","message":"⌛ Building environment","timeElapsed":210,"timestamp":"2026-09-05T13:37:16.071Z"}
{"level":"info","message":"⌛ Validating clase59.wlk/bebidas.wlk","timeElapsed":256,"timestamp":"2026-09-05T13:37:16.344Z"}
{"level":"info","message":"⌛ Validating clase59.wlk/bebidas.wlk","timeElapsed":228,"timestamp":"2026-09-05T13:37:16.577Z"}
{"level":"info","message":"⌛ Validating clase59.wlk/bebidas.wlk","timeElapsed":261,"timestamp":"2026-09-05T13:37:16.860Z"}
{"level":"info","message":"⌛ Validating clase59.wlk/bebidas.wlk","timeElapsed":202,"timestamp":"2026-09-05T13:37:17.067Z"}
{"level":"info","message":"⌛ Validating clase59.wlk/bebidas.wlk","timeElapsed":315,"timestamp":"2026-09-05T13:37:17.386Z"}
{"level":"info","message":"⌛ Validating clase59.wlk/bebidas.wlk","timeElapsed":268,"timestamp":"2026-09-05T13:37:17.676Z"}
{"level":"info","message":"⌛ Building environment","timeElapsed":294,"timestamp":"2026-09-05T13:37:17.972Z"}
{"level":"info","message":"⌛ Building environment","timeElapsed":184,"timestamp":"2026-09-05T13:37:18.208Z"}
{"level":"info","message":"⌛ Building environment","timeElapsed":178,"timestamp":"2026-09-05T13:37:18.399Z"}
{"level":"info","message":"⌛ Building environment","timeElapsed":115,"timestamp":"2026-09-05T13:37:18.519Z"}
{"level":"info","message":"⌛ Validating clase59.wlk/bebidas.wlk","timeElapsed":277,"timestamp":"2026-09-05T13:37:18.841Z"}
{"level":"info","message":"⌛ Validating clase59.wlk/bebidas.wlk","timeElapsed":182,"timestamp":"2026-09-05T13:37:19.036Z"}
{"level":"info","message":"⌛ Validating clase59.wlk/bebidas.wlk","timeElapsed":161,"timestamp":"2026-09-05T13:37:19.201Z"}
{"level":"info","message":"⌛ Validating clase59.wlk/bebidas.wlk","timeElapsed":238,"timestamp":"2026-09-05T13:37:19.541Z"}
{"level":"error","message":"✘ Completions for node Assignment ([16:9, 16:28] - clase59.wlk/bebidas.wlk) failed: Error: [Assignment]{80c61b} at clase59.wlk/bebidas.wlk:16 exhausted all cases without a match [Assignment]{80c61b} at clase59.wlk/bebidas.wlk:16 exhausted all cases without a match","stack":"Error: [Assignment]{80c61b} at clase59.wlk/bebidas.wlk:16 exhausted all cases without a match\n    at c:\\Users\\elias\\.vscode\\extensions\\uqbar.wollok-lsp-ide-0.5.5\\out\\server\\src\\server.js:38:6142\n    at L2 (c:\\Users\\elias\\.vscode\\extensions\\uqbar.wollok-lsp-ide-0.5.5\\out\\server\\src\\server.js:2421:42)\n    at Jh (c:\\Users\\elias\\.vscode\\extensions\\uqbar.wollok-lsp-ide-0.5.5\\out\\server\\src\\server.js:2421:1092)\n    at w5n (c:\\Users\\elias\\.vscode\\extensions\\uqbar.wollok-lsp-ide-0.5.5\\out\\server\\src\\server.js:2421:1248)\n    at c:\\Users\\elias\\.vscode\\extensions\\uqbar.wollok-lsp-ide-0.5.5\\out\\server\\src\\server.js:38:6131\n    at L2 (c:\\Users\\elias\\.vscode\\extensions\\uqbar.wollok-lsp-ide-0.5.5\\out\\server\\src\\server.js:2421:42)\n    at c:\\Users\\elias\\.vscode\\extensions\\uqbar.wollok-lsp-ide-0.5.5\\out\\server\\src\\server.js:2421:2988\n    at c:\\Users\\elias\\.vscode\\extensions\\uqbar.wollok-lsp-ide-0.5.5\\out\\server\\src\\server.js:2430:8440\n    at c:\\Users\\elias\\.vscode\\extensions\\uqbar.wollok-lsp-ide-0.5.5\\out\\server\\src\\server.js:37:74872\n    at Ke (c:\\Users\\elias\\.vscode\\extensions\\uqbar.wollok-lsp-ide-0.5.5\\out\\server\\src\\server.js:7:8527)","timestamp":"2026-09-05T13:37:19.595Z"}
{"level":"info","message":"⌛ Building environment","timeElapsed":229,"timestamp":"2026-09-05T13:37:19.829Z"}
{"level":"info","message":"⌛ Building environment","timeElapsed":148,"timestamp":"2026-09-05T13:37:19.983Z"}
{"level":"info","message":"⌛ Building environment","timeElapsed":161,"timestamp":"2026-09-05T13:37:20.169Z"}
{"level":"info","message":"⌛ Validating clase59.wlk/bebidas.wlk","timeElapsed":209,"timestamp":"2026-09-05T13:37:20.395Z"}
{"level":"info","message":"⌛ Building environment","timeElapsed":202,"timestamp":"2026-09-05T13:37:20.597Z"}
{"level":"info","message":"⌛ Building environment","timeElapsed":123,"timestamp":"2026-09-05T13:37:20.721Z"}
{"level":"info","message":"⌛ Building environment","timeElapsed":122,"timestamp":"2026-09-05T13:37:20.867Z"}
{"level":"info","message":"⌛ Validating clase59.wlk/bebidas.wlk","timeElapsed":205,"timestamp":"2026-09-05T13:37:21.082Z"}
{"level":"info","message":"⌛ Validating clase59.wlk/bebidas.wlk","timeElapsed":200,"timestamp":"2026-09-05T13:37:21.282Z"}
{"level":"info","message":"⌛ Validating clase59.wlk/bebidas.wlk","timeElapsed":182,"timestamp":"2026-09-05T13:37:21.466Z"}
{"level":"info","message":"⌛ Building environment","timeElapsed":204,"timestamp":"2026-09-05T13:37:21.672Z"}
{"level":"info","message":"⌛ Validating clase59.wlk/bebidas.wlk","timeElapsed":271,"timestamp":"2026-09-05T13:37:21.945Z"}
{"level":"info","message":"⌛ Validating clase59.wlk/bebidas.wlk","timeElapsed":180,"timestamp":"2026-09-05T13:37:22.125Z"}
{"level":"info","message":"⌛ Validating clase59.wlk/bebidas.wlk","timeElapsed":160,"timestamp":"2026-09-05T13:37:22.294Z"}
{"level":"info","message":"⌛ Building environment","timeElapsed":141,"timestamp":"2026-09-05T13:37:22.441Z"}
{"level":"info","message":"⌛ Building environment","timeElapsed":340,"timestamp":"2026-09-05T13:37:22.862Z"}
{"level":"info","message":"⌛ Validating clase59.wlk/bebidas.wlk","timeElapsed":233,"timestamp":"2026-09-05T13:37:23.097Z"}
{"level":"info","message":"⌛ Building environment","timeElapsed":168,"timestamp":"2026-09-05T13:37:23.268Z"}
{"level":"info","message":"⌛ Building environment","timeElapsed":146,"timestamp":"2026-09-05T13:37:23.442Z"}
{"level":"info","message":"⌛ Building environment","timeElapsed":143,"timestamp":"2026-09-05T13:37:23.591Z"}
{"level":"info","message":"⌛ Validating clase59.wlk/bebidas.wlk","timeElapsed":180,"timestamp":"2026-09-05T13:37:23.781Z"}
{"level":"info","message":"⌛ Building environment","timeElapsed":435,"timestamp":"2026-09-05T13:37:24.221Z"}
{"level":"info","message":"⌛ Validating clase59.wlk/bebidas.wlk","timeElapsed":308,"timestamp":"2026-09-05T13:37:24.595Z"}
{"level":"info","message":"⌛ Building environment","timeElapsed":194,"timestamp":"2026-09-05T13:37:24.797Z"}
{"level":"info","message":"⌛ Validating clase59.wlk/bebidas.wlk","timeElapsed":274,"timestamp":"2026-09-05T13:37:25.094Z"}
{"level":"info","message":"⌛ Validating clase59.wlk/bebidas.wlk","timeElapsed":233,"timestamp":"2026-09-05T13:37:25.330Z"}
{"level":"info","message":"⌛ Validating clase59.wlk/bebidas.wlk","timeElapsed":291,"timestamp":"2026-09-05T13:37:25.621Z"}
{"level":"info","message":"⌛ Building environment","timeElapsed":373,"timestamp":"2026-09-05T13:37:26.008Z"}
{"level":"info","message":"⌛ Validating clase59.wlk/bebidas.wlk","timeElapsed":252,"timestamp":"2026-09-05T13:37:26.293Z"}
{"level":"info","message":"⌛ Validating clase59.wlk/bebidas.wlk","timeElapsed":337,"timestamp":"2026-09-05T13:37:26.631Z"}
{"level":"info","message":"⌛ Building environment","timeElapsed":225,"timestamp":"2026-09-05T13:37:26.879Z"}
{"level":"info","message":"⌛ Building environment","timeElapsed":313,"timestamp":"2026-09-05T13:37:27.196Z"}
{"level":"info","message":"⌛ Building environment","timeElapsed":506,"timestamp":"2026-09-05T13:37:27.719Z"}
{"level":"error","message":"✘ Completions for node Assignment ([17:9, 17:18] - clase59.wlk/bebidas.wlk) failed: Error: [Assignment]{cec8c1} at clase59.wlk/bebidas.wlk:17 exhausted all cases without a match [Assignment]{cec8c1} at clase59.wlk/bebidas.wlk:17 exhausted all cases without a match","stack":"Error: [Assignment]{cec8c1} at clase59.wlk/bebidas.wlk:17 exhausted all cases without a match\n    at c:\\Users\\elias\\.vscode\\extensions\\uqbar.wollok-lsp-ide-0.5.5\\out\\server\\src\\server.js:38:6142\n    at L2 (c:\\Users\\elias\\.vscode\\extensions\\uqbar.wollok-lsp-ide-0.5.5\\out\\server\\src\\server.js:2421:42)\n    at Jh (c:\\Users\\elias\\.vscode\\extensions\\uqbar.wollok-lsp-ide-0.5.5\\out\\server\\src\\server.js:2421:1092)\n    at w5n (c:\\Users\\elias\\.vscode\\extensions\\uqbar.wollok-lsp-ide-0.5.5\\out\\server\\src\\server.js:2421:1248)\n    at c:\\Users\\elias\\.vscode\\extensions\\uqbar.wollok-lsp-ide-0.5.5\\out\\server\\src\\server.js:38:6131\n    at L2 (c:\\Users\\elias\\.vscode\\extensions\\uqbar.wollok-lsp-ide-0.5.5\\out\\server\\src\\server.js:2421:42)\n    at c:\\Users\\elias\\.vscode\\extensions\\uqbar.wollok-lsp-ide-0.5.5\\out\\server\\src\\server.js:2421:2988\n    at c:\\Users\\elias\\.vscode\\extensions\\uqbar.wollok-lsp-ide-0.5.5\\out\\server\\src\\server.js:2430:8440\n    at c:\\Users\\elias\\.vscode\\extensions\\uqbar.wollok-lsp-ide-0.5.5\\out\\server\\src\\server.js:37:74872\n    at Ke (c:\\Users\\elias\\.vscode\\extensions\\uqbar.wollok-lsp-ide-0.5.5\\out\\server\\src\\server.js:7:8527)","timestamp":"2026-09-05T13:37:27.827Z"}
{"level":"info","message":"⌛ Building environment","timeElapsed":312,"timestamp":"2026-09-05T13:37:28.202Z"}
{"level":"info","message":"⌛ Building environment","timeElapsed":144,"timestamp":"2026-09-05T13:37:28.392Z"}
{"level":"info","message":"⌛ Validating clase59.wlk/bebidas.wlk","timeElapsed":235,"timestamp":"2026-09-05T13:37:28.662Z"}
{"level":"info","message":"⌛ Building environment","timeElapsed":147,"timestamp":"2026-09-05T13:37:28.827Z"}
{"level":"info","message":"⌛ Building environment","timeElapsed":166,"timestamp":"2026-09-05T13:37:28.994Z"}
{"level":"info","message":"⌛ Building environment","timeElapsed":152,"timestamp":"2026-09-05T13:37:29.149Z"}
{"level":"info","message":"⌛ Validating clase59.wlk/bebidas.wlk","timeElapsed":254,"timestamp":"2026-09-05T13:37:29.443Z"}
{"level":"info","message":"⌛ Building environment","timeElapsed":273,"timestamp":"2026-09-05T13:37:29.719Z"}
{"level":"info","message":"⌛ Building environment","timeElapsed":196,"timestamp":"2026-09-05T13:37:29.929Z"}
{"level":"info","message":"⌛ Validating clase59.wlk/bebidas.wlk","timeElapsed":207,"timestamp":"2026-09-05T13:37:30.137Z"}
{"level":"info","message":"⌛ Validating clase59.wlk/bebidas.wlk","timeElapsed":138,"timestamp":"2026-09-05T13:37:30.291Z"}
{"level":"info","message":"⌛ Validating clase59.wlk/bebidas.wlk","timeElapsed":150,"timestamp":"2026-09-05T13:37:30.442Z"}
{"level":"info","message":"⌛ Validating clase59.wlk/bebidas.wlk","timeElapsed":188,"timestamp":"2026-09-05T13:37:30.631Z"}
{"level":"info","message":"⌛ Validating clase59.wlk/bebidas.wlk","timeElapsed":222,"timestamp":"2026-09-05T13:37:30.856Z"}
{"level":"info","message":"⌛ Validating clase59.wlk/bebidas.wlk","timeElapsed":214,"timestamp":"2026-09-05T13:37:31.084Z"}
{"level":"info","message":"⌛ Validating clase59.wlk/bebidas.wlk","timeElapsed":223,"timestamp":"2026-09-05T13:37:31.312Z"}
{"level":"info","message":"⌛ Validating clase59.wlk/bebidas.wlk","timeElapsed":242,"timestamp":"2026-09-05T13:37:31.569Z"}
{"level":"info","message":"⌛ Validating clase59.wlk/bebidas.wlk","timeElapsed":160,"timestamp":"2026-09-05T13:37:31.736Z"}
{"level":"info","message":"⌛ Building environment","timeElapsed":158,"timestamp":"2026-09-05T13:37:32.957Z"}
{"level":"info","message":"⌛ Validating clase59.wlk/bebidas.wlk","timeElapsed":206,"timestamp":"2026-09-05T13:37:33.168Z"}
{"level":"info","message":"⌛ Building environment","timeElapsed":162,"timestamp":"2026-09-05T13:37:33.684Z"}
{"level":"info","message":"⌛ Building environment","timeElapsed":189,"timestamp":"2026-09-05T13:37:33.920Z"}
{"level":"info","message":"⌛ Validating clase59.wlk/bebidas.wlk","timeElapsed":356,"timestamp":"2026-09-05T13:37:34.336Z"}
{"level":"info","message":"⌛ Validating clase59.wlk/bebidas.wlk","timeElapsed":230,"timestamp":"2026-09-05T13:37:34.600Z"}
{"level":"info","message":"⌛ Building environment","timeElapsed":141,"timestamp":"2026-09-05T13:37:34.754Z"}
{"level":"info","message":"⌛ Building environment","timeElapsed":144,"timestamp":"2026-09-05T13:37:34.929Z"}
{"level":"info","message":"⌛ Building environment","timeElapsed":126,"timestamp":"2026-09-05T13:37:35.057Z"}
{"level":"error","message":"✘ Failed to rebuild document Failed to parse clase59.wlk/bebidas.wlk: \n-- PARSING FAILED --------------------------------------------------\n\n  18 |     }\n  19 |     method\n> 20 | }\n     | ^\n  21 | \n  22 | object whisky {\n\nExpected one of the following: \n\n'!=', '!==', '%', '&&', '*', '**', '+', '-', '->', '..', '..<', '/', '<', '<<', '<<<', '<=', '<=>', '<>', '==', '===', '>', '>..', '>=', '>>', '>>>', '?:', 'and', 'invert', 'negate', 'or', 'plus', '||', identifier, whitespace\n","stack":"Error: Failed to parse clase59.wlk/bebidas.wlk: \n-- PARSING FAILED --------------------------------------------------\n\n  18 |     }\n  19 |     method\n> 20 | }\n     | ^\n  21 | \n  22 | object whisky {\n\nExpected one of the following: \n\n'!=', '!==', '%', '&&', '*', '**', '+', '-', '->', '..', '..<', '/', '<', '<<', '<<<', '<=', '<=>', '<>', '==', '===', '>', '>..', '>=', '>>', '>>>', '?:', 'and', 'invert', 'negate', 'or', 'plus', '||', identifier, whitespace\n\n    at c:\\Users\\elias\\.vscode\\extensions\\uqbar.wollok-lsp-ide-0.5.5\\out\\server\\src\\server.js:2385:13026\n    at Array.map (<anonymous>)\n    at z1n (c:\\Users\\elias\\.vscode\\extensions\\uqbar.wollok-lsp-ide-0.5.5\\out\\server\\src\\server.js:2385:12950)\n    at H2.buildEnvironmentFrom (c:\\Users\\elias\\.vscode\\extensions\\uqbar.wollok-lsp-ide-0.5.5\\out\\server\\src\\server.js:2430:5254)\n    at H2.updateEnvironmentWith (c:\\Users\\elias\\.vscode\\extensions\\uqbar.wollok-lsp-ide-0.5.5\\out\\server\\src\\server.js:2430:4989)\n    at QF (c:\\Users\\elias\\.vscode\\extensions\\uqbar.wollok-lsp-ide-0.5.5\\out\\server\\src\\server.js:2430:7383)\n    at V3.invoke (c:\\Users\\elias\\.vscode\\extensions\\uqbar.wollok-lsp-ide-0.5.5\\out\\server\\src\\server.js:3:157330)\n    at o.fire (c:\\Users\\elias\\.vscode\\extensions\\uqbar.wollok-lsp-ide-0.5.5\\out\\server\\src\\server.js:3:158100)\n    at c:\\Users\\elias\\.vscode\\extensions\\uqbar.wollok-lsp-ide-0.5.5\\out\\server\\src\\server.js:37:57871\n    at nd (c:\\Users\\elias\\.vscode\\extensions\\uqbar.wollok-lsp-ide-0.5.5\\out\\server\\src\\server.js:8:1561)","timestamp":"2026-09-05T13:37:35.093Z"}
{"level":"error","message":"✘ Failed to rebuild document Failed to parse clase59.wlk/bebidas.wlk: \n-- PARSING FAILED --------------------------------------------------\n\n  18 |     }\n  19 |     method \n> 20 | }\n     | ^\n  21 | \n  22 | object whisky {\n\nExpected one of the following: \n\n'!=', '!==', '%', '&&', '*', '**', '+', '-', '->', '..', '..<', '/', '<', '<<', '<<<', '<=', '<=>', '<>', '==', '===', '>', '>..', '>=', '>>', '>>>', '?:', 'and', 'invert', 'negate', 'or', 'plus', '||', identifier, whitespace\n","stack":"Error: Failed to parse clase59.wlk/bebidas.wlk: \n-- PARSING FAILED --------------------------------------------------\n\n  18 |     }\n  19 |     method \n> 20 | }\n     | ^\n  21 | \n  22 | object whisky {\n\nExpected one of the following: \n\n'!=', '!==', '%', '&&', '*', '**', '+', '-', '->', '..', '..<', '/', '<', '<<', '<<<', '<=', '<=>', '<>', '==', '===', '>', '>..', '>=', '>>', '>>>', '?:', 'and', 'invert', 'negate', 'or', 'plus', '||', identifier, whitespace\n\n    at c:\\Users\\elias\\.vscode\\extensions\\uqbar.wollok-lsp-ide-0.5.5\\out\\server\\src\\server.js:2385:13026\n    at Array.map (<anonymous>)\n    at z1n (c:\\Users\\elias\\.vscode\\extensions\\uqbar.wollok-lsp-ide-0.5.5\\out\\server\\src\\server.js:2385:12950)\n    at H2.buildEnvironmentFrom (c:\\Users\\elias\\.vscode\\extensions\\uqbar.wollok-lsp-ide-0.5.5\\out\\server\\src\\server.js:2430:5254)\n    at H2.updateEnvironmentWith (c:\\Users\\elias\\.vscode\\extensions\\uqbar.wollok-lsp-ide-0.5.5\\out\\server\\src\\server.js:2430:4989)\n    at QF (c:\\Users\\elias\\.vscode\\extensions\\uqbar.wollok-lsp-ide-0.5.5\\out\\server\\src\\server.js:2430:7383)\n    at V3.invoke (c:\\Users\\elias\\.vscode\\extensions\\uqbar.wollok-lsp-ide-0.5.5\\out\\server\\src\\server.js:3:157330)\n    at o.fire (c:\\Users\\elias\\.vscode\\extensions\\uqbar.wollok-lsp-ide-0.5.5\\out\\server\\src\\server.js:3:158100)\n    at c:\\Users\\elias\\.vscode\\extensions\\uqbar.wollok-lsp-ide-0.5.5\\out\\server\\src\\server.js:37:57871\n    at nd (c:\\Users\\elias\\.vscode\\extensions\\uqbar.wollok-lsp-ide-0.5.5\\out\\server\\src\\server.js:8:1561)","timestamp":"2026-09-05T13:37:35.111Z"}
{"level":"info","message":"⌛ Validating clase59.wlk/bebidas.wlk","timeElapsed":319,"timestamp":"2026-09-05T13:37:35.431Z"}
{"level":"info","message":"⌛ Validating clase59.wlk/bebidas.wlk","timeElapsed":265,"timestamp":"2026-09-05T13:37:35.697Z"}
{"level":"info","message":"⌛ Validating clase59.wlk/bebidas.wlk","timeElapsed":238,"timestamp":"2026-09-05T13:37:35.966Z"}
{"level":"info","message":"⌛ Building environment","timeElapsed":186,"timestamp":"2026-09-05T13:37:36.153Z"}
{"level":"info","message":"⌛ Building environment","timeElapsed":161,"timestamp":"2026-09-05T13:37:36.324Z"}
{"level":"info","message":"⌛ Building environment","timeElapsed":327,"timestamp":"2026-09-05T13:37:36.653Z"}
{"level":"info","message":"⌛ Building environment","timeElapsed":143,"timestamp":"2026-09-05T13:37:36.834Z"}
{"level":"info","message":"⌛ Building environment","timeElapsed":403,"timestamp":"2026-09-05T13:37:37.314Z"}
{"level":"info","message":"⌛ Validating clase59.wlk/bebidas.wlk","timeElapsed":292,"timestamp":"2026-09-05T13:37:37.622Z"}
{"level":"info","message":"⌛ Validating clase59.wlk/bebidas.wlk","timeElapsed":173,"timestamp":"2026-09-05T13:37:37.820Z"}
{"level":"info","message":"⌛ Building environment","timeElapsed":152,"timestamp":"2026-09-05T13:37:37.976Z"}
{"level":"info","message":"⌛ Validating clase59.wlk/bebidas.wlk","timeElapsed":234,"timestamp":"2026-09-05T13:37:38.298Z"}
{"level":"info","message":"⌛ Building environment","timeElapsed":160,"timestamp":"2026-09-05T13:37:38.460Z"}
{"level":"info","message":"⌛ Validating clase59.wlk/bebidas.wlk","timeElapsed":480,"timestamp":"2026-09-05T13:37:38.943Z"}
{"level":"info","message":"⌛ Building environment","timeElapsed":242,"timestamp":"2026-09-05T13:37:39.201Z"}
{"level":"info","message":"⌛ Building environment","timeElapsed":154,"timestamp":"2026-09-05T13:37:39.359Z"}
{"level":"info","message":"⌛ Validating clase59.wlk/bebidas.wlk","timeElapsed":209,"timestamp":"2026-09-05T13:37:39.569Z"}
{"level":"info","message":"⌛ Building environment","timeElapsed":138,"timestamp":"2026-09-05T13:37:39.708Z"}
{"level":"info","message":"⌛ Building environment","timeElapsed":163,"timestamp":"2026-09-05T13:37:39.923Z"}
{"level":"info","message":"⌛ Building environment","timeElapsed":145,"timestamp":"2026-09-05T13:37:40.076Z"}
{"level":"info","message":"⌛ Validating clase59.wlk/bebidas.wlk","timeElapsed":234,"timestamp":"2026-09-05T13:37:40.311Z"}
{"level":"info","message":"⌛ Building environment","timeElapsed":386,"timestamp":"2026-09-05T13:37:40.697Z"}
{"level":"info","message":"⌛ Building environment","timeElapsed":196,"timestamp":"2026-09-05T13:37:40.945Z"}
{"level":"info","message":"⌛ Validating clase59.wlk/bebidas.wlk","timeElapsed":229,"timestamp":"2026-09-05T13:37:41.198Z"}
{"level":"info","message":"⌛ Building environment","timeElapsed":250,"timestamp":"2026-09-05T13:37:41.454Z"}
{"level":"info","message":"⌛ Building environment","timeElapsed":299,"timestamp":"2026-09-05T13:37:41.762Z"}
{"level":"info","message":"⌛ Building environment","timeElapsed":276,"timestamp":"2026-09-05T13:37:42.068Z"}
{"level":"info","message":"⌛ Validating clase59.wlk/bebidas.wlk","timeElapsed":842,"timestamp":"2026-09-05T13:37:43.000Z"}
{"level":"info","message":"⌛ Validating clase59.wlk/bebidas.wlk","timeElapsed":198,"timestamp":"2026-09-05T13:37:43.202Z"}
{"level":"info","message":"⌛ Validating clase59.wlk/bebidas.wlk","timeElapsed":159,"timestamp":"2026-09-05T13:37:43.362Z"}
{"level":"info","message":"⌛ Validating clase59.wlk/bebidas.wlk","timeElapsed":182,"timestamp":"2026-09-05T13:37:43.547Z"}
{"level":"info","message":"⌛ Validating clase59.wlk/bebidas.wlk","timeElapsed":184,"timestamp":"2026-09-05T13:37:43.732Z"}
{"level":"info","message":"⌛ Validating clase59.wlk/bebidas.wlk","timeElapsed":168,"timestamp":"2026-09-05T13:37:43.903Z"}
{"level":"info","message":"⌛ Validating clase59.wlk/bebidas.wlk","timeElapsed":287,"timestamp":"2026-09-05T13:37:44.192Z"}
{"level":"info","message":"⌛ Validating clase59.wlk/bebidas.wlk","timeElapsed":261,"timestamp":"2026-09-05T13:37:44.481Z"}
{"level":"info","message":"⌛ Validating clase59.wlk/bebidas.wlk","timeElapsed":154,"timestamp":"2026-09-05T13:37:44.645Z"}
{"level":"info","message":"⌛ Validating clase59.wlk/bebidas.wlk","timeElapsed":171,"timestamp":"2026-09-05T13:37:44.820Z"}
{"level":"info","message":"⌛ Building environment","timeElapsed":465,"timestamp":"2026-09-05T13:37:51.036Z"}
{"level":"info","message":"⌛ Building environment","timeElapsed":174,"timestamp":"2026-09-05T13:37:51.222Z"}
{"level":"info","message":"⌛ Validating clase59.wlk/bebidas.wlk","timeElapsed":176,"timestamp":"2026-09-05T13:37:51.402Z"}
{"level":"info","message":"⌛ Validating clase59.wlk/bebidas.wlk","timeElapsed":186,"timestamp":"2026-09-05T13:37:51.601Z"}
{"level":"error","message":"✘ Failed to get type description: Error: Failed to print, found malformed node Failed to print, found malformed node","node":{"compiled":false,"id":"b75c8a03-7bb4-489b-9456-e22720ecfed5","isOverride":false,"metadata":[],"name":"rendimiento","parameters":[],"problems":[{"code":"malformedMember","sourceMap":{"end":{"column":1,"line":22,"offset":424},"start":{"column":23,"line":19,"offset":404}}}],"scope":{"containerScope":{"containerScope":{"containerScope":{"contributions":{},"includedScopes":[]},"contributions":{},"includedScopes":[]},"contributions":{},"includedScopes":[{"containerScope":{"containerScope":{"containerScope":{"contributions":{},"includedScopes":[]},"contributions":{},"includedScopes":[]},"contributions":{},"includedScopes":[]},"contributions":{},"includedScopes":[]}]},"contributions":{},"includedScopes":[]},"sourceMap":{"end":{"column":6,"line":21,"offset":422},"start":{"column":5,"line":19,"offset":386}}},"stack":"Error: Failed to print, found malformed node\n    at c:\\Users\\elias\\.vscode\\extensions\\uqbar.wollok-lsp-ide-0.5.5\\out\\server\\src\\server.js:68:3585\n    at Ybn (c:\\Users\\elias\\.vscode\\extensions\\uqbar.wollok-lsp-ide-0.5.5\\out\\server\\src\\server.js:68:3396)\n    at c:\\Users\\elias\\.vscode\\extensions\\uqbar.wollok-lsp-ide-0.5.5\\out\\server\\src\\server.js:2430:847\n    at c:\\Users\\elias\\.vscode\\extensions\\uqbar.wollok-lsp-ide-0.5.5\\out\\server\\src\\server.js:2430:8440\n    at c:\\Users\\elias\\.vscode\\extensions\\uqbar.wollok-lsp-ide-0.5.5\\out\\server\\src\\server.js:37:74770\n    at Ke (c:\\Users\\elias\\.vscode\\extensions\\uqbar.wollok-lsp-ide-0.5.5\\out\\server\\src\\server.js:7:8527)\n    at It (c:\\Users\\elias\\.vscode\\extensions\\uqbar.wollok-lsp-ide-0.5.5\\out\\server\\src\\server.js:7:6189)\n    at et (c:\\Users\\elias\\.vscode\\extensions\\uqbar.wollok-lsp-ide-0.5.5\\out\\server\\src\\server.js:7:6378)\n    at Immediate._onImmediate (c:\\Users\\elias\\.vscode\\extensions\\uqbar.wollok-lsp-ide-0.5.5\\out\\server\\src\\server.js:7:6142)\n    at process.processImmediate (node:internal/timers:485:21)","timestamp":"2026-09-05T13:37:55.039Z"}
{"level":"info","message":"⌛ Building environment","timeElapsed":129,"timestamp":"2026-09-05T13:37:56.262Z"}
{"level":"info","message":"⌛ Validating clase59.wlk/bebidas.wlk","timeElapsed":157,"timestamp":"2026-09-05T13:37:56.443Z"}
{"level":"info","message":"⌛ Building environment","timeElapsed":119,"timestamp":"2026-09-05T13:37:56.564Z"}
{"level":"info","message":"⌛ Validating clase59.wlk/bebidas.wlk","timeElapsed":157,"timestamp":"2026-09-05T13:37:56.723Z"}
{"level":"info","message":"⌛ Building environment","timeElapsed":178,"timestamp":"2026-09-05T13:37:58.732Z"}
{"level":"info","message":"⌛ Validating clase59.wlk/bebidas.wlk","timeElapsed":233,"timestamp":"2026-09-05T13:37:58.974Z"}
{"level":"info","message":"⌛ Building environment","timeElapsed":192,"timestamp":"2026-09-05T13:38:32.214Z"}
{"level":"info","message":"⌛ Building environment","timeElapsed":282,"timestamp":"2026-09-05T13:38:32.549Z"}
{"level":"info","message":"⌛ Validating clase59.wlk/bebidas.wlk","timeElapsed":396,"timestamp":"2026-09-05T13:38:32.977Z"}
{"level":"info","message":"⌛ Building environment","timeElapsed":135,"timestamp":"2026-09-05T13:38:33.133Z"}
{"level":"info","message":"⌛ Building environment","timeElapsed":259,"timestamp":"2026-09-05T13:38:33.447Z"}
{"level":"info","message":"⌛ Validating clase59.wlk/bebidas.wlk","timeElapsed":181,"timestamp":"2026-09-05T13:38:33.629Z"}
{"level":"info","message":"⌛ Building environment","timeElapsed":161,"timestamp":"2026-09-05T13:38:33.791Z"}
{"level":"info","message":"⌛ Building environment","timeElapsed":223,"timestamp":"2026-09-05T13:38:34.029Z"}
{"level":"info","message":"⌛ Validating clase59.wlk/bebidas.wlk","timeElapsed":310,"timestamp":"2026-09-05T13:38:34.363Z"}
{"level":"info","message":"⌛ Validating clase59.wlk/bebidas.wlk","timeElapsed":196,"timestamp":"2026-09-05T13:38:34.582Z"}
{"level":"info","message":"⌛ Building environment","timeElapsed":214,"timestamp":"2026-09-05T13:38:34.798Z"}
{"level":"info","message":"⌛ Validating clase59.wlk/bebidas.wlk","timeElapsed":182,"timestamp":"2026-09-05T13:38:34.982Z"}
{"level":"info","message":"⌛ Validating clase59.wlk/bebidas.wlk","timeElapsed":170,"timestamp":"2026-09-05T13:38:35.160Z"}
{"level":"info","message":"⌛ Validating clase59.wlk/bebidas.wlk","timeElapsed":176,"timestamp":"2026-09-05T13:38:35.337Z"}
{"level":"info","message":"⌛ Building environment","timeElapsed":400,"timestamp":"2026-09-05T13:40:47.693Z"}
{"level":"info","message":"⌛ Autocomplete - Method","timeElapsed":148,"timestamp":"2026-09-05T13:40:47.848Z"}
{"level":"info","message":"⌛ Building environment","timeElapsed":416,"timestamp":"2026-09-05T13:40:48.320Z"}
{"level":"info","message":"⌛ Validating clase59.wlk/bebidas.wlk","timeElapsed":410,"timestamp":"2026-09-05T13:40:48.732Z"}
{"level":"info","message":"⌛ Building environment","timeElapsed":356,"timestamp":"2026-09-05T13:40:49.136Z"}
{"level":"info","message":"⌛ Building environment","timeElapsed":400,"timestamp":"2026-09-05T13:40:49.588Z"}
{"level":"info","message":"⌛ Building environment","timeElapsed":277,"timestamp":"2026-09-05T13:40:49.950Z"}
{"level":"info","message":"⌛ Validating clase59.wlk/bebidas.wlk","timeElapsed":329,"timestamp":"2026-09-05T13:40:50.335Z"}
{"level":"info","message":"⌛ Building environment","timeElapsed":231,"timestamp":"2026-09-05T13:40:50.567Z"}
{"level":"info","message":"⌛ Building environment","timeElapsed":271,"timestamp":"2026-09-05T13:40:50.841Z"}
{"level":"info","message":"⌛ Building environment","timeElapsed":225,"timestamp":"2026-09-05T13:40:51.107Z"}
{"level":"info","message":"⌛ Building environment","timeElapsed":280,"timestamp":"2026-09-05T13:40:51.400Z"}
{"level":"info","message":"⌛ Validating clase59.wlk/bebidas.wlk","timeElapsed":309,"timestamp":"2026-09-05T13:40:51.759Z"}
{"level":"info","message":"⌛ Validating clase59.wlk/bebidas.wlk","timeElapsed":307,"timestamp":"2026-09-05T13:40:52.076Z"}
{"level":"info","message":"⌛ Validating clase59.wlk/bebidas.wlk","timeElapsed":260,"timestamp":"2026-09-05T13:40:52.339Z"}
{"level":"info","message":"⌛ Validating clase59.wlk/bebidas.wlk","timeElapsed":235,"timestamp":"2026-09-05T13:40:52.574Z"}
{"level":"info","message":"⌛ Validating clase59.wlk/bebidas.wlk","timeElapsed":210,"timestamp":"2026-09-05T13:40:52.789Z"}
{"level":"info","message":"⌛ Validating clase59.wlk/bebidas.wlk","timeElapsed":266,"timestamp":"2026-09-05T13:40:53.056Z"}
{"level":"info","message":"⌛ Validating clase59.wlk/bebidas.wlk","timeElapsed":351,"timestamp":"2026-09-05T13:40:53.431Z"}
{"level":"info","message":"⌛ Building environment","timeElapsed":186,"timestamp":"2026-09-05T13:43:01.615Z"}
{"level":"error","message":"✘ Completions for node Return ([20:9, 20:17] - clase59.wlk/bebidas.wlk) failed: Error: [Return]{4cec6f} at clase59.wlk/bebidas.wlk:20 exhausted all cases without a match [Return]{4cec6f} at clase59.wlk/bebidas.wlk:20 exhausted all cases without a match","stack":"Error: [Return]{4cec6f} at clase59.wlk/bebidas.wlk:20 exhausted all cases without a match\n    at c:\\Users\\elias\\.vscode\\extensions\\uqbar.wollok-lsp-ide-0.5.5\\out\\server\\src\\server.js:38:6142\n    at L2 (c:\\Users\\elias\\.vscode\\extensions\\uqbar.wollok-lsp-ide-0.5.5\\out\\server\\src\\server.js:2421:42)\n    at Jh (c:\\Users\\elias\\.vscode\\extensions\\uqbar.wollok-lsp-ide-0.5.5\\out\\server\\src\\server.js:2421:1092)\n    at w5n (c:\\Users\\elias\\.vscode\\extensions\\uqbar.wollok-lsp-ide-0.5.5\\out\\server\\src\\server.js:2421:1248)\n    at c:\\Users\\elias\\.vscode\\extensions\\uqbar.wollok-lsp-ide-0.5.5\\out\\server\\src\\server.js:38:6131\n    at L2 (c:\\Users\\elias\\.vscode\\extensions\\uqbar.wollok-lsp-ide-0.5.5\\out\\server\\src\\server.js:2421:42)\n    at c:\\Users\\elias\\.vscode\\extensions\\uqbar.wollok-lsp-ide-0.5.5\\out\\server\\src\\server.js:2421:2988\n    at c:\\Users\\elias\\.vscode\\extensions\\uqbar.wollok-lsp-ide-0.5.5\\out\\server\\src\\server.js:2430:8440\n    at c:\\Users\\elias\\.vscode\\extensions\\uqbar.wollok-lsp-ide-0.5.5\\out\\server\\src\\server.js:37:74872\n    at Ke (c:\\Users\\elias\\.vscode\\extensions\\uqbar.wollok-lsp-ide-0.5.5\\out\\server\\src\\server.js:7:8527)","timestamp":"2026-09-05T13:43:01.679Z"}
{"level":"info","message":"⌛ Validating clase59.wlk/bebidas.wlk","timeElapsed":266,"timestamp":"2026-09-05T13:43:01.966Z"}
{"level":"info","message":"⌛ Building environment","timeElapsed":269,"timestamp":"2026-09-05T13:43:02.237Z"}
{"level":"info","message":"⌛ Building environment","timeElapsed":292,"timestamp":"2026-09-05T13:43:02.531Z"}
{"level":"info","message":"⌛ Validating clase59.wlk/bebidas.wlk","timeElapsed":290,"timestamp":"2026-09-05T13:43:02.881Z"}
{"level":"info","message":"⌛ Validating clase59.wlk/bebidas.wlk","timeElapsed":251,"timestamp":"2026-09-05T13:43:03.161Z"}
{"level":"info","message":"⌛ Building environment","timeElapsed":263,"timestamp":"2026-09-05T13:43:03.430Z"}
{"level":"info","message":"⌛ Validating clase59.wlk/bebidas.wlk","timeElapsed":233,"timestamp":"2026-09-05T13:43:03.674Z"}
{"level":"info","message":"⌛ Building environment","timeElapsed":224,"timestamp":"2026-09-05T13:43:06.383Z"}
{"level":"info","message":"⌛ Validating clase59.wlk/bebidas.wlk","timeElapsed":310,"timestamp":"2026-09-05T13:43:06.715Z"}
{"level":"info","message":"⌛ Building environment","timeElapsed":235,"timestamp":"2026-09-05T13:43:07.031Z"}
{"level":"info","message":"⌛ Building environment","timeElapsed":295,"timestamp":"2026-09-05T13:43:07.333Z"}
{"level":"info","message":"⌛ Building environment","timeElapsed":316,"timestamp":"2026-09-05T13:43:07.651Z"}
{"level":"info","message":"⌛ Building environment","timeElapsed":157,"timestamp":"2026-09-05T13:43:07.842Z"}
{"level":"info","message":"⌛ Validating clase59.wlk/bebidas.wlk","timeElapsed":464,"timestamp":"2026-09-05T13:43:08.310Z"}
{"level":"info","message":"⌛ Building environment","timeElapsed":398,"timestamp":"2026-09-05T13:43:08.731Z"}
{"level":"info","message":"⌛ Validating clase59.wlk/bebidas.wlk","timeElapsed":354,"timestamp":"2026-09-05T13:43:09.099Z"}
{"level":"info","message":"⌛ Building environment","timeElapsed":455,"timestamp":"2026-09-05T13:43:09.569Z"}
{"level":"info","message":"⌛ Validating clase59.wlk/bebidas.wlk","timeElapsed":424,"timestamp":"2026-09-05T13:43:09.995Z"}
{"level":"info","message":"⌛ Building environment","timeElapsed":367,"timestamp":"2026-09-05T13:43:10.364Z"}
{"level":"info","message":"⌛ Validating clase59.wlk/bebidas.wlk","timeElapsed":427,"timestamp":"2026-09-05T13:43:10.829Z"}
{"level":"info","message":"⌛ Building environment","timeElapsed":329,"timestamp":"2026-09-05T13:43:11.211Z"}
{"level":"info","message":"⌛ Building environment","timeElapsed":224,"timestamp":"2026-09-05T13:43:11.438Z"}
{"level":"info","message":"⌛ Building environment","timeElapsed":247,"timestamp":"2026-09-05T13:43:11.735Z"}
{"level":"info","message":"⌛ Validating clase59.wlk/bebidas.wlk","timeElapsed":407,"timestamp":"2026-09-05T13:43:12.168Z"}
{"level":"info","message":"⌛ Building environment","timeElapsed":167,"timestamp":"2026-09-05T13:43:12.345Z"}
{"level":"info","message":"⌛ Building environment","timeElapsed":198,"timestamp":"2026-09-05T13:43:12.547Z"}
{"level":"info","message":"⌛ Validating clase59.wlk/bebidas.wlk","timeElapsed":204,"timestamp":"2026-09-05T13:43:12.767Z"}
{"level":"info","message":"⌛ Building environment","timeElapsed":293,"timestamp":"2026-09-05T13:43:13.064Z"}
{"level":"info","message":"⌛ Validating clase59.wlk/bebidas.wlk","timeElapsed":294,"timestamp":"2026-09-05T13:43:13.392Z"}
{"level":"info","message":"⌛ Validating clase59.wlk/bebidas.wlk","timeElapsed":308,"timestamp":"2026-09-05T13:43:13.704Z"}
{"level":"info","message":"⌛ Validating clase59.wlk/bebidas.wlk","timeElapsed":208,"timestamp":"2026-09-05T13:43:13.913Z"}
{"level":"info","message":"⌛ Validating clase59.wlk/bebidas.wlk","timeElapsed":219,"timestamp":"2026-09-05T13:43:14.133Z"}
{"level":"info","message":"⌛ Validating clase59.wlk/bebidas.wlk","timeElapsed":194,"timestamp":"2026-09-05T13:43:14.328Z"}
{"level":"info","message":"⌛ Building environment","timeElapsed":155,"timestamp":"2026-09-05T13:43:14.487Z"}
{"level":"info","message":"⌛ Validating clase59.wlk/bebidas.wlk","timeElapsed":199,"timestamp":"2026-09-05T13:43:14.705Z"}
{"level":"info","message":"⌛ Validating clase59.wlk/bebidas.wlk","timeElapsed":440,"timestamp":"2026-09-05T13:43:15.192Z"}
{"level":"info","message":"⌛ Validating clase59.wlk/bebidas.wlk","timeElapsed":213,"timestamp":"2026-09-05T13:43:15.422Z"}
{"level":"info","message":"⌛ Building environment","timeElapsed":210,"timestamp":"2026-09-05T13:44:25.127Z"}
{"level":"error","message":"✘ Completions for node Return ([20:9, 20:17] - clase59.wlk/bebidas.wlk) failed: Error: [Return]{e86a62} at clase59.wlk/bebidas.wlk:20 exhausted all cases without a match [Return]{e86a62} at clase59.wlk/bebidas.wlk:20 exhausted all cases without a match","stack":"Error: [Return]{e86a62} at clase59.wlk/bebidas.wlk:20 exhausted all cases without a match\n    at c:\\Users\\elias\\.vscode\\extensions\\uqbar.wollok-lsp-ide-0.5.5\\out\\server\\src\\server.js:38:6142\n    at L2 (c:\\Users\\elias\\.vscode\\extensions\\uqbar.wollok-lsp-ide-0.5.5\\out\\server\\src\\server.js:2421:42)\n    at Jh (c:\\Users\\elias\\.vscode\\extensions\\uqbar.wollok-lsp-ide-0.5.5\\out\\server\\src\\server.js:2421:1092)\n    at w5n (c:\\Users\\elias\\.vscode\\extensions\\uqbar.wollok-lsp-ide-0.5.5\\out\\server\\src\\server.js:2421:1248)\n    at c:\\Users\\elias\\.vscode\\extensions\\uqbar.wollok-lsp-ide-0.5.5\\out\\server\\src\\server.js:38:6131\n    at L2 (c:\\Users\\elias\\.vscode\\extensions\\uqbar.wollok-lsp-ide-0.5.5\\out\\server\\src\\server.js:2421:42)\n    at c:\\Users\\elias\\.vscode\\extensions\\uqbar.wollok-lsp-ide-0.5.5\\out\\server\\src\\server.js:2421:2988\n    at c:\\Users\\elias\\.vscode\\extensions\\uqbar.wollok-lsp-ide-0.5.5\\out\\server\\src\\server.js:2430:8440\n    at c:\\Users\\elias\\.vscode\\extensions\\uqbar.wollok-lsp-ide-0.5.5\\out\\server\\src\\server.js:37:74872\n    at Ke (c:\\Users\\elias\\.vscode\\extensions\\uqbar.wollok-lsp-ide-0.5.5\\out\\server\\src\\server.js:7:8527)","timestamp":"2026-09-05T13:44:25.275Z"}
{"level":"info","message":"⌛ Building environment","timeElapsed":308,"timestamp":"2026-09-05T13:44:25.601Z"}
{"level":"info","message":"⌛ Validating clase59.wlk/bebidas.wlk","timeElapsed":218,"timestamp":"2026-09-05T13:44:25.859Z"}
{"level":"info","message":"⌛ Building environment","timeElapsed":166,"timestamp":"2026-09-05T13:44:26.026Z"}
{"level":"info","message":"⌛ Validating clase59.wlk/bebidas.wlk","timeElapsed":191,"timestamp":"2026-09-05T13:44:26.237Z"}
{"level":"info","message":"⌛ Validating clase59.wlk/bebidas.wlk","timeElapsed":193,"timestamp":"2026-09-05T13:44:26.449Z"}
{"level":"info","message":"⌛ Building environment","timeElapsed":146,"timestamp":"2026-09-05T13:44:26.608Z"}
{"level":"info","message":"⌛ Validating clase59.wlk/bebidas.wlk","timeElapsed":167,"timestamp":"2026-09-05T13:44:26.792Z"}
{"level":"info","message":"⌛ Building environment","timeElapsed":146,"timestamp":"2026-09-05T13:44:29.894Z"}
{"level":"info","message":"⌛ Validating clase59.wlk/bebidas.wlk","timeElapsed":561,"timestamp":"2026-09-05T13:44:30.517Z"}
{"level":"info","message":"⌛ Building environment","timeElapsed":157,"timestamp":"2026-09-05T13:44:31.566Z"}
{"level":"info","message":"⌛ Validating clase59.wlk/bebidas.wlk","timeElapsed":223,"timestamp":"2026-09-05T13:44:31.791Z"}
{"level":"info","message":"⌛ Building environment","timeElapsed":205,"timestamp":"2026-09-05T13:44:32.285Z"}
{"level":"info","message":"⌛ Building environment","timeElapsed":171,"timestamp":"2026-09-05T13:44:32.519Z"}
{"level":"info","message":"⌛ Validating clase59.wlk/bebidas.wlk","timeElapsed":273,"timestamp":"2026-09-05T13:44:32.798Z"}
{"level":"info","message":"⌛ Validating clase59.wlk/bebidas.wlk","timeElapsed":212,"timestamp":"2026-09-05T13:44:33.110Z"}
{"level":"info","message":"⌛ Building environment","timeElapsed":215,"timestamp":"2026-09-05T13:44:33.349Z"}
{"level":"info","message":"⌛ Building environment","timeElapsed":237,"timestamp":"2026-09-05T13:44:33.666Z"}
{"level":"info","message":"⌛ Building environment","timeElapsed":229,"timestamp":"2026-09-05T13:44:33.896Z"}
{"level":"info","message":"⌛ Validating clase59.wlk/bebidas.wlk","timeElapsed":193,"timestamp":"2026-09-05T13:44:34.134Z"}
{"level":"info","message":"⌛ Validating clase59.wlk/bebidas.wlk","timeElapsed":254,"timestamp":"2026-09-05T13:44:34.396Z"}
{"level":"info","message":"⌛ Validating clase59.wlk/bebidas.wlk","timeElapsed":194,"timestamp":"2026-09-05T13:44:34.592Z"}
{"level":"info","message":"⌛ Building environment","timeElapsed":188,"timestamp":"2026-09-05T13:44:34.782Z"}
{"level":"info","message":"⌛ Building environment","timeElapsed":216,"timestamp":"2026-09-05T13:44:34.999Z"}
{"level":"info","message":"⌛ Building environment","timeElapsed":496,"timestamp":"2026-09-05T13:44:35.513Z"}
{"level":"info","message":"⌛ Building environment","timeElapsed":279,"timestamp":"2026-09-05T13:44:35.876Z"}
{"level":"info","message":"⌛ Validating clase59.wlk/bebidas.wlk","timeElapsed":263,"timestamp":"2026-09-05T13:44:36.145Z"}
{"level":"info","message":"⌛ Building environment","timeElapsed":219,"timestamp":"2026-09-05T13:44:36.366Z"}
{"level":"info","message":"⌛ Building environment","timeElapsed":116,"timestamp":"2026-09-05T13:44:36.483Z"}
{"level":"info","message":"⌛ Validating clase59.wlk/bebidas.wlk","timeElapsed":175,"timestamp":"2026-09-05T13:44:36.658Z"}
{"level":"info","message":"⌛ Building environment","timeElapsed":165,"timestamp":"2026-09-05T13:44:36.833Z"}
{"level":"info","message":"⌛ Building environment","timeElapsed":276,"timestamp":"2026-09-05T13:44:37.129Z"}
{"level":"info","message":"⌛ Building environment","timeElapsed":202,"timestamp":"2026-09-05T13:44:37.361Z"}
{"level":"info","message":"⌛ Validating clase59.wlk/bebidas.wlk","timeElapsed":143,"timestamp":"2026-09-05T13:44:37.531Z"}
{"level":"info","message":"⌛ Building environment","timeElapsed":174,"timestamp":"2026-09-05T13:44:37.823Z"}
{"level":"info","message":"⌛ Validating clase59.wlk/bebidas.wlk","timeElapsed":192,"timestamp":"2026-09-05T13:44:38.085Z"}
{"level":"info","message":"⌛ Validating clase59.wlk/bebidas.wlk","timeElapsed":258,"timestamp":"2026-09-05T13:44:38.349Z"}
{"level":"info","message":"⌛ Validating clase59.wlk/bebidas.wlk","timeElapsed":351,"timestamp":"2026-09-05T13:44:38.711Z"}
{"level":"info","message":"⌛ Validating clase59.wlk/bebidas.wlk","timeElapsed":355,"timestamp":"2026-09-05T13:44:39.077Z"}
{"level":"info","message":"⌛ Validating clase59.wlk/bebidas.wlk","timeElapsed":302,"timestamp":"2026-09-05T13:44:39.388Z"}
{"level":"info","message":"⌛ Validating clase59.wlk/bebidas.wlk","timeElapsed":266,"timestamp":"2026-09-05T13:44:39.656Z"}
{"level":"info","message":"⌛ Validating clase59.wlk/bebidas.wlk","timeElapsed":235,"timestamp":"2026-09-05T13:44:39.895Z"}
{"level":"info","message":"⌛ Building environment","timeElapsed":327,"timestamp":"2026-09-05T13:44:40.294Z"}
{"level":"info","message":"⌛ Building environment","timeElapsed":290,"timestamp":"2026-09-05T13:44:40.713Z"}
{"level":"info","message":"⌛ Building environment","timeElapsed":253,"timestamp":"2026-09-05T13:44:41.028Z"}
{"level":"info","message":"⌛ Building environment","timeElapsed":241,"timestamp":"2026-09-05T13:44:41.327Z"}
{"level":"info","message":"⌛ Validating clase59.wlk/bebidas.wlk","timeElapsed":420,"timestamp":"2026-09-05T13:44:41.802Z"}
{"level":"info","message":"⌛ Building environment","timeElapsed":412,"timestamp":"2026-09-05T13:44:42.275Z"}
{"level":"info","message":"⌛ Building environment","timeElapsed":191,"timestamp":"2026-09-05T13:44:42.581Z"}
{"level":"info","message":"⌛ Validating clase59.wlk/bebidas.wlk","timeElapsed":176,"timestamp":"2026-09-05T13:44:42.758Z"}
{"level":"info","message":"⌛ Building environment","timeElapsed":156,"timestamp":"2026-09-05T13:44:42.915Z"}
{"level":"info","message":"⌛ Validating clase59.wlk/bebidas.wlk","timeElapsed":346,"timestamp":"2026-09-05T13:44:43.262Z"}
{"level":"info","message":"⌛ Building environment","timeElapsed":200,"timestamp":"2026-09-05T13:44:43.499Z"}
{"level":"info","message":"⌛ Validating clase59.wlk/bebidas.wlk","timeElapsed":279,"timestamp":"2026-09-05T13:44:43.799Z"}
{"level":"info","message":"⌛ Building environment","timeElapsed":445,"timestamp":"2026-09-05T13:44:44.292Z"}
{"level":"info","message":"⌛ Building environment","timeElapsed":210,"timestamp":"2026-09-05T13:44:44.529Z"}
{"level":"info","message":"⌛ Validating clase59.wlk/bebidas.wlk","timeElapsed":270,"timestamp":"2026-09-05T13:44:44.801Z"}
{"level":"info","message":"⌛ Validating clase59.wlk/bebidas.wlk","timeElapsed":237,"timestamp":"2026-09-05T13:44:45.055Z"}
{"level":"info","message":"⌛ Building environment","timeElapsed":171,"timestamp":"2026-09-05T13:44:45.228Z"}
{"level":"info","message":"⌛ Validating clase59.wlk/bebidas.wlk","timeElapsed":251,"timestamp":"2026-09-05T13:44:45.508Z"}
{"level":"info","message":"⌛ Building environment","timeElapsed":235,"timestamp":"2026-09-05T13:44:45.783Z"}
{"level":"info","message":"⌛ Building environment","timeElapsed":148,"timestamp":"2026-09-05T13:44:45.941Z"}
{"level":"info","message":"⌛ Validating clase59.wlk/bebidas.wlk","timeElapsed":330,"timestamp":"2026-09-05T13:44:46.296Z"}
{"level":"info","message":"⌛ Building environment","timeElapsed":182,"timestamp":"2026-09-05T13:44:46.491Z"}
{"level":"info","message":"⌛ Building environment","timeElapsed":136,"timestamp":"2026-09-05T13:44:46.689Z"}
{"level":"info","message":"⌛ Validating clase59.wlk/bebidas.wlk","timeElapsed":252,"timestamp":"2026-09-05T13:44:46.951Z"}
{"level":"info","message":"⌛ Building environment","timeElapsed":264,"timestamp":"2026-09-05T13:44:47.222Z"}
{"level":"info","message":"⌛ Building environment","timeElapsed":206,"timestamp":"2026-09-05T13:44:47.432Z"}
{"level":"info","message":"⌛ Validating clase59.wlk/bebidas.wlk","timeElapsed":213,"timestamp":"2026-09-05T13:44:47.665Z"}
{"level":"info","message":"⌛ Validating clase59.wlk/bebidas.wlk","timeElapsed":216,"timestamp":"2026-09-05T13:44:47.898Z"}
{"level":"info","message":"⌛ Building environment","timeElapsed":124,"timestamp":"2026-09-05T13:44:48.033Z"}
{"level":"info","message":"⌛ Building environment","timeElapsed":162,"timestamp":"2026-09-05T13:44:48.200Z"}
{"level":"info","message":"⌛ Validating clase59.wlk/bebidas.wlk","timeElapsed":286,"timestamp":"2026-09-05T13:44:48.496Z"}
{"level":"info","message":"⌛ Validating clase59.wlk/bebidas.wlk","timeElapsed":270,"timestamp":"2026-09-05T13:44:48.786Z"}
{"level":"info","message":"⌛ Validating clase59.wlk/bebidas.wlk","timeElapsed":258,"timestamp":"2026-09-05T13:44:49.081Z"}
{"level":"info","message":"⌛ Validating clase59.wlk/bebidas.wlk","timeElapsed":248,"timestamp":"2026-09-05T13:44:49.339Z"}
{"level":"info","message":"⌛ Validating clase59.wlk/bebidas.wlk","timeElapsed":205,"timestamp":"2026-09-05T13:44:49.552Z"}
{"level":"info","message":"⌛ Validating clase59.wlk/bebidas.wlk","timeElapsed":195,"timestamp":"2026-09-05T13:44:49.748Z"}
{"level":"info","message":"⌛ Validating clase59.wlk/bebidas.wlk","timeElapsed":227,"timestamp":"2026-09-05T13:44:49.975Z"}
{"level":"info","message":"⌛ Validating clase59.wlk/bebidas.wlk","timeElapsed":259,"timestamp":"2026-09-05T13:44:50.249Z"}
{"level":"info","message":"⌛ Building environment","timeElapsed":274,"timestamp":"2026-09-05T13:44:50.888Z"}
{"level":"info","message":"⌛ Building environment","timeElapsed":172,"timestamp":"2026-09-05T13:44:51.195Z"}
{"level":"info","message":"⌛ Validating clase59.wlk/bebidas.wlk","timeElapsed":343,"timestamp":"2026-09-05T13:44:51.539Z"}
{"level":"info","message":"⌛ Building environment","timeElapsed":290,"timestamp":"2026-09-05T13:44:51.876Z"}
{"level":"info","message":"⌛ Building environment","timeElapsed":257,"timestamp":"2026-09-05T13:44:52.147Z"}
{"level":"info","message":"⌛ Validating clase59.wlk/bebidas.wlk","timeElapsed":281,"timestamp":"2026-09-05T13:44:52.431Z"}
{"level":"info","message":"⌛ Building environment","timeElapsed":221,"timestamp":"2026-09-05T13:44:52.659Z"}
{"level":"info","message":"⌛ Building environment","timeElapsed":263,"timestamp":"2026-09-05T13:44:52.949Z"}
{"level":"info","message":"⌛ Validating clase59.wlk/bebidas.wlk","timeElapsed":286,"timestamp":"2026-09-05T13:44:53.245Z"}
{"level":"info","message":"⌛ Building environment","timeElapsed":200,"timestamp":"2026-09-05T13:44:53.495Z"}
{"level":"info","message":"⌛ Validating clase59.wlk/bebidas.wlk","timeElapsed":274,"timestamp":"2026-09-05T13:44:53.773Z"}
{"level":"info","message":"⌛ Building environment","timeElapsed":241,"timestamp":"2026-09-05T13:44:54.016Z"}
{"level":"info","message":"⌛ Building environment","timeElapsed":189,"timestamp":"2026-09-05T13:44:54.212Z"}
{"level":"info","message":"⌛ Building environment","timeElapsed":312,"timestamp":"2026-09-05T13:44:54.529Z"}
{"level":"info","message":"⌛ Validating clase59.wlk/bebidas.wlk","timeElapsed":313,"timestamp":"2026-09-05T13:44:54.846Z"}
{"level":"info","message":"⌛ Building environment","timeElapsed":347,"timestamp":"2026-09-05T13:44:55.280Z"}
{"level":"info","message":"⌛ Building environment","timeElapsed":231,"timestamp":"2026-09-05T13:44:55.579Z"}
{"level":"info","message":"⌛ Validating clase59.wlk/bebidas.wlk","timeElapsed":238,"timestamp":"2026-09-05T13:44:55.831Z"}
{"level":"info","message":"⌛ Validating clase59.wlk/bebidas.wlk","timeElapsed":440,"timestamp":"2026-09-05T13:44:56.277Z"}
{"level":"info","message":"⌛ Building environment","timeElapsed":183,"timestamp":"2026-09-05T13:44:56.464Z"}
{"level":"info","message":"⌛ Validating clase59.wlk/bebidas.wlk","timeElapsed":245,"timestamp":"2026-09-05T13:44:56.732Z"}
{"level":"info","message":"⌛ Building environment","timeElapsed":312,"timestamp":"2026-09-05T13:44:57.092Z"}
{"level":"info","message":"⌛ Building environment","timeElapsed":174,"timestamp":"2026-09-05T13:44:57.361Z"}
{"level":"info","message":"⌛ Validating clase59.wlk/bebidas.wlk","timeElapsed":296,"timestamp":"2026-09-05T13:44:57.657Z"}
{"level":"info","message":"⌛ Building environment","timeElapsed":191,"timestamp":"2026-09-05T13:44:57.859Z"}
{"level":"info","message":"⌛ Validating clase59.wlk/bebidas.wlk","timeElapsed":208,"timestamp":"2026-09-05T13:44:58.087Z"}
{"level":"info","message":"⌛ Building environment","timeElapsed":205,"timestamp":"2026-09-05T13:44:58.295Z"}
{"level":"info","message":"⌛ Building environment","timeElapsed":268,"timestamp":"2026-09-05T13:44:58.565Z"}
{"level":"info","message":"⌛ Building environment","timeElapsed":121,"timestamp":"2026-09-05T13:44:58.705Z"}
{"level":"info","message":"⌛ Building environment","timeElapsed":188,"timestamp":"2026-09-05T13:44:58.926Z"}
{"level":"info","message":"⌛ Building environment","timeElapsed":336,"timestamp":"2026-09-05T13:44:59.265Z"}
{"level":"info","message":"⌛ Validating clase59.wlk/bebidas.wlk","timeElapsed":216,"timestamp":"2026-09-05T13:44:59.488Z"}
{"level":"info","message":"⌛ Building environment","timeElapsed":106,"timestamp":"2026-09-05T13:44:59.613Z"}
{"level":"info","message":"⌛ Validating clase59.wlk/bebidas.wlk","timeElapsed":230,"timestamp":"2026-09-05T13:44:59.857Z"}
{"level":"info","message":"⌛ Building environment","timeElapsed":170,"timestamp":"2026-09-05T13:45:00.029Z"}
{"level":"info","message":"⌛ Building environment","timeElapsed":261,"timestamp":"2026-09-05T13:45:00.293Z"}
{"level":"info","message":"⌛ Building environment","timeElapsed":151,"timestamp":"2026-09-05T13:45:00.446Z"}
{"level":"info","message":"⌛ Building environment","timeElapsed":183,"timestamp":"2026-09-05T13:45:00.662Z"}
{"level":"info","message":"⌛ Building environment","timeElapsed":199,"timestamp":"2026-09-05T13:45:00.863Z"}
{"level":"info","message":"⌛ Validating clase59.wlk/bebidas.wlk","timeElapsed":182,"timestamp":"2026-09-05T13:45:01.046Z"}
{"level":"info","message":"⌛ Building environment","timeElapsed":534,"timestamp":"2026-09-05T13:45:01.582Z"}
{"level":"info","message":"⌛ Validating clase59.wlk/bebidas.wlk","timeElapsed":179,"timestamp":"2026-09-05T13:45:01.809Z"}
{"level":"info","message":"⌛ Building environment","timeElapsed":131,"timestamp":"2026-09-05T13:45:01.941Z"}
{"level":"info","message":"⌛ Building environment","timeElapsed":145,"timestamp":"2026-09-05T13:45:02.089Z"}
{"level":"info","message":"⌛ Validating clase59.wlk/bebidas.wlk","timeElapsed":331,"timestamp":"2026-09-05T13:45:02.421Z"}
{"level":"info","message":"⌛ Building environment","timeElapsed":170,"timestamp":"2026-09-05T13:45:02.597Z"}
{"level":"info","message":"⌛ Building environment","timeElapsed":182,"timestamp":"2026-09-05T13:45:02.781Z"}
{"level":"info","message":"⌛ Building environment","timeElapsed":180,"timestamp":"2026-09-05T13:45:02.965Z"}
{"level":"info","message":"⌛ Validating clase59.wlk/bebidas.wlk","timeElapsed":222,"timestamp":"2026-09-05T13:45:03.265Z"}
{"level":"info","message":"⌛ Building environment","timeElapsed":124,"timestamp":"2026-09-05T13:45:03.390Z"}
{"level":"info","message":"⌛ Validating clase59.wlk/bebidas.wlk","timeElapsed":362,"timestamp":"2026-09-05T13:45:03.787Z"}
{"level":"info","message":"⌛ Building environment","timeElapsed":605,"timestamp":"2026-09-05T13:45:04.489Z"}
{"level":"info","message":"⌛ Autocomplete - Method","timeElapsed":118,"timestamp":"2026-09-05T13:45:04.655Z"}
{"level":"info","message":"⌛ Validating clase59.wlk/bebidas.wlk","timeElapsed":392,"timestamp":"2026-09-05T13:45:05.047Z"}
{"level":"info","message":"⌛ Validating clase59.wlk/bebidas.wlk","timeElapsed":201,"timestamp":"2026-09-05T13:45:05.252Z"}
{"level":"info","message":"⌛ Validating clase59.wlk/bebidas.wlk","timeElapsed":173,"timestamp":"2026-09-05T13:45:05.425Z"}
{"level":"info","message":"⌛ Validating clase59.wlk/bebidas.wlk","timeElapsed":170,"timestamp":"2026-09-05T13:45:05.595Z"}
{"level":"info","message":"⌛ Validating clase59.wlk/bebidas.wlk","timeElapsed":324,"timestamp":"2026-09-05T13:45:05.926Z"}
{"level":"info","message":"⌛ Validating clase59.wlk/bebidas.wlk","timeElapsed":334,"timestamp":"2026-09-05T13:45:06.292Z"}
{"level":"info","message":"⌛ Building environment","timeElapsed":512,"timestamp":"2026-09-05T13:45:06.844Z"}
{"level":"info","message":"⌛ Building environment","timeElapsed":265,"timestamp":"2026-09-05T13:45:07.111Z"}
{"level":"info","message":"⌛ Validating clase59.wlk/bebidas.wlk","timeElapsed":209,"timestamp":"2026-09-05T13:45:07.322Z"}
{"level":"info","message":"⌛ Validating clase59.wlk/bebidas.wlk","timeElapsed":156,"timestamp":"2026-09-05T13:45:07.479Z"}
{"level":"info","message":"⌛ Building environment","timeElapsed":195,"timestamp":"2026-09-05T13:45:07.693Z"}
{"level":"info","message":"⌛ Validating clase59.wlk/bebidas.wlk","timeElapsed":249,"timestamp":"2026-09-05T13:45:07.942Z"}
{"level":"info","message":"⌛ Validating clase59.wlk/bebidas.wlk","timeElapsed":169,"timestamp":"2026-09-05T13:45:08.112Z"}
{"level":"info","message":"⌛ Building environment","timeElapsed":255,"timestamp":"2026-09-05T13:45:08.380Z"}
{"level":"info","message":"⌛ Building environment","timeElapsed":199,"timestamp":"2026-09-05T13:45:08.596Z"}
{"level":"info","message":"⌛ Validating clase59.wlk/bebidas.wlk","timeElapsed":242,"timestamp":"2026-09-05T13:45:08.885Z"}
{"level":"info","message":"⌛ Validating clase59.wlk/bebidas.wlk","timeElapsed":259,"timestamp":"2026-09-05T13:45:09.155Z"}
{"level":"info","message":"⌛ Validating clase59.wlk/bebidas.wlk","timeElapsed":264,"timestamp":"2026-09-05T13:45:09.423Z"}
{"level":"info","message":"⌛ Building environment","timeElapsed":148,"timestamp":"2026-09-05T13:45:09.577Z"}
{"level":"info","message":"⌛ Building environment","timeElapsed":145,"timestamp":"2026-09-05T13:45:09.724Z"}
{"level":"info","message":"⌛ Building environment","timeElapsed":170,"timestamp":"2026-09-05T13:45:09.896Z"}
{"level":"info","message":"⌛ Validating clase59.wlk/bebidas.wlk","timeElapsed":209,"timestamp":"2026-09-05T13:45:10.140Z"}
{"level":"info","message":"⌛ Building environment","timeElapsed":131,"timestamp":"2026-09-05T13:45:10.281Z"}
{"level":"info","message":"⌛ Validating clase59.wlk/bebidas.wlk","timeElapsed":141,"timestamp":"2026-09-05T13:45:10.423Z"}
{"level":"info","message":"⌛ Validating clase59.wlk/bebidas.wlk","timeElapsed":198,"timestamp":"2026-09-05T13:45:10.621Z"}
{"level":"info","message":"⌛ Building environment","timeElapsed":211,"timestamp":"2026-09-05T13:45:10.852Z"}
{"level":"info","message":"⌛ Validating clase59.wlk/bebidas.wlk","timeElapsed":179,"timestamp":"2026-09-05T13:45:11.041Z"}
{"level":"info","message":"⌛ Building environment","timeElapsed":137,"timestamp":"2026-09-05T13:45:11.178Z"}
{"level":"info","message":"⌛ Building environment","timeElapsed":193,"timestamp":"2026-09-05T13:45:11.373Z"}
{"level":"info","message":"⌛ Building environment","timeElapsed":168,"timestamp":"2026-09-05T13:45:11.544Z"}
{"level":"info","message":"⌛ Building environment","timeElapsed":166,"timestamp":"2026-09-05T13:45:11.757Z"}
{"level":"info","message":"⌛ Building environment","timeElapsed":220,"timestamp":"2026-09-05T13:45:11.995Z"}
{"level":"info","message":"⌛ Validating clase59.wlk/bebidas.wlk","timeElapsed":254,"timestamp":"2026-09-05T13:45:12.250Z"}
{"level":"info","message":"⌛ Building environment","timeElapsed":142,"timestamp":"2026-09-05T13:45:12.393Z"}
{"level":"info","message":"⌛ Building environment","timeElapsed":129,"timestamp":"2026-09-05T13:45:12.547Z"}
{"level":"info","message":"⌛ Building environment","timeElapsed":116,"timestamp":"2026-09-05T13:45:12.753Z"}
{"level":"info","message":"⌛ Building environment","timeElapsed":190,"timestamp":"2026-09-05T13:45:12.956Z"}
{"level":"info","message":"⌛ Building environment","timeElapsed":304,"timestamp":"2026-09-05T13:45:13.263Z"}
{"level":"info","message":"⌛ Validating clase59.wlk/bebidas.wlk","timeElapsed":118,"timestamp":"2026-09-05T13:45:13.426Z"}
{"level":"info","message":"⌛ Building environment","timeElapsed":388,"timestamp":"2026-09-05T13:45:13.815Z"}
{"level":"info","message":"⌛ Building environment","timeElapsed":184,"timestamp":"2026-09-05T13:45:14.011Z"}
{"level":"info","message":"⌛ Validating clase59.wlk/bebidas.wlk","timeElapsed":173,"timestamp":"2026-09-05T13:45:14.186Z"}
{"level":"info","message":"⌛ Validating clase59.wlk/bebidas.wlk","timeElapsed":196,"timestamp":"2026-09-05T13:45:14.393Z"}
{"level":"info","message":"⌛ Building environment","timeElapsed":138,"timestamp":"2026-09-05T13:45:14.531Z"}
{"level":"info","message":"⌛ Building environment","timeElapsed":128,"timestamp":"2026-09-05T13:45:14.739Z"}
{"level":"info","message":"⌛ Validating clase59.wlk/bebidas.wlk","timeElapsed":162,"timestamp":"2026-09-05T13:45:14.902Z"}
{"level":"info","message":"⌛ Building environment","timeElapsed":198,"timestamp":"2026-09-05T13:45:15.106Z"}
{"level":"info","message":"⌛ Validating clase59.wlk/bebidas.wlk","timeElapsed":243,"timestamp":"2026-09-05T13:45:15.353Z"}
{"level":"info","message":"⌛ Building environment","timeElapsed":139,"timestamp":"2026-09-05T13:45:15.494Z"}
{"level":"info","message":"⌛ Building environment","timeElapsed":134,"timestamp":"2026-09-05T13:45:15.629Z"}
{"level":"info","message":"⌛ Building environment","timeElapsed":226,"timestamp":"2026-09-05T13:45:15.859Z"}
{"level":"info","message":"⌛ Building environment","timeElapsed":204,"timestamp":"2026-09-05T13:45:16.065Z"}
{"level":"info","message":"⌛ Validating clase59.wlk/bebidas.wlk","timeElapsed":257,"timestamp":"2026-09-05T13:45:16.330Z"}
{"level":"info","message":"⌛ Validating clase59.wlk/bebidas.wlk","timeElapsed":250,"timestamp":"2026-09-05T13:45:16.592Z"}
{"level":"info","message":"⌛ Validating clase59.wlk/bebidas.wlk","timeElapsed":229,"timestamp":"2026-09-05T13:45:16.823Z"}
{"level":"info","message":"⌛ Validating clase59.wlk/bebidas.wlk","timeElapsed":211,"timestamp":"2026-09-05T13:45:17.058Z"}
{"level":"info","message":"⌛ Validating clase59.wlk/bebidas.wlk","timeElapsed":230,"timestamp":"2026-09-05T13:45:17.293Z"}
{"level":"info","message":"⌛ Validating clase59.wlk/bebidas.wlk","timeElapsed":183,"timestamp":"2026-09-05T13:45:17.506Z"}
{"level":"info","message":"⌛ Validating clase59.wlk/bebidas.wlk","timeElapsed":174,"timestamp":"2026-09-05T13:45:17.696Z"}
{"level":"info","message":"⌛ Validating clase59.wlk/bebidas.wlk","timeElapsed":180,"timestamp":"2026-09-05T13:45:17.887Z"}
{"level":"info","message":"⌛ Validating clase59.wlk/bebidas.wlk","timeElapsed":268,"timestamp":"2026-09-05T13:45:18.160Z"}
{"level":"info","message":"⌛ Validating clase59.wlk/bebidas.wlk","timeElapsed":213,"timestamp":"2026-09-05T13:45:18.416Z"}
{"level":"info","message":"⌛ Validating clase59.wlk/bebidas.wlk","timeElapsed":186,"timestamp":"2026-09-05T13:45:18.610Z"}
{"level":"info","message":"⌛ Building environment","timeElapsed":243,"timestamp":"2026-09-05T13:45:18.864Z"}
{"level":"info","message":"⌛ Validating clase59.wlk/bebidas.wlk","timeElapsed":236,"timestamp":"2026-09-05T13:45:19.112Z"}
{"level":"info","message":"⌛ Validating clase59.wlk/bebidas.wlk","timeElapsed":147,"timestamp":"2026-09-05T13:45:19.260Z"}
{"level":"info","message":"⌛ Validating clase59.wlk/bebidas.wlk","timeElapsed":201,"timestamp":"2026-09-05T13:45:19.489Z"}
{"level":"info","message":"⌛ Validating clase59.wlk/bebidas.wlk","timeElapsed":280,"timestamp":"2026-09-05T13:45:19.770Z"}
{"level":"info","message":"⌛ Validating clase59.wlk/bebidas.wlk","timeElapsed":202,"timestamp":"2026-09-05T13:45:19.975Z"}
{"level":"info","message":"⌛ Validating clase59.wlk/bebidas.wlk","timeElapsed":204,"timestamp":"2026-09-05T13:45:20.179Z"}
{"level":"info","message":"⌛ Validating clase59.wlk/bebidas.wlk","timeElapsed":259,"timestamp":"2026-09-05T13:45:20.444Z"}
{"level":"info","message":"⌛ Validating clase59.wlk/bebidas.wlk","timeElapsed":210,"timestamp":"2026-09-05T13:45:20.655Z"}
{"level":"info","message":"⌛ Validating clase59.wlk/bebidas.wlk","timeElapsed":144,"timestamp":"2026-09-05T13:45:20.798Z"}
{"level":"info","message":"⌛ Validating clase59.wlk/bebidas.wlk","timeElapsed":236,"timestamp":"2026-09-05T13:45:21.045Z"}
{"level":"info","message":"⌛ Validating clase59.wlk/bebidas.wlk","timeElapsed":222,"timestamp":"2026-09-05T13:45:21.279Z"}
{"level":"info","message":"⌛ Validating clase59.wlk/bebidas.wlk","timeElapsed":152,"timestamp":"2026-09-05T13:45:21.448Z"}
{"level":"info","message":"⌛ Validating clase59.wlk/bebidas.wlk","timeElapsed":145,"timestamp":"2026-09-05T13:45:21.597Z"}
{"level":"info","message":"⌛ Building environment","timeElapsed":155,"timestamp":"2026-09-05T13:45:21.759Z"}
{"level":"info","message":"⌛ Building environment","timeElapsed":197,"timestamp":"2026-09-05T13:45:21.975Z"}
{"level":"info","message":"⌛ Validating clase59.wlk/bebidas.wlk","timeElapsed":244,"timestamp":"2026-09-05T13:45:22.221Z"}
{"level":"info","message":"⌛ Building environment","timeElapsed":220,"timestamp":"2026-09-05T13:45:22.463Z"}
{"level":"info","message":"⌛ Validating clase59.wlk/bebidas.wlk","timeElapsed":288,"timestamp":"2026-09-05T13:45:22.795Z"}
{"level":"info","message":"⌛ Validating clase59.wlk/bebidas.wlk","timeElapsed":228,"timestamp":"2026-09-05T13:45:23.023Z"}
{"level":"info","message":"⌛ Building environment","timeElapsed":259,"timestamp":"2026-09-05T13:45:23.289Z"}
{"level":"info","message":"⌛ Building environment","timeElapsed":197,"timestamp":"2026-09-05T13:45:23.556Z"}
{"level":"info","message":"⌛ Validating clase59.wlk/bebidas.wlk","timeElapsed":193,"timestamp":"2026-09-05T13:45:23.751Z"}
{"level":"info","message":"⌛ Building environment","timeElapsed":192,"timestamp":"2026-09-05T13:45:23.944Z"}
{"level":"info","message":"⌛ Building environment","timeElapsed":189,"timestamp":"2026-09-05T13:45:24.165Z"}
{"level":"info","message":"⌛ Building environment","timeElapsed":201,"timestamp":"2026-09-05T13:45:24.376Z"}
{"level":"info","message":"⌛ Building environment","timeElapsed":110,"timestamp":"2026-09-05T13:45:24.488Z"}
{"level":"info","message":"⌛ Building environment","timeElapsed":132,"timestamp":"2026-09-05T13:45:24.656Z"}
{"level":"info","message":"⌛ Validating clase59.wlk/bebidas.wlk","timeElapsed":423,"timestamp":"2026-09-05T13:45:25.083Z"}
{"level":"info","message":"⌛ Validating clase59.wlk/bebidas.wlk","timeElapsed":205,"timestamp":"2026-09-05T13:45:25.342Z"}
{"level":"info","message":"⌛ Building environment","timeElapsed":207,"timestamp":"2026-09-05T13:45:25.550Z"}
{"level":"info","message":"⌛ Validating clase59.wlk/bebidas.wlk","timeElapsed":266,"timestamp":"2026-09-05T13:45:25.870Z"}
{"level":"info","message":"⌛ Validating clase59.wlk/bebidas.wlk","timeElapsed":156,"timestamp":"2026-09-05T13:45:26.030Z"}
{"level":"info","message":"⌛ Validating clase59.wlk/bebidas.wlk","timeElapsed":154,"timestamp":"2026-09-05T13:45:26.185Z"}
{"level":"info","message":"⌛ Validating clase59.wlk/bebidas.wlk","timeElapsed":198,"timestamp":"2026-09-05T13:45:26.384Z"}
{"level":"info","message":"⌛ Validating clase59.wlk/bebidas.wlk","timeElapsed":260,"timestamp":"2026-09-05T13:45:26.644Z"}
{"level":"info","message":"⌛ Building environment","timeElapsed":192,"timestamp":"2026-09-05T13:45:26.845Z"}
{"level":"info","message":"⌛ Building environment","timeElapsed":298,"timestamp":"2026-09-05T13:45:27.146Z"}
{"level":"info","message":"⌛ Building environment","timeElapsed":187,"timestamp":"2026-09-05T13:45:27.344Z"}
{"level":"info","message":"⌛ Building environment","timeElapsed":148,"timestamp":"2026-09-05T13:45:27.526Z"}
{"level":"info","message":"⌛ Building environment","timeElapsed":207,"timestamp":"2026-09-05T13:45:27.747Z"}
{"level":"info","message":"⌛ Validating clase59.wlk/bebidas.wlk","timeElapsed":322,"timestamp":"2026-09-05T13:45:28.076Z"}
{"level":"info","message":"⌛ Building environment","timeElapsed":349,"timestamp":"2026-09-05T13:45:28.488Z"}
{"level":"info","message":"⌛ Building environment","timeElapsed":229,"timestamp":"2026-09-05T13:45:28.789Z"}
{"level":"info","message":"⌛ Building environment","timeElapsed":150,"timestamp":"2026-09-05T13:45:28.990Z"}
{"level":"info","message":"⌛ Building environment","timeElapsed":138,"timestamp":"2026-09-05T13:45:29.162Z"}
{"level":"info","message":"⌛ Validating clase59.wlk/bebidas.wlk","timeElapsed":325,"timestamp":"2026-09-05T13:45:29.488Z"}
{"level":"info","message":"⌛ Building environment","timeElapsed":270,"timestamp":"2026-09-05T13:45:29.763Z"}
{"level":"info","message":"⌛ Validating clase59.wlk/bebidas.wlk","timeElapsed":208,"timestamp":"2026-09-05T13:45:29.980Z"}
{"level":"info","message":"⌛ Validating clase59.wlk/bebidas.wlk","timeElapsed":242,"timestamp":"2026-09-05T13:45:30.229Z"}
{"level":"info","message":"⌛ Validating clase59.wlk/bebidas.wlk","timeElapsed":214,"timestamp":"2026-09-05T13:45:30.444Z"}
{"level":"info","message":"⌛ Building environment","timeElapsed":184,"timestamp":"2026-09-05T13:45:30.629Z"}
{"level":"info","message":"⌛ Validating clase59.wlk/bebidas.wlk","timeElapsed":203,"timestamp":"2026-09-05T13:45:30.856Z"}
{"level":"info","message":"⌛ Validating clase59.wlk/bebidas.wlk","timeElapsed":242,"timestamp":"2026-09-05T13:45:31.163Z"}
{"level":"info","message":"⌛ Validating clase59.wlk/bebidas.wlk","timeElapsed":322,"timestamp":"2026-09-05T13:45:31.486Z"}
{"level":"info","message":"⌛ Validating clase59.wlk/bebidas.wlk","timeElapsed":291,"timestamp":"2026-09-05T13:45:31.785Z"}
{"level":"info","message":"⌛ Validating clase59.wlk/bebidas.wlk","timeElapsed":244,"timestamp":"2026-09-05T13:45:32.034Z"}
{"level":"info","message":"⌛ Building environment","timeElapsed":179,"timestamp":"2026-09-05T13:45:32.219Z"}
{"level":"error","message":"✘ Completions for node Return ([27:9, 27:17] - clase59.wlk/bebidas.wlk) failed: Error: [Return]{d22139} at clase59.wlk/bebidas.wlk:27 exhausted all cases without a match [Return]{d22139} at clase59.wlk/bebidas.wlk:27 exhausted all cases without a match","stack":"Error: [Return]{d22139} at clase59.wlk/bebidas.wlk:27 exhausted all cases without a match\n    at c:\\Users\\elias\\.vscode\\extensions\\uqbar.wollok-lsp-ide-0.5.5\\out\\server\\src\\server.js:38:6142\n    at L2 (c:\\Users\\elias\\.vscode\\extensions\\uqbar.wollok-lsp-ide-0.5.5\\out\\server\\src\\server.js:2421:42)\n    at Jh (c:\\Users\\elias\\.vscode\\extensions\\uqbar.wollok-lsp-ide-0.5.5\\out\\server\\src\\server.js:2421:1092)\n    at w5n (c:\\Users\\elias\\.vscode\\extensions\\uqbar.wollok-lsp-ide-0.5.5\\out\\server\\src\\server.js:2421:1248)\n    at c:\\Users\\elias\\.vscode\\extensions\\uqbar.wollok-lsp-ide-0.5.5\\out\\server\\src\\server.js:38:6131\n    at L2 (c:\\Users\\elias\\.vscode\\extensions\\uqbar.wollok-lsp-ide-0.5.5\\out\\server\\src\\server.js:2421:42)\n    at c:\\Users\\elias\\.vscode\\extensions\\uqbar.wollok-lsp-ide-0.5.5\\out\\server\\src\\server.js:2421:2988\n    at c:\\Users\\elias\\.vscode\\extensions\\uqbar.wollok-lsp-ide-0.5.5\\out\\server\\src\\server.js:2430:8440\n    at c:\\Users\\elias\\.vscode\\extensions\\uqbar.wollok-lsp-ide-0.5.5\\out\\server\\src\\server.js:37:74872\n    at Ke (c:\\Users\\elias\\.vscode\\extensions\\uqbar.wollok-lsp-ide-0.5.5\\out\\server\\src\\server.js:7:8527)","timestamp":"2026-09-05T13:45:32.271Z"}
{"level":"info","message":"⌛ Building environment","timeElapsed":208,"timestamp":"2026-09-05T13:45:32.486Z"}
{"level":"info","message":"⌛ Building environment","timeElapsed":153,"timestamp":"2026-09-05T13:45:32.642Z"}
{"level":"info","message":"⌛ Validating clase59.wlk/bebidas.wlk","timeElapsed":229,"timestamp":"2026-09-05T13:45:32.907Z"}
{"level":"info","message":"⌛ Validating clase59.wlk/bebidas.wlk","timeElapsed":268,"timestamp":"2026-09-05T13:45:33.185Z"}
{"level":"info","message":"⌛ Building environment","timeElapsed":261,"timestamp":"2026-09-05T13:45:33.450Z"}
{"level":"info","message":"⌛ Building environment","timeElapsed":162,"timestamp":"2026-09-05T13:45:33.617Z"}
{"level":"info","message":"⌛ Building environment","timeElapsed":130,"timestamp":"2026-09-05T13:45:33.749Z"}
{"level":"info","message":"⌛ Building environment","timeElapsed":209,"timestamp":"2026-09-05T13:45:33.985Z"}
{"level":"info","message":"⌛ Building environment","timeElapsed":198,"timestamp":"2026-09-05T13:45:34.184Z"}
{"level":"info","message":"⌛ Building environment","timeElapsed":199,"timestamp":"2026-09-05T13:45:34.388Z"}
{"level":"info","message":"⌛ Building environment","timeElapsed":335,"timestamp":"2026-09-05T13:45:34.762Z"}
{"level":"info","message":"⌛ Building environment","timeElapsed":316,"timestamp":"2026-09-05T13:45:35.080Z"}
{"level":"info","message":"⌛ Validating clase59.wlk/bebidas.wlk","timeElapsed":194,"timestamp":"2026-09-05T13:45:35.286Z"}
{"level":"info","message":"⌛ Validating clase59.wlk/bebidas.wlk","timeElapsed":304,"timestamp":"2026-09-05T13:45:35.595Z"}
{"level":"info","message":"⌛ Validating clase59.wlk/bebidas.wlk","timeElapsed":270,"timestamp":"2026-09-05T13:45:35.875Z"}
{"level":"info","message":"⌛ Validating clase59.wlk/bebidas.wlk","timeElapsed":190,"timestamp":"2026-09-05T13:45:36.077Z"}
{"level":"info","message":"⌛ Validating clase59.wlk/bebidas.wlk","timeElapsed":243,"timestamp":"2026-09-05T13:45:36.321Z"}
{"level":"info","message":"⌛ Validating clase59.wlk/bebidas.wlk","timeElapsed":225,"timestamp":"2026-09-05T13:45:36.547Z"}
{"level":"info","message":"⌛ Validating clase59.wlk/bebidas.wlk","timeElapsed":207,"timestamp":"2026-09-05T13:45:36.755Z"}
{"level":"info","message":"⌛ Validating clase59.wlk/bebidas.wlk","timeElapsed":292,"timestamp":"2026-09-05T13:45:37.053Z"}
{"level":"info","message":"⌛ Validating clase59.wlk/bebidas.wlk","timeElapsed":236,"timestamp":"2026-09-05T13:45:37.292Z"}
{"level":"info","message":"⌛ Validating clase59.wlk/bebidas.wlk","timeElapsed":203,"timestamp":"2026-09-05T13:45:37.511Z"}
{"level":"info","message":"⌛ Validating clase59.wlk/bebidas.wlk","timeElapsed":273,"timestamp":"2026-09-05T13:45:37.790Z"}
{"level":"info","message":"⌛ Building environment","timeElapsed":161,"timestamp":"2026-09-05T13:45:43.626Z"}
{"level":"info","message":"⌛ Validating clase59.wlk/bebidas.wlk","timeElapsed":242,"timestamp":"2026-09-05T13:45:43.952Z"}
{"level":"info","message":"⌛ Building environment","timeElapsed":422,"timestamp":"2026-09-05T13:45:44.379Z"}
{"level":"info","message":"⌛ Building environment","timeElapsed":114,"timestamp":"2026-09-05T13:45:44.524Z"}
{"level":"info","message":"⌛ Building environment","timeElapsed":127,"timestamp":"2026-09-05T13:45:44.663Z"}
{"level":"info","message":"⌛ Building environment","timeElapsed":110,"timestamp":"2026-09-05T13:45:44.776Z"}
{"level":"info","message":"⌛ Validating clase59.wlk/bebidas.wlk","timeElapsed":224,"timestamp":"2026-09-05T13:45:45.002Z"}
{"level":"info","message":"⌛ Validating clase59.wlk/bebidas.wlk","timeElapsed":236,"timestamp":"2026-09-05T13:45:45.238Z"}
{"level":"info","message":"⌛ Validating clase59.wlk/bebidas.wlk","timeElapsed":196,"timestamp":"2026-09-05T13:45:45.456Z"}
{"level":"info","message":"⌛ Validating clase59.wlk/bebidas.wlk","timeElapsed":211,"timestamp":"2026-09-05T13:45:45.699Z"}
{"level":"info","message":"⌛ Building environment","timeElapsed":168,"timestamp":"2026-09-05T13:45:47.238Z"}
{"level":"info","message":"⌛ Validating clase59.wlk/bebidas.wlk","timeElapsed":215,"timestamp":"2026-09-05T13:45:47.455Z"}
{"level":"info","message":"⌛ Building environment","timeElapsed":129,"timestamp":"2026-09-05T13:45:47.698Z"}
{"level":"info","message":"⌛ Building environment","timeElapsed":280,"timestamp":"2026-09-05T13:45:48.024Z"}
{"level":"info","message":"⌛ Validating clase59.wlk/bebidas.wlk","timeElapsed":301,"timestamp":"2026-09-05T13:45:48.326Z"}
{"level":"info","message":"⌛ Building environment","timeElapsed":172,"timestamp":"2026-09-05T13:45:48.528Z"}
{"level":"info","message":"⌛ Validating clase59.wlk/bebidas.wlk","timeElapsed":384,"timestamp":"2026-09-05T13:45:48.913Z"}
{"level":"info","message":"⌛ Building environment","timeElapsed":139,"timestamp":"2026-09-05T13:45:49.066Z"}
{"level":"info","message":"⌛ Building environment","timeElapsed":154,"timestamp":"2026-09-05T13:45:49.224Z"}
{"level":"info","message":"⌛ Validating clase59.wlk/bebidas.wlk","timeElapsed":297,"timestamp":"2026-09-05T13:45:49.552Z"}
{"level":"error","message":"✘ Failed to rebuild document Failed to parse clase59.wlk/bebidas.wlk: \n-- PARSING FAILED --------------------------------------------------\n\n  21 |     }\n  22 |     method\n> 23 | }\n     | ^\n  24 | \n  25 | object whisky {\n\nExpected one of the following: \n\n'!=', '!==', '%', '&&', '*', '**', '+', '-', '->', '..', '..<', '/', '<', '<<', '<<<', '<=', '<=>', '<>', '==', '===', '>', '>..', '>=', '>>', '>>>', '?:', 'and', 'invert', 'negate', 'or', 'plus', '||', identifier, whitespace\n","stack":"Error: Failed to parse clase59.wlk/bebidas.wlk: \n-- PARSING FAILED --------------------------------------------------\n\n  21 |     }\n  22 |     method\n> 23 | }\n     | ^\n  24 | \n  25 | object whisky {\n\nExpected one of the following: \n\n'!=', '!==', '%', '&&', '*', '**', '+', '-', '->', '..', '..<', '/', '<', '<<', '<<<', '<=', '<=>', '<>', '==', '===', '>', '>..', '>=', '>>', '>>>', '?:', 'and', 'invert', 'negate', 'or', 'plus', '||', identifier, whitespace\n\n    at c:\\Users\\elias\\.vscode\\extensions\\uqbar.wollok-lsp-ide-0.5.5\\out\\server\\src\\server.js:2385:13026\n    at Array.map (<anonymous>)\n    at z1n (c:\\Users\\elias\\.vscode\\extensions\\uqbar.wollok-lsp-ide-0.5.5\\out\\server\\src\\server.js:2385:12950)\n    at H2.buildEnvironmentFrom (c:\\Users\\elias\\.vscode\\extensions\\uqbar.wollok-lsp-ide-0.5.5\\out\\server\\src\\server.js:2430:5254)\n    at H2.updateEnvironmentWith (c:\\Users\\elias\\.vscode\\extensions\\uqbar.wollok-lsp-ide-0.5.5\\out\\server\\src\\server.js:2430:4989)\n    at QF (c:\\Users\\elias\\.vscode\\extensions\\uqbar.wollok-lsp-ide-0.5.5\\out\\server\\src\\server.js:2430:7383)\n    at V3.invoke (c:\\Users\\elias\\.vscode\\extensions\\uqbar.wollok-lsp-ide-0.5.5\\out\\server\\src\\server.js:3:157330)\n    at o.fire (c:\\Users\\elias\\.vscode\\extensions\\uqbar.wollok-lsp-ide-0.5.5\\out\\server\\src\\server.js:3:158100)\n    at c:\\Users\\elias\\.vscode\\extensions\\uqbar.wollok-lsp-ide-0.5.5\\out\\server\\src\\server.js:37:57871\n    at nd (c:\\Users\\elias\\.vscode\\extensions\\uqbar.wollok-lsp-ide-0.5.5\\out\\server\\src\\server.js:8:1561)","timestamp":"2026-09-05T13:45:49.645Z"}
{"level":"error","message":"✘ Failed to rebuild document Failed to parse clase59.wlk/bebidas.wlk: \n-- PARSING FAILED --------------------------------------------------\n\n  21 |     }\n  22 |     method \n> 23 | }\n     | ^\n  24 | \n  25 | object whisky {\n\nExpected one of the following: \n\n'!=', '!==', '%', '&&', '*', '**', '+', '-', '->', '..', '..<', '/', '<', '<<', '<<<', '<=', '<=>', '<>', '==', '===', '>', '>..', '>=', '>>', '>>>', '?:', 'and', 'invert', 'negate', 'or', 'plus', '||', identifier, whitespace\n","stack":"Error: Failed to parse clase59.wlk/bebidas.wlk: \n-- PARSING FAILED --------------------------------------------------\n\n  21 |     }\n  22 |     method \n> 23 | }\n     | ^\n  24 | \n  25 | object whisky {\n\nExpected one of the following: \n\n'!=', '!==', '%', '&&', '*', '**', '+', '-', '->', '..', '..<', '/', '<', '<<', '<<<', '<=', '<=>', '<>', '==', '===', '>', '>..', '>=', '>>', '>>>', '?:', 'and', 'invert', 'negate', 'or', 'plus', '||', identifier, whitespace\n\n    at c:\\Users\\elias\\.vscode\\extensions\\uqbar.wollok-lsp-ide-0.5.5\\out\\server\\src\\server.js:2385:13026\n    at Array.map (<anonymous>)\n    at z1n (c:\\Users\\elias\\.vscode\\extensions\\uqbar.wollok-lsp-ide-0.5.5\\out\\server\\src\\server.js:2385:12950)\n    at H2.buildEnvironmentFrom (c:\\Users\\elias\\.vscode\\extensions\\uqbar.wollok-lsp-ide-0.5.5\\out\\server\\src\\server.js:2430:5254)\n    at H2.updateEnvironmentWith (c:\\Users\\elias\\.vscode\\extensions\\uqbar.wollok-lsp-ide-0.5.5\\out\\server\\src\\server.js:2430:4989)\n    at QF (c:\\Users\\elias\\.vscode\\extensions\\uqbar.wollok-lsp-ide-0.5.5\\out\\server\\src\\server.js:2430:7383)\n    at V3.invoke (c:\\Users\\elias\\.vscode\\extensions\\uqbar.wollok-lsp-ide-0.5.5\\out\\server\\src\\server.js:3:157330)\n    at o.fire (c:\\Users\\elias\\.vscode\\extensions\\uqbar.wollok-lsp-ide-0.5.5\\out\\server\\src\\server.js:3:158100)\n    at c:\\Users\\elias\\.vscode\\extensions\\uqbar.wollok-lsp-ide-0.5.5\\out\\server\\src\\server.js:37:57871\n    at nd (c:\\Users\\elias\\.vscode\\extensions\\uqbar.wollok-lsp-ide-0.5.5\\out\\server\\src\\server.js:8:1561)","timestamp":"2026-09-05T13:45:49.721Z"}
{"level":"info","message":"⌛ Validating clase59.wlk/bebidas.wlk","timeElapsed":354,"timestamp":"2026-09-05T13:45:50.083Z"}
{"level":"info","message":"⌛ Validating clase59.wlk/bebidas.wlk","timeElapsed":316,"timestamp":"2026-09-05T13:45:50.425Z"}
{"level":"info","message":"⌛ Building environment","timeElapsed":146,"timestamp":"2026-09-05T13:45:50.582Z"}
{"level":"info","message":"⌛ Building environment","timeElapsed":159,"timestamp":"2026-09-05T13:45:50.746Z"}
{"level":"info","message":"⌛ Building environment","timeElapsed":168,"timestamp":"2026-09-05T13:45:50.925Z"}
{"level":"info","message":"⌛ Building environment","timeElapsed":337,"timestamp":"2026-09-05T13:45:51.294Z"}
{"level":"info","message":"⌛ Building environment","timeElapsed":316,"timestamp":"2026-09-05T13:45:51.759Z"}
{"level":"info","message":"⌛ Validating clase59.wlk/bebidas.wlk","timeElapsed":228,"timestamp":"2026-09-05T13:45:52.003Z"}
{"level":"info","message":"⌛ Validating clase59.wlk/bebidas.wlk","timeElapsed":220,"timestamp":"2026-09-05T13:45:52.226Z"}
{"level":"info","message":"⌛ Building environment","timeElapsed":114,"timestamp":"2026-09-05T13:45:52.341Z"}
{"level":"info","message":"⌛ Validating clase59.wlk/bebidas.wlk","timeElapsed":160,"timestamp":"2026-09-05T13:45:52.505Z"}
{"level":"info","message":"⌛ Building environment","timeElapsed":134,"timestamp":"2026-09-05T13:45:52.640Z"}
{"level":"info","message":"⌛ Building environment","timeElapsed":185,"timestamp":"2026-09-05T13:45:52.884Z"}
{"level":"info","message":"⌛ Building environment","timeElapsed":482,"timestamp":"2026-09-05T13:45:53.376Z"}
{"level":"info","message":"⌛ Validating clase59.wlk/bebidas.wlk","timeElapsed":295,"timestamp":"2026-09-05T13:45:53.672Z"}
{"level":"info","message":"⌛ Building environment","timeElapsed":197,"timestamp":"2026-09-05T13:45:53.870Z"}
{"level":"info","message":"⌛ Validating clase59.wlk/bebidas.wlk","timeElapsed":153,"timestamp":"2026-09-05T13:45:54.032Z"}
{"level":"info","message":"⌛ Validating clase59.wlk/bebidas.wlk","timeElapsed":189,"timestamp":"2026-09-05T13:45:54.222Z"}
{"level":"info","message":"⌛ Validating clase59.wlk/bebidas.wlk","timeElapsed":141,"timestamp":"2026-09-05T13:45:54.366Z"}
{"level":"info","message":"⌛ Building environment","timeElapsed":135,"timestamp":"2026-09-05T13:45:54.508Z"}
{"level":"info","message":"⌛ Validating clase59.wlk/bebidas.wlk","timeElapsed":277,"timestamp":"2026-09-05T13:45:54.834Z"}
{"level":"info","message":"⌛ Building environment","timeElapsed":257,"timestamp":"2026-09-05T13:45:55.094Z"}
{"level":"info","message":"⌛ Building environment","timeElapsed":230,"timestamp":"2026-09-05T13:45:55.326Z"}
{"level":"info","message":"⌛ Building environment","timeElapsed":117,"timestamp":"2026-09-05T13:45:55.471Z"}
{"level":"info","message":"⌛ Validating clase59.wlk/bebidas.wlk","timeElapsed":185,"timestamp":"2026-09-05T13:45:55.657Z"}
{"level":"info","message":"⌛ Building environment","timeElapsed":122,"timestamp":"2026-09-05T13:45:55.779Z"}
{"level":"info","message":"⌛ Validating clase59.wlk/bebidas.wlk","timeElapsed":166,"timestamp":"2026-09-05T13:45:55.971Z"}
{"level":"info","message":"⌛ Building environment","timeElapsed":120,"timestamp":"2026-09-05T13:45:56.095Z"}
{"level":"info","message":"⌛ Validating clase59.wlk/bebidas.wlk","timeElapsed":287,"timestamp":"2026-09-05T13:45:56.411Z"}
{"level":"info","message":"⌛ Building environment","timeElapsed":258,"timestamp":"2026-09-05T13:45:56.708Z"}
{"level":"info","message":"⌛ Building environment","timeElapsed":148,"timestamp":"2026-09-05T13:45:56.909Z"}
{"level":"info","message":"⌛ Validating clase59.wlk/bebidas.wlk","timeElapsed":201,"timestamp":"2026-09-05T13:45:57.110Z"}
{"level":"info","message":"⌛ Validating clase59.wlk/bebidas.wlk","timeElapsed":150,"timestamp":"2026-09-05T13:45:57.277Z"}
{"level":"info","message":"⌛ Validating clase59.wlk/bebidas.wlk","timeElapsed":165,"timestamp":"2026-09-05T13:45:57.442Z"}
{"level":"info","message":"⌛ Validating clase59.wlk/bebidas.wlk","timeElapsed":154,"timestamp":"2026-09-05T13:45:57.596Z"}
{"level":"info","message":"⌛ Building environment","timeElapsed":125,"timestamp":"2026-09-05T13:45:57.721Z"}
{"level":"info","message":"⌛ Validating clase59.wlk/bebidas.wlk","timeElapsed":207,"timestamp":"2026-09-05T13:45:57.944Z"}
{"level":"info","message":"⌛ Building environment","timeElapsed":179,"timestamp":"2026-09-05T13:45:58.144Z"}
{"level":"info","message":"⌛ Validating clase59.wlk/bebidas.wlk","timeElapsed":196,"timestamp":"2026-09-05T13:45:58.357Z"}
{"level":"info","message":"⌛ Validating clase59.wlk/bebidas.wlk","timeElapsed":236,"timestamp":"2026-09-05T13:45:58.606Z"}
{"level":"info","message":"⌛ Building environment","timeElapsed":138,"timestamp":"2026-09-05T13:45:58.745Z"}
{"level":"info","message":"⌛ Building environment","timeElapsed":194,"timestamp":"2026-09-05T13:45:58.987Z"}
{"level":"info","message":"⌛ Validating clase59.wlk/bebidas.wlk","timeElapsed":158,"timestamp":"2026-09-05T13:45:59.162Z"}
{"level":"info","message":"⌛ Validating clase59.wlk/bebidas.wlk","timeElapsed":227,"timestamp":"2026-09-05T13:45:59.399Z"}
{"level":"info","message":"⌛ Building environment","timeElapsed":231,"timestamp":"2026-09-05T13:45:59.640Z"}
{"level":"info","message":"⌛ Building environment","timeElapsed":234,"timestamp":"2026-09-05T13:45:59.899Z"}
{"level":"info","message":"⌛ Validating clase59.wlk/bebidas.wlk","timeElapsed":226,"timestamp":"2026-09-05T13:46:00.130Z"}
{"level":"info","message":"⌛ Validating clase59.wlk/bebidas.wlk","timeElapsed":127,"timestamp":"2026-09-05T13:46:00.272Z"}
{"level":"info","message":"⌛ Building environment","timeElapsed":124,"timestamp":"2026-09-05T13:46:00.396Z"}
{"level":"info","message":"⌛ Building environment","timeElapsed":146,"timestamp":"2026-09-05T13:46:00.556Z"}
{"level":"info","message":"⌛ Validating clase59.wlk/bebidas.wlk","timeElapsed":230,"timestamp":"2026-09-05T13:46:00.787Z"}
{"level":"info","message":"⌛ Validating clase59.wlk/bebidas.wlk","timeElapsed":278,"timestamp":"2026-09-05T13:46:01.149Z"}
{"level":"info","message":"⌛ Validating clase59.wlk/bebidas.wlk","timeElapsed":337,"timestamp":"2026-09-05T13:46:01.549Z"}
{"level":"info","message":"⌛ Building environment","timeElapsed":202,"timestamp":"2026-09-05T13:46:01.762Z"}
{"level":"info","message":"⌛ Validating clase59.wlk/bebidas.wlk","timeElapsed":227,"timestamp":"2026-09-05T13:46:01.992Z"}
{"level":"info","message":"⌛ Building environment","timeElapsed":158,"timestamp":"2026-09-05T13:46:02.152Z"}
{"level":"info","message":"⌛ Validating clase59.wlk/bebidas.wlk","timeElapsed":201,"timestamp":"2026-09-05T13:46:02.362Z"}
{"level":"info","message":"⌛ Validating clase59.wlk/bebidas.wlk","timeElapsed":191,"timestamp":"2026-09-05T13:46:02.554Z"}
{"level":"info","message":"⌛ Building environment","timeElapsed":219,"timestamp":"2026-09-05T13:46:06.008Z"}
{"level":"info","message":"⌛ Validating clase59.wlk/bebidas.wlk","timeElapsed":299,"timestamp":"2026-09-05T13:46:06.327Z"}
{"level":"error","message":"✘ Failed to rebuild document Failed to parse clase59.wlk/bebidas.wlk: \n-- PARSING FAILED --------------------------------------------------\n\n  24 | \n  25 |     }\n> 26 | }\n     | ^\n  27 | \n  28 | object whisky {\n\nExpected one of the following: \n\n'@', 'class', 'const', 'describe', 'mixin', 'object', 'only', 'package', 'program', 'test', 'var', '{', EOF, comment, not \"}\r\n\r\n\", whitespace\n","stack":"Error: Failed to parse clase59.wlk/bebidas.wlk: \n-- PARSING FAILED --------------------------------------------------\n\n  24 | \n  25 |     }\n> 26 | }\n     | ^\n  27 | \n  28 | object whisky {\n\nExpected one of the following: \n\n'@', 'class', 'const', 'describe', 'mixin', 'object', 'only', 'package', 'program', 'test', 'var', '{', EOF, comment, not \"}\r\n\r\n\", whitespace\n\n    at c:\\Users\\elias\\.vscode\\extensions\\uqbar.wollok-lsp-ide-0.5.5\\out\\server\\src\\server.js:2385:13026\n    at Array.map (<anonymous>)\n    at z1n (c:\\Users\\elias\\.vscode\\extensions\\uqbar.wollok-lsp-ide-0.5.5\\out\\server\\src\\server.js:2385:12950)\n    at H2.buildEnvironmentFrom (c:\\Users\\elias\\.vscode\\extensions\\uqbar.wollok-lsp-ide-0.5.5\\out\\server\\src\\server.js:2430:5254)\n    at H2.updateEnvironmentWith (c:\\Users\\elias\\.vscode\\extensions\\uqbar.wollok-lsp-ide-0.5.5\\out\\server\\src\\server.js:2430:4989)\n    at QF (c:\\Users\\elias\\.vscode\\extensions\\uqbar.wollok-lsp-ide-0.5.5\\out\\server\\src\\server.js:2430:7383)\n    at V3.invoke (c:\\Users\\elias\\.vscode\\extensions\\uqbar.wollok-lsp-ide-0.5.5\\out\\server\\src\\server.js:3:157330)\n    at o.fire (c:\\Users\\elias\\.vscode\\extensions\\uqbar.wollok-lsp-ide-0.5.5\\out\\server\\src\\server.js:3:158100)\n    at c:\\Users\\elias\\.vscode\\extensions\\uqbar.wollok-lsp-ide-0.5.5\\out\\server\\src\\server.js:37:57871\n    at nd (c:\\Users\\elias\\.vscode\\extensions\\uqbar.wollok-lsp-ide-0.5.5\\out\\server\\src\\server.js:8:1561)","timestamp":"2026-09-05T13:46:08.097Z"}
{"level":"error","message":"✘ Failed to rebuild document Failed to parse clase59.wlk/bebidas.wlk: \n-- PARSING FAILED --------------------------------------------------\n\n  24 | \n  25 |     }\n> 26 | }\n     | ^\n  27 | \n  28 | object whisky {\n\nExpected one of the following: \n\n'@', 'class', 'const', 'describe', 'mixin', 'object', 'only', 'package', 'program', 'test', 'var', '{', EOF, comment, not \"}\r\n\r\n\", whitespace\n","stack":"Error: Failed to parse clase59.wlk/bebidas.wlk: \n-- PARSING FAILED --------------------------------------------------\n\n  24 | \n  25 |     }\n> 26 | }\n     | ^\n  27 | \n  28 | object whisky {\n\nExpected one of the following: \n\n'@', 'class', 'const', 'describe', 'mixin', 'object', 'only', 'package', 'program', 'test', 'var', '{', EOF, comment, not \"}\r\n\r\n\", whitespace\n\n    at c:\\Users\\elias\\.vscode\\extensions\\uqbar.wollok-lsp-ide-0.5.5\\out\\server\\src\\server.js:2385:13026\n    at Array.map (<anonymous>)\n    at z1n (c:\\Users\\elias\\.vscode\\extensions\\uqbar.wollok-lsp-ide-0.5.5\\out\\server\\src\\server.js:2385:12950)\n    at H2.buildEnvironmentFrom (c:\\Users\\elias\\.vscode\\extensions\\uqbar.wollok-lsp-ide-0.5.5\\out\\server\\src\\server.js:2430:5254)\n    at H2.updateEnvironmentWith (c:\\Users\\elias\\.vscode\\extensions\\uqbar.wollok-lsp-ide-0.5.5\\out\\server\\src\\server.js:2430:4989)\n    at QF (c:\\Users\\elias\\.vscode\\extensions\\uqbar.wollok-lsp-ide-0.5.5\\out\\server\\src\\server.js:2430:7383)\n    at V3.invoke (c:\\Users\\elias\\.vscode\\extensions\\uqbar.wollok-lsp-ide-0.5.5\\out\\server\\src\\server.js:3:157330)\n    at o.fire (c:\\Users\\elias\\.vscode\\extensions\\uqbar.wollok-lsp-ide-0.5.5\\out\\server\\src\\server.js:3:158100)\n    at c:\\Users\\elias\\.vscode\\extensions\\uqbar.wollok-lsp-ide-0.5.5\\out\\server\\src\\server.js:37:57871\n    at nd (c:\\Users\\elias\\.vscode\\extensions\\uqbar.wollok-lsp-ide-0.5.5\\out\\server\\src\\server.js:8:1561)","timestamp":"2026-09-05T13:46:08.921Z"}
{"level":"error","message":"✘ Failed to rebuild document Failed to parse clase59.wlk/bebidas.wlk: \n-- PARSING FAILED --------------------------------------------------\n\n  24 | \n  25 |     }\n> 26 | }\n     | ^\n  27 | \n  28 | object whisky {\n\nExpected one of the following: \n\n'@', 'class', 'const', 'describe', 'mixin', 'object', 'only', 'package', 'program', 'test', 'var', '{', EOF, comment, not \"}\r\n\r\n\", whitespace\n","stack":"Error: Failed to parse clase59.wlk/bebidas.wlk: \n-- PARSING FAILED --------------------------------------------------\n\n  24 | \n  25 |     }\n> 26 | }\n     | ^\n  27 | \n  28 | object whisky {\n\nExpected one of the following: \n\n'@', 'class', 'const', 'describe', 'mixin', 'object', 'only', 'package', 'program', 'test', 'var', '{', EOF, comment, not \"}\r\n\r\n\", whitespace\n\n    at c:\\Users\\elias\\.vscode\\extensions\\uqbar.wollok-lsp-ide-0.5.5\\out\\server\\src\\server.js:2385:13026\n    at Array.map (<anonymous>)\n    at z1n (c:\\Users\\elias\\.vscode\\extensions\\uqbar.wollok-lsp-ide-0.5.5\\out\\server\\src\\server.js:2385:12950)\n    at H2.buildEnvironmentFrom (c:\\Users\\elias\\.vscode\\extensions\\uqbar.wollok-lsp-ide-0.5.5\\out\\server\\src\\server.js:2430:5254)\n    at H2.updateEnvironmentWith (c:\\Users\\elias\\.vscode\\extensions\\uqbar.wollok-lsp-ide-0.5.5\\out\\server\\src\\server.js:2430:4989)\n    at QF (c:\\Users\\elias\\.vscode\\extensions\\uqbar.wollok-lsp-ide-0.5.5\\out\\server\\src\\server.js:2430:7383)\n    at V3.invoke (c:\\Users\\elias\\.vscode\\extensions\\uqbar.wollok-lsp-ide-0.5.5\\out\\server\\src\\server.js:3:157330)\n    at o.fire (c:\\Users\\elias\\.vscode\\extensions\\uqbar.wollok-lsp-ide-0.5.5\\out\\server\\src\\server.js:3:158100)\n    at c:\\Users\\elias\\.vscode\\extensions\\uqbar.wollok-lsp-ide-0.5.5\\out\\server\\src\\server.js:37:57871\n    at nd (c:\\Users\\elias\\.vscode\\extensions\\uqbar.wollok-lsp-ide-0.5.5\\out\\server\\src\\server.js:8:1561)","timestamp":"2026-09-05T13:46:11.662Z"}
{"level":"error","message":"✘ Failed to rebuild document Failed to parse clase59.wlk/bebidas.wlk: \n-- PARSING FAILED --------------------------------------------------\n\n  24 | \n  25 |     }\n> 26 | }\n     | ^\n  27 | \n  28 | object whisky {\n\nExpected one of the following: \n\n'@', 'class', 'const', 'describe', 'mixin', 'object', 'only', 'package', 'program', 'test', 'var', '{', EOF, comment, not \"}\r\n\r\n\", whitespace\n","stack":"Error: Failed to parse clase59.wlk/bebidas.wlk: \n-- PARSING FAILED --------------------------------------------------\n\n  24 | \n  25 |     }\n> 26 | }\n     | ^\n  27 | \n  28 | object whisky {\n\nExpected one of the following: \n\n'@', 'class', 'const', 'describe', 'mixin', 'object', 'only', 'package', 'program', 'test', 'var', '{', EOF, comment, not \"}\r\n\r\n\", whitespace\n\n    at c:\\Users\\elias\\.vscode\\extensions\\uqbar.wollok-lsp-ide-0.5.5\\out\\server\\src\\server.js:2385:13026\n    at Array.map (<anonymous>)\n    at z1n (c:\\Users\\elias\\.vscode\\extensions\\uqbar.wollok-lsp-ide-0.5.5\\out\\server\\src\\server.js:2385:12950)\n    at H2.buildEnvironmentFrom (c:\\Users\\elias\\.vscode\\extensions\\uqbar.wollok-lsp-ide-0.5.5\\out\\server\\src\\server.js:2430:5254)\n    at H2.updateEnvironmentWith (c:\\Users\\elias\\.vscode\\extensions\\uqbar.wollok-lsp-ide-0.5.5\\out\\server\\src\\server.js:2430:4989)\n    at QF (c:\\Users\\elias\\.vscode\\extensions\\uqbar.wollok-lsp-ide-0.5.5\\out\\server\\src\\server.js:2430:7383)\n    at V3.invoke (c:\\Users\\elias\\.vscode\\extensions\\uqbar.wollok-lsp-ide-0.5.5\\out\\server\\src\\server.js:3:157330)\n    at o.fire (c:\\Users\\elias\\.vscode\\extensions\\uqbar.wollok-lsp-ide-0.5.5\\out\\server\\src\\server.js:3:158100)\n    at c:\\Users\\elias\\.vscode\\extensions\\uqbar.wollok-lsp-ide-0.5.5\\out\\server\\src\\server.js:37:57871\n    at nd (c:\\Users\\elias\\.vscode\\extensions\\uqbar.wollok-lsp-ide-0.5.5\\out\\server\\src\\server.js:8:1561)","timestamp":"2026-09-05T13:46:14.539Z"}
{"level":"error","message":"✘ Failed to rebuild document Failed to parse clase59.wlk/bebidas.wlk: \n-- PARSING FAILED --------------------------------------------------\n\n  24 | \n  25 |     }\n> 26 | }\n     | ^\n  27 | \n  28 | object whisky {\n\nExpected one of the following: \n\n'@', 'class', 'const', 'describe', 'mixin', 'object', 'only', 'package', 'program', 'test', 'var', '{', EOF, comment, not \"}\r\n\r\n\", whitespace\n","stack":"Error: Failed to parse clase59.wlk/bebidas.wlk: \n-- PARSING FAILED --------------------------------------------------\n\n  24 | \n  25 |     }\n> 26 | }\n     | ^\n  27 | \n  28 | object whisky {\n\nExpected one of the following: \n\n'@', 'class', 'const', 'describe', 'mixin', 'object', 'only', 'package', 'program', 'test', 'var', '{', EOF, comment, not \"}\r\n\r\n\", whitespace\n\n    at c:\\Users\\elias\\.vscode\\extensions\\uqbar.wollok-lsp-ide-0.5.5\\out\\server\\src\\server.js:2385:13026\n    at Array.map (<anonymous>)\n    at z1n (c:\\Users\\elias\\.vscode\\extensions\\uqbar.wollok-lsp-ide-0.5.5\\out\\server\\src\\server.js:2385:12950)\n    at H2.buildEnvironmentFrom (c:\\Users\\elias\\.vscode\\extensions\\uqbar.wollok-lsp-ide-0.5.5\\out\\server\\src\\server.js:2430:5254)\n    at H2.updateEnvironmentWith (c:\\Users\\elias\\.vscode\\extensions\\uqbar.wollok-lsp-ide-0.5.5\\out\\server\\src\\server.js:2430:4989)\n    at QF (c:\\Users\\elias\\.vscode\\extensions\\uqbar.wollok-lsp-ide-0.5.5\\out\\server\\src\\server.js:2430:7383)\n    at V3.invoke (c:\\Users\\elias\\.vscode\\extensions\\uqbar.wollok-lsp-ide-0.5.5\\out\\server\\src\\server.js:3:157330)\n    at o.fire (c:\\Users\\elias\\.vscode\\extensions\\uqbar.wollok-lsp-ide-0.5.5\\out\\server\\src\\server.js:3:158100)\n    at c:\\Users\\elias\\.vscode\\extensions\\uqbar.wollok-lsp-ide-0.5.5\\out\\server\\src\\server.js:37:57871\n    at nd (c:\\Users\\elias\\.vscode\\extensions\\uqbar.wollok-lsp-ide-0.5.5\\out\\server\\src\\server.js:8:1561)","timestamp":"2026-09-05T13:46:14.748Z"}
{"level":"error","message":"✘ Failed to rebuild document Failed to parse clase59.wlk/bebidas.wlk: \n-- PARSING FAILED --------------------------------------------------\n\n  24 | \n  25 |     }\n> 26 | }\n     | ^\n  27 | \n  28 | object whisky {\n\nExpected one of the following: \n\n'@', 'class', 'const', 'describe', 'mixin', 'object', 'only', 'package', 'program', 'test', 'var', '{', EOF, comment, not \"}\r\n\r\n\", whitespace\n","stack":"Error: Failed to parse clase59.wlk/bebidas.wlk: \n-- PARSING FAILED --------------------------------------------------\n\n  24 | \n  25 |     }\n> 26 | }\n     | ^\n  27 | \n  28 | object whisky {\n\nExpected one of the following: \n\n'@', 'class', 'const', 'describe', 'mixin', 'object', 'only', 'package', 'program', 'test', 'var', '{', EOF, comment, not \"}\r\n\r\n\", whitespace\n\n    at c:\\Users\\elias\\.vscode\\extensions\\uqbar.wollok-lsp-ide-0.5.5\\out\\server\\src\\server.js:2385:13026\n    at Array.map (<anonymous>)\n    at z1n (c:\\Users\\elias\\.vscode\\extensions\\uqbar.wollok-lsp-ide-0.5.5\\out\\server\\src\\server.js:2385:12950)\n    at H2.buildEnvironmentFrom (c:\\Users\\elias\\.vscode\\extensions\\uqbar.wollok-lsp-ide-0.5.5\\out\\server\\src\\server.js:2430:5254)\n    at H2.updateEnvironmentWith (c:\\Users\\elias\\.vscode\\extensions\\uqbar.wollok-lsp-ide-0.5.5\\out\\server\\src\\server.js:2430:4989)\n    at QF (c:\\Users\\elias\\.vscode\\extensions\\uqbar.wollok-lsp-ide-0.5.5\\out\\server\\src\\server.js:2430:7383)\n    at V3.invoke (c:\\Users\\elias\\.vscode\\extensions\\uqbar.wollok-lsp-ide-0.5.5\\out\\server\\src\\server.js:3:157330)\n    at o.fire (c:\\Users\\elias\\.vscode\\extensions\\uqbar.wollok-lsp-ide-0.5.5\\out\\server\\src\\server.js:3:158100)\n    at c:\\Users\\elias\\.vscode\\extensions\\uqbar.wollok-lsp-ide-0.5.5\\out\\server\\src\\server.js:37:57871\n    at nd (c:\\Users\\elias\\.vscode\\extensions\\uqbar.wollok-lsp-ide-0.5.5\\out\\server\\src\\server.js:8:1561)","timestamp":"2026-09-05T13:46:15.213Z"}
{"level":"error","message":"✘ Failed to rebuild document Failed to parse clase59.wlk/bebidas.wlk: \n-- PARSING FAILED --------------------------------------------------\n\n  24 | \n  25 |     }\n> 26 | }\n     | ^\n  27 | \n  28 | object whisky {\n\nExpected one of the following: \n\n'@', 'class', 'const', 'describe', 'mixin', 'object', 'only', 'package', 'program', 'test', 'var', '{', EOF, comment, not \"}\r\n\r\n\", whitespace\n","stack":"Error: Failed to parse clase59.wlk/bebidas.wlk: \n-- PARSING FAILED --------------------------------------------------\n\n  24 | \n  25 |     }\n> 26 | }\n     | ^\n  27 | \n  28 | object whisky {\n\nExpected one of the following: \n\n'@', 'class', 'const', 'describe', 'mixin', 'object', 'only', 'package', 'program', 'test', 'var', '{', EOF, comment, not \"}\r\n\r\n\", whitespace\n\n    at c:\\Users\\elias\\.vscode\\extensions\\uqbar.wollok-lsp-ide-0.5.5\\out\\server\\src\\server.js:2385:13026\n    at Array.map (<anonymous>)\n    at z1n (c:\\Users\\elias\\.vscode\\extensions\\uqbar.wollok-lsp-ide-0.5.5\\out\\server\\src\\server.js:2385:12950)\n    at H2.buildEnvironmentFrom (c:\\Users\\elias\\.vscode\\extensions\\uqbar.wollok-lsp-ide-0.5.5\\out\\server\\src\\server.js:2430:5254)\n    at H2.updateEnvironmentWith (c:\\Users\\elias\\.vscode\\extensions\\uqbar.wollok-lsp-ide-0.5.5\\out\\server\\src\\server.js:2430:4989)\n    at QF (c:\\Users\\elias\\.vscode\\extensions\\uqbar.wollok-lsp-ide-0.5.5\\out\\server\\src\\server.js:2430:7383)\n    at V3.invoke (c:\\Users\\elias\\.vscode\\extensions\\uqbar.wollok-lsp-ide-0.5.5\\out\\server\\src\\server.js:3:157330)\n    at o.fire (c:\\Users\\elias\\.vscode\\extensions\\uqbar.wollok-lsp-ide-0.5.5\\out\\server\\src\\server.js:3:158100)\n    at c:\\Users\\elias\\.vscode\\extensions\\uqbar.wollok-lsp-ide-0.5.5\\out\\server\\src\\server.js:37:57871\n    at nd (c:\\Users\\elias\\.vscode\\extensions\\uqbar.wollok-lsp-ide-0.5.5\\out\\server\\src\\server.js:8:1561)","timestamp":"2026-09-05T13:46:17.898Z"}
{"level":"error","message":"✘ Failed to rebuild document Failed to parse clase59.wlk/bebidas.wlk: \n-- PARSING FAILED --------------------------------------------------\n\n  24 | \n  25 |     }\n> 26 | }\n     | ^\n  27 | \n  28 | object whisky {\n\nExpected one of the following: \n\n'@', 'class', 'const', 'describe', 'mixin', 'object', 'only', 'package', 'program', 'test', 'var', '{', EOF, comment, not \"}\r\n\r\n\", whitespace\n","stack":"Error: Failed to parse clase59.wlk/bebidas.wlk: \n-- PARSING FAILED --------------------------------------------------\n\n  24 | \n  25 |     }\n> 26 | }\n     | ^\n  27 | \n  28 | object whisky {\n\nExpected one of the following: \n\n'@', 'class', 'const', 'describe', 'mixin', 'object', 'only', 'package', 'program', 'test', 'var', '{', EOF, comment, not \"}\r\n\r\n\", whitespace\n\n    at c:\\Users\\elias\\.vscode\\extensions\\uqbar.wollok-lsp-ide-0.5.5\\out\\server\\src\\server.js:2385:13026\n    at Array.map (<anonymous>)\n    at z1n (c:\\Users\\elias\\.vscode\\extensions\\uqbar.wollok-lsp-ide-0.5.5\\out\\server\\src\\server.js:2385:12950)\n    at H2.buildEnvironmentFrom (c:\\Users\\elias\\.vscode\\extensions\\uqbar.wollok-lsp-ide-0.5.5\\out\\server\\src\\server.js:2430:5254)\n    at H2.updateEnvironmentWith (c:\\Users\\elias\\.vscode\\extensions\\uqbar.wollok-lsp-ide-0.5.5\\out\\server\\src\\server.js:2430:4989)\n    at QF (c:\\Users\\elias\\.vscode\\extensions\\uqbar.wollok-lsp-ide-0.5.5\\out\\server\\src\\server.js:2430:7383)\n    at V3.invoke (c:\\Users\\elias\\.vscode\\extensions\\uqbar.wollok-lsp-ide-0.5.5\\out\\server\\src\\server.js:3:157330)\n    at o.fire (c:\\Users\\elias\\.vscode\\extensions\\uqbar.wollok-lsp-ide-0.5.5\\out\\server\\src\\server.js:3:158100)\n    at c:\\Users\\elias\\.vscode\\extensions\\uqbar.wollok-lsp-ide-0.5.5\\out\\server\\src\\server.js:37:57871\n    at nd (c:\\Users\\elias\\.vscode\\extensions\\uqbar.wollok-lsp-ide-0.5.5\\out\\server\\src\\server.js:8:1561)","timestamp":"2026-09-05T13:46:18.703Z"}
{"level":"error","message":"✘ Failed to rebuild document Failed to parse clase59.wlk/bebidas.wlk: \n-- PARSING FAILED --------------------------------------------------\n\n  24 | \n  25 |     }\n> 26 | }\n     | ^\n  27 | \n  28 | object whisky {\n\nExpected one of the following: \n\n'@', 'class', 'const', 'describe', 'mixin', 'object', 'only', 'package', 'program', 'test', 'var', '{', EOF, comment, not \"}\r\n\r\n\", whitespace\n","stack":"Error: Failed to parse clase59.wlk/bebidas.wlk: \n-- PARSING FAILED --------------------------------------------------\n\n  24 | \n  25 |     }\n> 26 | }\n     | ^\n  27 | \n  28 | object whisky {\n\nExpected one of the following: \n\n'@', 'class', 'const', 'describe', 'mixin', 'object', 'only', 'package', 'program', 'test', 'var', '{', EOF, comment, not \"}\r\n\r\n\", whitespace\n\n    at c:\\Users\\elias\\.vscode\\extensions\\uqbar.wollok-lsp-ide-0.5.5\\out\\server\\src\\server.js:2385:13026\n    at Array.map (<anonymous>)\n    at z1n (c:\\Users\\elias\\.vscode\\extensions\\uqbar.wollok-lsp-ide-0.5.5\\out\\server\\src\\server.js:2385:12950)\n    at H2.buildEnvironmentFrom (c:\\Users\\elias\\.vscode\\extensions\\uqbar.wollok-lsp-ide-0.5.5\\out\\server\\src\\server.js:2430:5254)\n    at H2.updateEnvironmentWith (c:\\Users\\elias\\.vscode\\extensions\\uqbar.wollok-lsp-ide-0.5.5\\out\\server\\src\\server.js:2430:4989)\n    at QF (c:\\Users\\elias\\.vscode\\extensions\\uqbar.wollok-lsp-ide-0.5.5\\out\\server\\src\\server.js:2430:7383)\n    at V3.invoke (c:\\Users\\elias\\.vscode\\extensions\\uqbar.wollok-lsp-ide-0.5.5\\out\\server\\src\\server.js:3:157330)\n    at o.fire (c:\\Users\\elias\\.vscode\\extensions\\uqbar.wollok-lsp-ide-0.5.5\\out\\server\\src\\server.js:3:158100)\n    at c:\\Users\\elias\\.vscode\\extensions\\uqbar.wollok-lsp-ide-0.5.5\\out\\server\\src\\server.js:37:57871\n    at nd (c:\\Users\\elias\\.vscode\\extensions\\uqbar.wollok-lsp-ide-0.5.5\\out\\server\\src\\server.js:8:1561)","timestamp":"2026-09-05T13:46:19.221Z"}
{"level":"error","message":"✘ Failed to rebuild document Failed to parse clase59.wlk/bebidas.wlk: \n-- PARSING FAILED --------------------------------------------------\n\n  24 | \n  25 |     }\n> 26 | }\n     | ^\n  27 | \n  28 | object whisky {\n\nExpected one of the following: \n\n'@', 'class', 'const', 'describe', 'mixin', 'object', 'only', 'package', 'program', 'test', 'var', '{', EOF, comment, not \"}\r\n\r\n\", whitespace\n","stack":"Error: Failed to parse clase59.wlk/bebidas.wlk: \n-- PARSING FAILED --------------------------------------------------\n\n  24 | \n  25 |     }\n> 26 | }\n     | ^\n  27 | \n  28 | object whisky {\n\nExpected one of the following: \n\n'@', 'class', 'const', 'describe', 'mixin', 'object', 'only', 'package', 'program', 'test', 'var', '{', EOF, comment, not \"}\r\n\r\n\", whitespace\n\n    at c:\\Users\\elias\\.vscode\\extensions\\uqbar.wollok-lsp-ide-0.5.5\\out\\server\\src\\server.js:2385:13026\n    at Array.map (<anonymous>)\n    at z1n (c:\\Users\\elias\\.vscode\\extensions\\uqbar.wollok-lsp-ide-0.5.5\\out\\server\\src\\server.js:2385:12950)\n    at H2.buildEnvironmentFrom (c:\\Users\\elias\\.vscode\\extensions\\uqbar.wollok-lsp-ide-0.5.5\\out\\server\\src\\server.js:2430:5254)\n    at H2.updateEnvironmentWith (c:\\Users\\elias\\.vscode\\extensions\\uqbar.wollok-lsp-ide-0.5.5\\out\\server\\src\\server.js:2430:4989)\n    at QF (c:\\Users\\elias\\.vscode\\extensions\\uqbar.wollok-lsp-ide-0.5.5\\out\\server\\src\\server.js:2430:7383)\n    at V3.invoke (c:\\Users\\elias\\.vscode\\extensions\\uqbar.wollok-lsp-ide-0.5.5\\out\\server\\src\\server.js:3:157330)\n    at o.fire (c:\\Users\\elias\\.vscode\\extensions\\uqbar.wollok-lsp-ide-0.5.5\\out\\server\\src\\server.js:3:158100)\n    at c:\\Users\\elias\\.vscode\\extensions\\uqbar.wollok-lsp-ide-0.5.5\\out\\server\\src\\server.js:37:57871\n    at nd (c:\\Users\\elias\\.vscode\\extensions\\uqbar.wollok-lsp-ide-0.5.5\\out\\server\\src\\server.js:8:1561)","timestamp":"2026-09-05T13:46:19.341Z"}
{"level":"error","message":"✘ Failed to rebuild document Failed to parse clase59.wlk/bebidas.wlk: \n-- PARSING FAILED --------------------------------------------------\n\n  24 | \n  25 |     }\n> 26 | }\n     | ^\n  27 | \n  28 | object whisky {\n\nExpected one of the following: \n\n'@', 'class', 'const', 'describe', 'mixin', 'object', 'only', 'package', 'program', 'test', 'var', '{', EOF, comment, not \"}\r\n\r\n\", whitespace\n","stack":"Error: Failed to parse clase59.wlk/bebidas.wlk: \n-- PARSING FAILED --------------------------------------------------\n\n  24 | \n  25 |     }\n> 26 | }\n     | ^\n  27 | \n  28 | object whisky {\n\nExpected one of the following: \n\n'@', 'class', 'const', 'describe', 'mixin', 'object', 'only', 'package', 'program', 'test', 'var', '{', EOF, comment, not \"}\r\n\r\n\", whitespace\n\n    at c:\\Users\\elias\\.vscode\\extensions\\uqbar.wollok-lsp-ide-0.5.5\\out\\server\\src\\server.js:2385:13026\n    at Array.map (<anonymous>)\n    at z1n (c:\\Users\\elias\\.vscode\\extensions\\uqbar.wollok-lsp-ide-0.5.5\\out\\server\\src\\server.js:2385:12950)\n    at H2.buildEnvironmentFrom (c:\\Users\\elias\\.vscode\\extensions\\uqbar.wollok-lsp-ide-0.5.5\\out\\server\\src\\server.js:2430:5254)\n    at H2.updateEnvironmentWith (c:\\Users\\elias\\.vscode\\extensions\\uqbar.wollok-lsp-ide-0.5.5\\out\\server\\src\\server.js:2430:4989)\n    at QF (c:\\Users\\elias\\.vscode\\extensions\\uqbar.wollok-lsp-ide-0.5.5\\out\\server\\src\\server.js:2430:7383)\n    at V3.invoke (c:\\Users\\elias\\.vscode\\extensions\\uqbar.wollok-lsp-ide-0.5.5\\out\\server\\src\\server.js:3:157330)\n    at o.fire (c:\\Users\\elias\\.vscode\\extensions\\uqbar.wollok-lsp-ide-0.5.5\\out\\server\\src\\server.js:3:158100)\n    at c:\\Users\\elias\\.vscode\\extensions\\uqbar.wollok-lsp-ide-0.5.5\\out\\server\\src\\server.js:37:57871\n    at nd (c:\\Users\\elias\\.vscode\\extensions\\uqbar.wollok-lsp-ide-0.5.5\\out\\server\\src\\server.js:8:1561)","timestamp":"2026-09-05T13:46:19.581Z"}
{"level":"error","message":"✘ Failed to rebuild document Failed to parse clase59.wlk/bebidas.wlk: \n-- PARSING FAILED --------------------------------------------------\n\n  24 | \n  25 |     }\n> 26 | }\n     | ^\n  27 | \n  28 | object whisky {\n\nExpected one of the following: \n\n'@', 'class', 'const', 'describe', 'mixin', 'object', 'only', 'package', 'program', 'test', 'var', '{', EOF, comment, not \"}\r\n\r\n\", whitespace\n","stack":"Error: Failed to parse clase59.wlk/bebidas.wlk: \n-- PARSING FAILED --------------------------------------------------\n\n  24 | \n  25 |     }\n> 26 | }\n     | ^\n  27 | \n  28 | object whisky {\n\nExpected one of the following: \n\n'@', 'class', 'const', 'describe', 'mixin', 'object', 'only', 'package', 'program', 'test', 'var', '{', EOF, comment, not \"}\r\n\r\n\", whitespace\n\n    at c:\\Users\\elias\\.vscode\\extensions\\uqbar.wollok-lsp-ide-0.5.5\\out\\server\\src\\server.js:2385:13026\n    at Array.map (<anonymous>)\n    at z1n (c:\\Users\\elias\\.vscode\\extensions\\uqbar.wollok-lsp-ide-0.5.5\\out\\server\\src\\server.js:2385:12950)\n    at H2.buildEnvironmentFrom (c:\\Users\\elias\\.vscode\\extensions\\uqbar.wollok-lsp-ide-0.5.5\\out\\server\\src\\server.js:2430:5254)\n    at H2.updateEnvironmentWith (c:\\Users\\elias\\.vscode\\extensions\\uqbar.wollok-lsp-ide-0.5.5\\out\\server\\src\\server.js:2430:4989)\n    at QF (c:\\Users\\elias\\.vscode\\extensions\\uqbar.wollok-lsp-ide-0.5.5\\out\\server\\src\\server.js:2430:7383)\n    at V3.invoke (c:\\Users\\elias\\.vscode\\extensions\\uqbar.wollok-lsp-ide-0.5.5\\out\\server\\src\\server.js:3:157330)\n    at o.fire (c:\\Users\\elias\\.vscode\\extensions\\uqbar.wollok-lsp-ide-0.5.5\\out\\server\\src\\server.js:3:158100)\n    at c:\\Users\\elias\\.vscode\\extensions\\uqbar.wollok-lsp-ide-0.5.5\\out\\server\\src\\server.js:37:57871\n    at nd (c:\\Users\\elias\\.vscode\\extensions\\uqbar.wollok-lsp-ide-0.5.5\\out\\server\\src\\server.js:8:1561)","timestamp":"2026-09-05T13:46:19.738Z"}
{"level":"error","message":"✘ Failed to rebuild document Failed to parse clase59.wlk/bebidas.wlk: \n-- PARSING FAILED --------------------------------------------------\n\n  24 | \n  25 |     }\n> 26 | }\n     | ^\n  27 | \n  28 | object whisky {\n\nExpected one of the following: \n\n'@', 'class', 'const', 'describe', 'mixin', 'object', 'only', 'package', 'program', 'test', 'var', '{', EOF, comment, not \"}\r\n\r\n\", whitespace\n","stack":"Error: Failed to parse clase59.wlk/bebidas.wlk: \n-- PARSING FAILED --------------------------------------------------\n\n  24 | \n  25 |     }\n> 26 | }\n     | ^\n  27 | \n  28 | object whisky {\n\nExpected one of the following: \n\n'@', 'class', 'const', 'describe', 'mixin', 'object', 'only', 'package', 'program', 'test', 'var', '{', EOF, comment, not \"}\r\n\r\n\", whitespace\n\n    at c:\\Users\\elias\\.vscode\\extensions\\uqbar.wollok-lsp-ide-0.5.5\\out\\server\\src\\server.js:2385:13026\n    at Array.map (<anonymous>)\n    at z1n (c:\\Users\\elias\\.vscode\\extensions\\uqbar.wollok-lsp-ide-0.5.5\\out\\server\\src\\server.js:2385:12950)\n    at H2.buildEnvironmentFrom (c:\\Users\\elias\\.vscode\\extensions\\uqbar.wollok-lsp-ide-0.5.5\\out\\server\\src\\server.js:2430:5254)\n    at H2.updateEnvironmentWith (c:\\Users\\elias\\.vscode\\extensions\\uqbar.wollok-lsp-ide-0.5.5\\out\\server\\src\\server.js:2430:4989)\n    at QF (c:\\Users\\elias\\.vscode\\extensions\\uqbar.wollok-lsp-ide-0.5.5\\out\\server\\src\\server.js:2430:7383)\n    at V3.invoke (c:\\Users\\elias\\.vscode\\extensions\\uqbar.wollok-lsp-ide-0.5.5\\out\\server\\src\\server.js:3:157330)\n    at o.fire (c:\\Users\\elias\\.vscode\\extensions\\uqbar.wollok-lsp-ide-0.5.5\\out\\server\\src\\server.js:3:158100)\n    at c:\\Users\\elias\\.vscode\\extensions\\uqbar.wollok-lsp-ide-0.5.5\\out\\server\\src\\server.js:37:57871\n    at nd (c:\\Users\\elias\\.vscode\\extensions\\uqbar.wollok-lsp-ide-0.5.5\\out\\server\\src\\server.js:8:1561)","timestamp":"2026-09-05T13:46:19.902Z"}
{"level":"error","message":"✘ Failed to rebuild document Failed to parse clase59.wlk/bebidas.wlk: \n-- PARSING FAILED --------------------------------------------------\n\n  24 | \n  25 |     }\n> 26 | }\n     | ^\n  27 | \n  28 | object whisky {\n\nExpected one of the following: \n\n'@', 'class', 'const', 'describe', 'mixin', 'object', 'only', 'package', 'program', 'test', 'var', '{', EOF, comment, not \"}\r\n\r\n\", whitespace\n","stack":"Error: Failed to parse clase59.wlk/bebidas.wlk: \n-- PARSING FAILED --------------------------------------------------\n\n  24 | \n  25 |     }\n> 26 | }\n     | ^\n  27 | \n  28 | object whisky {\n\nExpected one of the following: \n\n'@', 'class', 'const', 'describe', 'mixin', 'object', 'only', 'package', 'program', 'test', 'var', '{', EOF, comment, not \"}\r\n\r\n\", whitespace\n\n    at c:\\Users\\elias\\.vscode\\extensions\\uqbar.wollok-lsp-ide-0.5.5\\out\\server\\src\\server.js:2385:13026\n    at Array.map (<anonymous>)\n    at z1n (c:\\Users\\elias\\.vscode\\extensions\\uqbar.wollok-lsp-ide-0.5.5\\out\\server\\src\\server.js:2385:12950)\n    at H2.buildEnvironmentFrom (c:\\Users\\elias\\.vscode\\extensions\\uqbar.wollok-lsp-ide-0.5.5\\out\\server\\src\\server.js:2430:5254)\n    at H2.updateEnvironmentWith (c:\\Users\\elias\\.vscode\\extensions\\uqbar.wollok-lsp-ide-0.5.5\\out\\server\\src\\server.js:2430:4989)\n    at QF (c:\\Users\\elias\\.vscode\\extensions\\uqbar.wollok-lsp-ide-0.5.5\\out\\server\\src\\server.js:2430:7383)\n    at V3.invoke (c:\\Users\\elias\\.vscode\\extensions\\uqbar.wollok-lsp-ide-0.5.5\\out\\server\\src\\server.js:3:157330)\n    at o.fire (c:\\Users\\elias\\.vscode\\extensions\\uqbar.wollok-lsp-ide-0.5.5\\out\\server\\src\\server.js:3:158100)\n    at c:\\Users\\elias\\.vscode\\extensions\\uqbar.wollok-lsp-ide-0.5.5\\out\\server\\src\\server.js:37:57871\n    at nd (c:\\Users\\elias\\.vscode\\extensions\\uqbar.wollok-lsp-ide-0.5.5\\out\\server\\src\\server.js:8:1561)","timestamp":"2026-09-05T13:46:21.107Z"}
{"level":"error","message":"✘ Failed to rebuild document Failed to parse clase59.wlk/bebidas.wlk: \n-- PARSING FAILED --------------------------------------------------\n\n  24 | \n  25 |     }\n> 26 | }\n     | ^\n  27 | \n  28 | object whisky {\n\nExpected one of the following: \n\n'@', 'class', 'const', 'describe', 'mixin', 'object', 'only', 'package', 'program', 'test', 'var', '{', EOF, comment, not \"}\r\n\r\n\", whitespace\n","stack":"Error: Failed to parse clase59.wlk/bebidas.wlk: \n-- PARSING FAILED --------------------------------------------------\n\n  24 | \n  25 |     }\n> 26 | }\n     | ^\n  27 | \n  28 | object whisky {\n\nExpected one of the following: \n\n'@', 'class', 'const', 'describe', 'mixin', 'object', 'only', 'package', 'program', 'test', 'var', '{', EOF, comment, not \"}\r\n\r\n\", whitespace\n\n    at c:\\Users\\elias\\.vscode\\extensions\\uqbar.wollok-lsp-ide-0.5.5\\out\\server\\src\\server.js:2385:13026\n    at Array.map (<anonymous>)\n    at z1n (c:\\Users\\elias\\.vscode\\extensions\\uqbar.wollok-lsp-ide-0.5.5\\out\\server\\src\\server.js:2385:12950)\n    at H2.buildEnvironmentFrom (c:\\Users\\elias\\.vscode\\extensions\\uqbar.wollok-lsp-ide-0.5.5\\out\\server\\src\\server.js:2430:5254)\n    at H2.updateEnvironmentWith (c:\\Users\\elias\\.vscode\\extensions\\uqbar.wollok-lsp-ide-0.5.5\\out\\server\\src\\server.js:2430:4989)\n    at QF (c:\\Users\\elias\\.vscode\\extensions\\uqbar.wollok-lsp-ide-0.5.5\\out\\server\\src\\server.js:2430:7383)\n    at V3.invoke (c:\\Users\\elias\\.vscode\\extensions\\uqbar.wollok-lsp-ide-0.5.5\\out\\server\\src\\server.js:3:157330)\n    at o.fire (c:\\Users\\elias\\.vscode\\extensions\\uqbar.wollok-lsp-ide-0.5.5\\out\\server\\src\\server.js:3:158100)\n    at c:\\Users\\elias\\.vscode\\extensions\\uqbar.wollok-lsp-ide-0.5.5\\out\\server\\src\\server.js:37:57871\n    at nd (c:\\Users\\elias\\.vscode\\extensions\\uqbar.wollok-lsp-ide-0.5.5\\out\\server\\src\\server.js:8:1561)","timestamp":"2026-09-05T13:46:29.026Z"}
{"level":"error","message":"✘ Failed to rebuild document Failed to parse clase59.wlk/bebidas.wlk: \n-- PARSING FAILED --------------------------------------------------\n\n  24 | \n  25 |     }\n> 26 | }\n     | ^\n  27 | \n  28 | object whisky {\n\nExpected one of the following: \n\n'@', 'class', 'const', 'describe', 'mixin', 'object', 'only', 'package', 'program', 'test', 'var', '{', EOF, comment, not \"}\r\n\r\n\", whitespace\n","stack":"Error: Failed to parse clase59.wlk/bebidas.wlk: \n-- PARSING FAILED --------------------------------------------------\n\n  24 | \n  25 |     }\n> 26 | }\n     | ^\n  27 | \n  28 | object whisky {\n\nExpected one of the following: \n\n'@', 'class', 'const', 'describe', 'mixin', 'object', 'only', 'package', 'program', 'test', 'var', '{', EOF, comment, not \"}\r\n\r\n\", whitespace\n\n    at c:\\Users\\elias\\.vscode\\extensions\\uqbar.wollok-lsp-ide-0.5.5\\out\\server\\src\\server.js:2385:13026\n    at Array.map (<anonymous>)\n    at z1n (c:\\Users\\elias\\.vscode\\extensions\\uqbar.wollok-lsp-ide-0.5.5\\out\\server\\src\\server.js:2385:12950)\n    at H2.buildEnvironmentFrom (c:\\Users\\elias\\.vscode\\extensions\\uqbar.wollok-lsp-ide-0.5.5\\out\\server\\src\\server.js:2430:5254)\n    at H2.updateEnvironmentWith (c:\\Users\\elias\\.vscode\\extensions\\uqbar.wollok-lsp-ide-0.5.5\\out\\server\\src\\server.js:2430:4989)\n    at QF (c:\\Users\\elias\\.vscode\\extensions\\uqbar.wollok-lsp-ide-0.5.5\\out\\server\\src\\server.js:2430:7383)\n    at V3.invoke (c:\\Users\\elias\\.vscode\\extensions\\uqbar.wollok-lsp-ide-0.5.5\\out\\server\\src\\server.js:3:157330)\n    at o.fire (c:\\Users\\elias\\.vscode\\extensions\\uqbar.wollok-lsp-ide-0.5.5\\out\\server\\src\\server.js:3:158100)\n    at c:\\Users\\elias\\.vscode\\extensions\\uqbar.wollok-lsp-ide-0.5.5\\out\\server\\src\\server.js:37:57871\n    at nd (c:\\Users\\elias\\.vscode\\extensions\\uqbar.wollok-lsp-ide-0.5.5\\out\\server\\src\\server.js:8:1561)","timestamp":"2026-09-05T13:46:29.263Z"}
{"level":"info","message":"⌛ Building environment","timeElapsed":192,"timestamp":"2026-09-05T13:46:29.797Z"}
{"level":"info","message":"⌛ Validating clase59.wlk/bebidas.wlk","timeElapsed":171,"timestamp":"2026-09-05T13:46:29.979Z"}
{"level":"info","message":"⌛ Building environment","timeElapsed":205,"timestamp":"2026-09-05T13:46:30.902Z"}
{"level":"info","message":"⌛ Validating clase59.wlk/bebidas.wlk","timeElapsed":364,"timestamp":"2026-09-05T13:46:31.304Z"}
{"level":"info","message":"⌛ Building environment","timeElapsed":137,"timestamp":"2026-09-05T13:46:34.869Z"}
{"level":"error","message":"✘ Completions for node Parameter ([22:33, 22:34] - clase59.wlk/bebidas.wlk) failed: Error: [Parameter]{8d2e4e} at clase59.wlk/bebidas.wlk:22 exhausted all cases without a match [Parameter]{8d2e4e} at clase59.wlk/bebidas.wlk:22 exhausted all cases without a match","stack":"Error: [Parameter]{8d2e4e} at clase59.wlk/bebidas.wlk:22 exhausted all cases without a match\n    at c:\\Users\\elias\\.vscode\\extensions\\uqbar.wollok-lsp-ide-0.5.5\\out\\server\\src\\server.js:38:6142\n    at L2 (c:\\Users\\elias\\.vscode\\extensions\\uqbar.wollok-lsp-ide-0.5.5\\out\\server\\src\\server.js:2421:42)\n    at c:\\Users\\elias\\.vscode\\extensions\\uqbar.wollok-lsp-ide-0.5.5\\out\\server\\src\\server.js:2421:2988\n    at c:\\Users\\elias\\.vscode\\extensions\\uqbar.wollok-lsp-ide-0.5.5\\out\\server\\src\\server.js:2430:8440\n    at c:\\Users\\elias\\.vscode\\extensions\\uqbar.wollok-lsp-ide-0.5.5\\out\\server\\src\\server.js:37:74872\n    at Ke (c:\\Users\\elias\\.vscode\\extensions\\uqbar.wollok-lsp-ide-0.5.5\\out\\server\\src\\server.js:7:8527)\n    at It (c:\\Users\\elias\\.vscode\\extensions\\uqbar.wollok-lsp-ide-0.5.5\\out\\server\\src\\server.js:7:6189)\n    at et (c:\\Users\\elias\\.vscode\\extensions\\uqbar.wollok-lsp-ide-0.5.5\\out\\server\\src\\server.js:7:6378)\n    at Immediate._onImmediate (c:\\Users\\elias\\.vscode\\extensions\\uqbar.wollok-lsp-ide-0.5.5\\out\\server\\src\\server.js:7:6142)\n    at process.processImmediate (node:internal/timers:485:21)","timestamp":"2026-09-05T13:46:34.909Z"}
{"level":"info","message":"⌛ Validating clase59.wlk/bebidas.wlk","timeElapsed":269,"timestamp":"2026-09-05T13:46:35.187Z"}
{"level":"info","message":"⌛ Building environment","timeElapsed":419,"timestamp":"2026-09-05T13:46:35.624Z"}
{"level":"info","message":"⌛ Building environment","timeElapsed":233,"timestamp":"2026-09-05T13:46:35.868Z"}
{"level":"info","message":"⌛ Building environment","timeElapsed":227,"timestamp":"2026-09-05T13:46:36.100Z"}
{"level":"info","message":"⌛ Building environment","timeElapsed":237,"timestamp":"2026-09-05T13:46:36.338Z"}
{"level":"info","message":"⌛ Validating clase59.wlk/bebidas.wlk","timeElapsed":169,"timestamp":"2026-09-05T13:46:36.567Z"}
{"level":"info","message":"⌛ Validating clase59.wlk/bebidas.wlk","timeElapsed":164,"timestamp":"2026-09-05T13:46:36.732Z"}
{"level":"info","message":"⌛ Validating clase59.wlk/bebidas.wlk","timeElapsed":257,"timestamp":"2026-09-05T13:46:36.995Z"}
{"level":"info","message":"⌛ Validating clase59.wlk/bebidas.wlk","timeElapsed":230,"timestamp":"2026-09-05T13:46:37.233Z"}
{"level":"info","message":"⌛ Building environment","timeElapsed":124,"timestamp":"2026-09-05T13:46:37.947Z"}
{"level":"info","message":"⌛ Validating clase59.wlk/bebidas.wlk","timeElapsed":158,"timestamp":"2026-09-05T13:46:38.107Z"}
{"level":"info","message":"⌛ Building environment","timeElapsed":276,"timestamp":"2026-09-05T13:46:39.108Z"}
{"level":"info","message":"⌛ Autocomplete - Reference","timeElapsed":119,"timestamp":"2026-09-05T13:46:39.265Z"}
{"level":"info","message":"⌛ Building environment","timeElapsed":359,"timestamp":"2026-09-05T13:46:39.626Z"}
{"level":"info","message":"⌛ Validating clase59.wlk/bebidas.wlk","timeElapsed":245,"timestamp":"2026-09-05T13:46:39.872Z"}
{"level":"info","message":"⌛ Building environment","timeElapsed":169,"timestamp":"2026-09-05T13:46:40.042Z"}
{"level":"info","message":"⌛ Building environment","timeElapsed":341,"timestamp":"2026-09-05T13:46:40.404Z"}
{"level":"info","message":"⌛ Validating clase59.wlk/bebidas.wlk","timeElapsed":304,"timestamp":"2026-09-05T13:46:40.801Z"}
{"level":"info","message":"⌛ Building environment","timeElapsed":240,"timestamp":"2026-09-05T13:46:41.057Z"}
{"level":"info","message":"⌛ Validating clase59.wlk/bebidas.wlk","timeElapsed":265,"timestamp":"2026-09-05T13:46:41.338Z"}
{"level":"info","message":"⌛ Building environment","timeElapsed":187,"timestamp":"2026-09-05T13:46:41.540Z"}
{"level":"info","message":"⌛ Validating clase59.wlk/bebidas.wlk","timeElapsed":316,"timestamp":"2026-09-05T13:46:41.856Z"}
{"level":"info","message":"⌛ Validating clase59.wlk/bebidas.wlk","timeElapsed":290,"timestamp":"2026-09-05T13:46:42.199Z"}
{"level":"info","message":"⌛ Building environment","timeElapsed":202,"timestamp":"2026-09-05T13:46:42.408Z"}
{"level":"info","message":"⌛ Building environment","timeElapsed":200,"timestamp":"2026-09-05T13:46:42.626Z"}
{"level":"error","message":"✘ Completions for node Return ([23:9, 23:17] - clase59.wlk/bebidas.wlk) failed: Error: [Return]{4aaa80} at clase59.wlk/bebidas.wlk:23 exhausted all cases without a match [Return]{4aaa80} at clase59.wlk/bebidas.wlk:23 exhausted all cases without a match","stack":"Error: [Return]{4aaa80} at clase59.wlk/bebidas.wlk:23 exhausted all cases without a match\n    at c:\\Users\\elias\\.vscode\\extensions\\uqbar.wollok-lsp-ide-0.5.5\\out\\server\\src\\server.js:38:6142\n    at L2 (c:\\Users\\elias\\.vscode\\extensions\\uqbar.wollok-lsp-ide-0.5.5\\out\\server\\src\\server.js:2421:42)\n    at Jh (c:\\Users\\elias\\.vscode\\extensions\\uqbar.wollok-lsp-ide-0.5.5\\out\\server\\src\\server.js:2421:1092)\n    at w5n (c:\\Users\\elias\\.vscode\\extensions\\uqbar.wollok-lsp-ide-0.5.5\\out\\server\\src\\server.js:2421:1248)\n    at c:\\Users\\elias\\.vscode\\extensions\\uqbar.wollok-lsp-ide-0.5.5\\out\\server\\src\\server.js:38:6131\n    at L2 (c:\\Users\\elias\\.vscode\\extensions\\uqbar.wollok-lsp-ide-0.5.5\\out\\server\\src\\server.js:2421:42)\n    at c:\\Users\\elias\\.vscode\\extensions\\uqbar.wollok-lsp-ide-0.5.5\\out\\server\\src\\server.js:2421:2988\n    at c:\\Users\\elias\\.vscode\\extensions\\uqbar.wollok-lsp-ide-0.5.5\\out\\server\\src\\server.js:2430:8440\n    at c:\\Users\\elias\\.vscode\\extensions\\uqbar.wollok-lsp-ide-0.5.5\\out\\server\\src\\server.js:37:74872\n    at Ke (c:\\Users\\elias\\.vscode\\extensions\\uqbar.wollok-lsp-ide-0.5.5\\out\\server\\src\\server.js:7:8527)","timestamp":"2026-09-05T13:46:42.675Z"}
{"level":"info","message":"⌛ Validating clase59.wlk/bebidas.wlk","timeElapsed":172,"timestamp":"2026-09-05T13:46:42.858Z"}
{"level":"info","message":"⌛ Building environment","timeElapsed":151,"timestamp":"2026-09-05T13:46:43.008Z"}
{"level":"info","message":"⌛ Validating clase59.wlk/bebidas.wlk","timeElapsed":248,"timestamp":"2026-09-05T13:46:43.295Z"}
{"level":"info","message":"⌛ Validating clase59.wlk/bebidas.wlk","timeElapsed":254,"timestamp":"2026-09-05T13:46:43.553Z"}
{"level":"info","message":"⌛ Building environment","timeElapsed":160,"timestamp":"2026-09-05T13:46:43.717Z"}
{"level":"info","message":"⌛ Validating clase59.wlk/bebidas.wlk","timeElapsed":211,"timestamp":"2026-09-05T13:46:43.931Z"}
{"level":"info","message":"⌛ Building environment","timeElapsed":396,"timestamp":"2026-09-05T13:46:44.328Z"}
{"level":"info","message":"⌛ Building environment","timeElapsed":137,"timestamp":"2026-09-05T13:46:44.469Z"}
{"level":"info","message":"⌛ Validating clase59.wlk/bebidas.wlk","timeElapsed":209,"timestamp":"2026-09-05T13:46:44.718Z"}
{"level":"info","message":"⌛ Validating clase59.wlk/bebidas.wlk","timeElapsed":216,"timestamp":"2026-09-05T13:46:44.940Z"}
{"level":"info","message":"⌛ Validating clase59.wlk/bebidas.wlk","timeElapsed":259,"timestamp":"2026-09-05T13:46:45.202Z"}
{"level":"info","message":"⌛ Building environment","timeElapsed":137,"timestamp":"2026-09-05T13:47:02.402Z"}
{"level":"info","message":"⌛ Validating clase59.wlk/bebidas.wlk","timeElapsed":232,"timestamp":"2026-09-05T13:47:02.636Z"}
{"level":"info","message":"⌛ Building environment","timeElapsed":397,"timestamp":"2026-09-05T13:47:03.038Z"}
{"level":"info","message":"⌛ Building environment","timeElapsed":163,"timestamp":"2026-09-05T13:47:03.203Z"}
{"level":"info","message":"⌛ Validating clase59.wlk/bebidas.wlk","timeElapsed":263,"timestamp":"2026-09-05T13:47:03.483Z"}
{"level":"info","message":"⌛ Validating clase59.wlk/bebidas.wlk","timeElapsed":272,"timestamp":"2026-09-05T13:47:03.759Z"}
{"level":"info","message":"⌛ Building environment","timeElapsed":289,"timestamp":"2026-09-05T13:47:06.020Z"}
{"level":"error","message":"✘ Completions for node Parameter ([26:33, 26:34] - clase59.wlk/bebidas.wlk) failed: Error: [Parameter]{3176b6} at clase59.wlk/bebidas.wlk:26 exhausted all cases without a match [Parameter]{3176b6} at clase59.wlk/bebidas.wlk:26 exhausted all cases without a match","stack":"Error: [Parameter]{3176b6} at clase59.wlk/bebidas.wlk:26 exhausted all cases without a match\n    at c:\\Users\\elias\\.vscode\\extensions\\uqbar.wollok-lsp-ide-0.5.5\\out\\server\\src\\server.js:38:6142\n    at L2 (c:\\Users\\elias\\.vscode\\extensions\\uqbar.wollok-lsp-ide-0.5.5\\out\\server\\src\\server.js:2421:42)\n    at c:\\Users\\elias\\.vscode\\extensions\\uqbar.wollok-lsp-ide-0.5.5\\out\\server\\src\\server.js:2421:2988\n    at c:\\Users\\elias\\.vscode\\extensions\\uqbar.wollok-lsp-ide-0.5.5\\out\\server\\src\\server.js:2430:8440\n    at c:\\Users\\elias\\.vscode\\extensions\\uqbar.wollok-lsp-ide-0.5.5\\out\\server\\src\\server.js:37:74872\n    at Ke (c:\\Users\\elias\\.vscode\\extensions\\uqbar.wollok-lsp-ide-0.5.5\\out\\server\\src\\server.js:7:8527)\n    at It (c:\\Users\\elias\\.vscode\\extensions\\uqbar.wollok-lsp-ide-0.5.5\\out\\server\\src\\server.js:7:6189)\n    at et (c:\\Users\\elias\\.vscode\\extensions\\uqbar.wollok-lsp-ide-0.5.5\\out\\server\\src\\server.js:7:6378)\n    at Immediate._onImmediate (c:\\Users\\elias\\.vscode\\extensions\\uqbar.wollok-lsp-ide-0.5.5\\out\\server\\src\\server.js:7:6142)\n    at process.processImmediate (node:internal/timers:485:21)","timestamp":"2026-09-05T13:47:06.119Z"}
{"level":"info","message":"⌛ Building environment","timeElapsed":278,"timestamp":"2026-09-05T13:47:06.407Z"}
{"level":"info","message":"⌛ Validating clase59.wlk/bebidas.wlk","timeElapsed":215,"timestamp":"2026-09-05T13:47:06.654Z"}
{"level":"info","message":"⌛ Building environment","timeElapsed":164,"timestamp":"2026-09-05T13:47:06.819Z"}
{"level":"info","message":"⌛ Building environment","timeElapsed":155,"timestamp":"2026-09-05T13:47:06.976Z"}
{"level":"error","message":"✘ Completions for node Parameter ([26:33, 26:37] - clase59.wlk/bebidas.wlk) failed: Error: [Parameter]{e8fbcb} at clase59.wlk/bebidas.wlk:26 exhausted all cases without a match [Parameter]{e8fbcb} at clase59.wlk/bebidas.wlk:26 exhausted all cases without a match","stack":"Error: [Parameter]{e8fbcb} at clase59.wlk/bebidas.wlk:26 exhausted all cases without a match\n    at c:\\Users\\elias\\.vscode\\extensions\\uqbar.wollok-lsp-ide-0.5.5\\out\\server\\src\\server.js:38:6142\n    at L2 (c:\\Users\\elias\\.vscode\\extensions\\uqbar.wollok-lsp-ide-0.5.5\\out\\server\\src\\server.js:2421:42)\n    at c:\\Users\\elias\\.vscode\\extensions\\uqbar.wollok-lsp-ide-0.5.5\\out\\server\\src\\server.js:2421:2988\n    at c:\\Users\\elias\\.vscode\\extensions\\uqbar.wollok-lsp-ide-0.5.5\\out\\server\\src\\server.js:2430:8440\n    at c:\\Users\\elias\\.vscode\\extensions\\uqbar.wollok-lsp-ide-0.5.5\\out\\server\\src\\server.js:37:74872\n    at Ke (c:\\Users\\elias\\.vscode\\extensions\\uqbar.wollok-lsp-ide-0.5.5\\out\\server\\src\\server.js:7:8527)\n    at It (c:\\Users\\elias\\.vscode\\extensions\\uqbar.wollok-lsp-ide-0.5.5\\out\\server\\src\\server.js:7:6189)\n    at et (c:\\Users\\elias\\.vscode\\extensions\\uqbar.wollok-lsp-ide-0.5.5\\out\\server\\src\\server.js:7:6378)\n    at Immediate._onImmediate (c:\\Users\\elias\\.vscode\\extensions\\uqbar.wollok-lsp-ide-0.5.5\\out\\server\\src\\server.js:7:6142)\n    at process.processImmediate (node:internal/timers:485:21)","timestamp":"2026-09-05T13:47:07.035Z"}
{"level":"info","message":"⌛ Building environment","timeElapsed":229,"timestamp":"2026-09-05T13:47:07.267Z"}
{"level":"info","message":"⌛ Validating clase59.wlk/bebidas.wlk","timeElapsed":228,"timestamp":"2026-09-05T13:47:07.496Z"}
{"level":"info","message":"⌛ Validating clase59.wlk/bebidas.wlk","timeElapsed":238,"timestamp":"2026-09-05T13:47:07.754Z"}
{"level":"info","message":"⌛ Validating clase59.wlk/bebidas.wlk","timeElapsed":251,"timestamp":"2026-09-05T13:47:08.016Z"}
{"level":"info","message":"⌛ Validating clase59.wlk/bebidas.wlk","timeElapsed":196,"timestamp":"2026-09-05T13:47:08.231Z"}
{"level":"info","message":"⌛ Building environment","timeElapsed":196,"timestamp":"2026-09-05T13:47:33.752Z"}
{"level":"error","message":"✘ Completions for node Return ([27:9, 27:28] - clase59.wlk/bebidas.wlk) failed: Error: [Return]{b3a8c8} at clase59.wlk/bebidas.wlk:27 exhausted all cases without a match [Return]{b3a8c8} at clase59.wlk/bebidas.wlk:27 exhausted all cases without a match","stack":"Error: [Return]{b3a8c8} at clase59.wlk/bebidas.wlk:27 exhausted all cases without a match\n    at c:\\Users\\elias\\.vscode\\extensions\\uqbar.wollok-lsp-ide-0.5.5\\out\\server\\src\\server.js:38:6142\n    at L2 (c:\\Users\\elias\\.vscode\\extensions\\uqbar.wollok-lsp-ide-0.5.5\\out\\server\\src\\server.js:2421:42)\n    at Jh (c:\\Users\\elias\\.vscode\\extensions\\uqbar.wollok-lsp-ide-0.5.5\\out\\server\\src\\server.js:2421:1092)\n    at w5n (c:\\Users\\elias\\.vscode\\extensions\\uqbar.wollok-lsp-ide-0.5.5\\out\\server\\src\\server.js:2421:1248)\n    at c:\\Users\\elias\\.vscode\\extensions\\uqbar.wollok-lsp-ide-0.5.5\\out\\server\\src\\server.js:38:6131\n    at L2 (c:\\Users\\elias\\.vscode\\extensions\\uqbar.wollok-lsp-ide-0.5.5\\out\\server\\src\\server.js:2421:42)\n    at c:\\Users\\elias\\.vscode\\extensions\\uqbar.wollok-lsp-ide-0.5.5\\out\\server\\src\\server.js:2421:2988\n    at c:\\Users\\elias\\.vscode\\extensions\\uqbar.wollok-lsp-ide-0.5.5\\out\\server\\src\\server.js:2430:8440\n    at c:\\Users\\elias\\.vscode\\extensions\\uqbar.wollok-lsp-ide-0.5.5\\out\\server\\src\\server.js:37:74872\n    at Ke (c:\\Users\\elias\\.vscode\\extensions\\uqbar.wollok-lsp-ide-0.5.5\\out\\server\\src\\server.js:7:8527)","timestamp":"2026-09-05T13:47:33.859Z"}
{"level":"info","message":"⌛ Validating clase59.wlk/bebidas.wlk","timeElapsed":212,"timestamp":"2026-09-05T13:47:34.077Z"}
{"level":"info","message":"⌛ Building environment","timeElapsed":118,"timestamp":"2026-09-05T13:47:34.205Z"}
{"level":"info","message":"⌛ Validating clase59.wlk/bebidas.wlk","timeElapsed":242,"timestamp":"2026-09-05T13:47:34.516Z"}
{"level":"info","message":"⌛ Building environment","timeElapsed":116,"timestamp":"2026-09-05T13:47:34.637Z"}
{"level":"info","message":"⌛ Validating clase59.wlk/bebidas.wlk","timeElapsed":178,"timestamp":"2026-09-05T13:47:34.816Z"}
{"level":"info","message":"⌛ Building environment","timeElapsed":118,"timestamp":"2026-09-05T13:47:36.447Z"}
{"level":"info","message":"⌛ Validating clase59.wlk/bebidas.wlk","timeElapsed":208,"timestamp":"2026-09-05T13:47:36.656Z"}
{"level":"info","message":"⌛ Building environment","timeElapsed":132,"timestamp":"2026-09-05T13:47:37.250Z"}
{"level":"info","message":"⌛ Validating clase59.wlk/bebidas.wlk","timeElapsed":202,"timestamp":"2026-09-05T13:47:37.453Z"}
{"level":"info","message":"⌛ Building environment","timeElapsed":115,"timestamp":"2026-09-05T13:47:37.569Z"}
{"level":"info","message":"⌛ Validating clase59.wlk/bebidas.wlk","timeElapsed":121,"timestamp":"2026-09-05T13:47:37.718Z"}
{"level":"info","message":"⌛ Building environment","timeElapsed":107,"timestamp":"2026-09-05T13:47:37.855Z"}
{"level":"info","message":"⌛ Validating clase59.wlk/bebidas.wlk","timeElapsed":157,"timestamp":"2026-09-05T13:47:38.013Z"}
{"level":"info","message":"⌛ Building environment","timeElapsed":306,"timestamp":"2026-09-05T13:47:39.205Z"}
{"level":"info","message":"⌛ Validating clase59.wlk/bebidas.wlk","timeElapsed":231,"timestamp":"2026-09-05T13:47:39.500Z"}
{"level":"info","message":"⌛ Building environment","timeElapsed":247,"timestamp":"2026-09-05T13:47:39.754Z"}
{"level":"info","message":"⌛ Building environment","timeElapsed":259,"timestamp":"2026-09-05T13:47:40.016Z"}
{"level":"info","message":"⌛ Validating clase59.wlk/bebidas.wlk","timeElapsed":417,"timestamp":"2026-09-05T13:47:40.485Z"}
{"level":"info","message":"⌛ Validating clase59.wlk/bebidas.wlk","timeElapsed":285,"timestamp":"2026-09-05T13:47:40.817Z"}
{"level":"info","message":"⌛ Building environment","timeElapsed":113,"timestamp":"2026-09-05T13:47:44.763Z"}
{"level":"info","message":"⌛ Validating clase59.wlk/bebidas.wlk","timeElapsed":205,"timestamp":"2026-09-05T13:47:44.969Z"}
{"level":"info","message":"⌛ Building environment","timeElapsed":247,"timestamp":"2026-09-05T13:47:45.234Z"}
{"level":"info","message":"⌛ Validating clase59.wlk/bebidas.wlk","timeElapsed":212,"timestamp":"2026-09-05T13:47:45.496Z"}
{"level":"info","message":"⌛ Building environment","timeElapsed":125,"timestamp":"2026-09-05T13:47:45.762Z"}
{"level":"info","message":"⌛ Validating clase59.wlk/bebidas.wlk","timeElapsed":179,"timestamp":"2026-09-05T13:47:45.995Z"}
{"level":"info","message":"⌛ Building environment","timeElapsed":126,"timestamp":"2026-09-05T13:47:47.339Z"}
{"level":"info","message":"⌛ Validating clase59.wlk/bebidas.wlk","timeElapsed":197,"timestamp":"2026-09-05T13:47:47.595Z"}
{"level":"info","message":"⌛ Building environment","timeElapsed":141,"timestamp":"2026-09-05T13:47:47.961Z"}
{"level":"info","message":"⌛ Validating clase59.wlk/bebidas.wlk","timeElapsed":229,"timestamp":"2026-09-05T13:47:48.262Z"}
{"level":"info","message":"⌛ Building environment","timeElapsed":204,"timestamp":"2026-09-05T13:47:48.470Z"}
{"level":"info","message":"⌛ Building environment","timeElapsed":249,"timestamp":"2026-09-05T13:47:48.788Z"}
{"level":"info","message":"⌛ Validating clase59.wlk/bebidas.wlk","timeElapsed":245,"timestamp":"2026-09-05T13:47:49.034Z"}
{"level":"info","message":"⌛ Building environment","timeElapsed":327,"timestamp":"2026-09-05T13:47:49.396Z"}
{"level":"info","message":"⌛ Building environment","timeElapsed":183,"timestamp":"2026-09-05T13:47:49.653Z"}
{"level":"info","message":"⌛ Validating clase59.wlk/bebidas.wlk","timeElapsed":251,"timestamp":"2026-09-05T13:47:49.905Z"}
{"level":"info","message":"⌛ Building environment","timeElapsed":214,"timestamp":"2026-09-05T13:47:50.147Z"}
{"level":"info","message":"⌛ Building environment","timeElapsed":155,"timestamp":"2026-09-05T13:47:50.303Z"}
{"level":"info","message":"⌛ Building environment","timeElapsed":152,"timestamp":"2026-09-05T13:47:50.455Z"}
{"level":"info","message":"⌛ Validating clase59.wlk/bebidas.wlk","timeElapsed":243,"timestamp":"2026-09-05T13:47:50.699Z"}
{"level":"info","message":"⌛ Building environment","timeElapsed":200,"timestamp":"2026-09-05T13:47:50.899Z"}
{"level":"info","message":"⌛ Validating clase59.wlk/bebidas.wlk","timeElapsed":233,"timestamp":"2026-09-05T13:47:51.222Z"}
{"level":"info","message":"⌛ Validating clase59.wlk/bebidas.wlk","timeElapsed":255,"timestamp":"2026-09-05T13:47:51.485Z"}
{"level":"info","message":"⌛ Validating clase59.wlk/bebidas.wlk","timeElapsed":265,"timestamp":"2026-09-05T13:47:51.755Z"}
{"level":"info","message":"⌛ Validating clase59.wlk/bebidas.wlk","timeElapsed":214,"timestamp":"2026-09-05T13:47:51.970Z"}
{"level":"info","message":"⌛ Validating clase59.wlk/bebidas.wlk","timeElapsed":278,"timestamp":"2026-09-05T13:47:52.249Z"}
{"level":"info","message":"⌛ Building environment","timeElapsed":176,"timestamp":"2026-09-05T13:47:52.430Z"}
{"level":"info","message":"⌛ Building environment","timeElapsed":135,"timestamp":"2026-09-05T13:47:52.566Z"}
{"level":"info","message":"⌛ Validating clase59.wlk/bebidas.wlk","timeElapsed":174,"timestamp":"2026-09-05T13:47:52.772Z"}
{"level":"info","message":"⌛ Validating clase59.wlk/bebidas.wlk","timeElapsed":331,"timestamp":"2026-09-05T13:47:53.159Z"}
{"level":"info","message":"⌛ Building environment","timeElapsed":128,"timestamp":"2026-09-05T13:47:55.620Z"}
{"level":"info","message":"⌛ Validating clase59.wlk/bebidas.wlk","timeElapsed":375,"timestamp":"2026-09-05T13:47:55.996Z"}
{"level":"info","message":"⌛ Building environment","timeElapsed":345,"timestamp":"2026-09-05T13:48:16.631Z"}
{"level":"info","message":"⌛ Validating clase59.wlk/bebidas.wlk","timeElapsed":348,"timestamp":"2026-09-05T13:48:17.008Z"}
{"level":"info","message":"⌛ Building environment","timeElapsed":133,"timestamp":"2026-09-05T13:48:19.054Z"}
{"level":"info","message":"⌛ Validating clase59.wlk/bebidas.wlk","timeElapsed":211,"timestamp":"2026-09-05T13:48:19.280Z"}
{"level":"info","message":"⌛ Building environment","timeElapsed":165,"timestamp":"2026-09-05T13:48:20.235Z"}
{"level":"info","message":"⌛ Validating clase59.wlk/bebidas.wlk","timeElapsed":194,"timestamp":"2026-09-05T13:48:20.431Z"}
{"level":"info","message":"⌛ Building environment","timeElapsed":144,"timestamp":"2026-09-05T13:48:31.863Z"}
{"level":"info","message":"⌛ Validating clase59.wlk/bebidas.wlk","timeElapsed":192,"timestamp":"2026-09-05T13:48:32.072Z"}
{"level":"info","message":"⌛ Building environment","timeElapsed":123,"timestamp":"2026-09-05T13:48:44.151Z"}
{"level":"info","message":"⌛ Validating clase59.wlk/bebidas.wlk","timeElapsed":279,"timestamp":"2026-09-05T13:48:44.468Z"}
{"level":"info","message":"⌛ Building environment","timeElapsed":378,"timestamp":"2026-09-05T13:48:44.933Z"}
{"level":"info","message":"⌛ Validating clase59.wlk/bebidas.wlk","timeElapsed":170,"timestamp":"2026-09-05T13:48:45.118Z"}
{"level":"info","message":"⌛ Building environment","timeElapsed":174,"timestamp":"2026-09-05T13:48:52.232Z"}
{"level":"info","message":"⌛ Validating clase59.wlk/bebidas.wlk","timeElapsed":174,"timestamp":"2026-09-05T13:48:52.411Z"}
{"level":"info","message":"⌛ Building environment","timeElapsed":223,"timestamp":"2026-09-05T13:48:53.209Z"}
{"level":"info","message":"⌛ Validating clase59.wlk/bebidas.wlk","timeElapsed":189,"timestamp":"2026-09-05T13:48:53.452Z"}
{"level":"info","message":"⌛ Building environment","timeElapsed":169,"timestamp":"2026-09-05T13:48:57.195Z"}
{"level":"info","message":"⌛ Validating clase59.wlk/bebidas.wlk","timeElapsed":206,"timestamp":"2026-09-05T13:48:57.417Z"}
{"level":"info","message":"⌛ Building environment","timeElapsed":159,"timestamp":"2026-09-05T13:48:59.549Z"}
{"level":"info","message":"⌛ Validating clase59.wlk/bebidas.wlk","timeElapsed":328,"timestamp":"2026-09-05T13:48:59.925Z"}
{"level":"info","message":"⌛ Building environment","timeElapsed":150,"timestamp":"2026-09-05T13:49:00.501Z"}
{"level":"info","message":"⌛ Validating clase59.wlk/bebidas.wlk","timeElapsed":253,"timestamp":"2026-09-05T13:49:00.756Z"}
{"level":"info","message":"⌛ Building environment","timeElapsed":322,"timestamp":"2026-09-05T13:49:01.093Z"}
{"level":"info","message":"⌛ Building environment","timeElapsed":314,"timestamp":"2026-09-05T13:49:01.464Z"}
{"level":"info","message":"⌛ Validating clase59.wlk/bebidas.wlk","timeElapsed":200,"timestamp":"2026-09-05T13:49:01.665Z"}
{"level":"info","message":"⌛ Validating clase59.wlk/bebidas.wlk","timeElapsed":232,"timestamp":"2026-09-05T13:49:01.922Z"}
{"level":"info","message":"⌛ Building environment","timeElapsed":205,"timestamp":"2026-09-05T13:49:16.426Z"}
{"level":"error","message":"✘ Completions for node Parameter ([35:34, 35:40] - clase59.wlk/bebidas.wlk) failed: Error: [Parameter]{fb0357} at clase59.wlk/bebidas.wlk:35 exhausted all cases without a match [Parameter]{fb0357} at clase59.wlk/bebidas.wlk:35 exhausted all cases without a match","stack":"Error: [Parameter]{fb0357} at clase59.wlk/bebidas.wlk:35 exhausted all cases without a match\n    at c:\\Users\\elias\\.vscode\\extensions\\uqbar.wollok-lsp-ide-0.5.5\\out\\server\\src\\server.js:38:6142\n    at L2 (c:\\Users\\elias\\.vscode\\extensions\\uqbar.wollok-lsp-ide-0.5.5\\out\\server\\src\\server.js:2421:42)\n    at c:\\Users\\elias\\.vscode\\extensions\\uqbar.wollok-lsp-ide-0.5.5\\out\\server\\src\\server.js:2421:2988\n    at c:\\Users\\elias\\.vscode\\extensions\\uqbar.wollok-lsp-ide-0.5.5\\out\\server\\src\\server.js:2430:8440\n    at c:\\Users\\elias\\.vscode\\extensions\\uqbar.wollok-lsp-ide-0.5.5\\out\\server\\src\\server.js:37:74872\n    at Ke (c:\\Users\\elias\\.vscode\\extensions\\uqbar.wollok-lsp-ide-0.5.5\\out\\server\\src\\server.js:7:8527)\n    at It (c:\\Users\\elias\\.vscode\\extensions\\uqbar.wollok-lsp-ide-0.5.5\\out\\server\\src\\server.js:7:6189)\n    at et (c:\\Users\\elias\\.vscode\\extensions\\uqbar.wollok-lsp-ide-0.5.5\\out\\server\\src\\server.js:7:6378)\n    at Immediate._onImmediate (c:\\Users\\elias\\.vscode\\extensions\\uqbar.wollok-lsp-ide-0.5.5\\out\\server\\src\\server.js:7:6142)\n    at process.processImmediate (node:internal/timers:485:21)","timestamp":"2026-09-05T13:49:16.532Z"}
{"level":"info","message":"⌛ Autocomplete - Parameter","timeElapsed":103,"timestamp":"2026-09-05T13:49:16.535Z"}
{"level":"info","message":"⌛ Validating clase59.wlk/bebidas.wlk","timeElapsed":233,"timestamp":"2026-09-05T13:49:16.768Z"}
{"level":"info","message":"⌛ Building environment","timeElapsed":180,"timestamp":"2026-09-05T13:49:16.959Z"}
{"level":"error","message":"✘ Completions for node Parameter ([35:34, 35:41] - clase59.wlk/bebidas.wlk) failed: Error: [Parameter]{769790} at clase59.wlk/bebidas.wlk:35 exhausted all cases without a match [Parameter]{769790} at clase59.wlk/bebidas.wlk:35 exhausted all cases without a match","stack":"Error: [Parameter]{769790} at clase59.wlk/bebidas.wlk:35 exhausted all cases without a match\n    at c:\\Users\\elias\\.vscode\\extensions\\uqbar.wollok-lsp-ide-0.5.5\\out\\server\\src\\server.js:38:6142\n    at L2 (c:\\Users\\elias\\.vscode\\extensions\\uqbar.wollok-lsp-ide-0.5.5\\out\\server\\src\\server.js:2421:42)\n    at c:\\Users\\elias\\.vscode\\extensions\\uqbar.wollok-lsp-ide-0.5.5\\out\\server\\src\\server.js:2421:2988\n    at c:\\Users\\elias\\.vscode\\extensions\\uqbar.wollok-lsp-ide-0.5.5\\out\\server\\src\\server.js:2430:8440\n    at c:\\Users\\elias\\.vscode\\extensions\\uqbar.wollok-lsp-ide-0.5.5\\out\\server\\src\\server.js:37:74872\n    at Ke (c:\\Users\\elias\\.vscode\\extensions\\uqbar.wollok-lsp-ide-0.5.5\\out\\server\\src\\server.js:7:8527)\n    at It (c:\\Users\\elias\\.vscode\\extensions\\uqbar.wollok-lsp-ide-0.5.5\\out\\server\\src\\server.js:7:6189)\n    at et (c:\\Users\\elias\\.vscode\\extensions\\uqbar.wollok-lsp-ide-0.5.5\\out\\server\\src\\server.js:7:6378)\n    at Immediate._onImmediate (c:\\Users\\elias\\.vscode\\extensions\\uqbar.wollok-lsp-ide-0.5.5\\out\\server\\src\\server.js:7:6142)\n    at process.processImmediate (node:internal/timers:485:21)","timestamp":"2026-09-05T13:49:16.996Z"}
{"level":"info","message":"⌛ Building environment","timeElapsed":147,"timestamp":"2026-09-05T13:49:17.145Z"}
{"level":"info","message":"⌛ Validating clase59.wlk/bebidas.wlk","timeElapsed":295,"timestamp":"2026-09-05T13:49:17.441Z"}
{"level":"info","message":"⌛ Validating clase59.wlk/bebidas.wlk","timeElapsed":318,"timestamp":"2026-09-05T13:49:17.783Z"}
{"level":"info","message":"⌛ Building environment","timeElapsed":209,"timestamp":"2026-09-05T13:49:17.995Z"}
{"level":"error","message":"✘ Completions for node Parameter ([35:34, 35:43] - clase59.wlk/bebidas.wlk) failed: Error: [Parameter]{b60680} at clase59.wlk/bebidas.wlk:35 exhausted all cases without a match [Parameter]{b60680} at clase59.wlk/bebidas.wlk:35 exhausted all cases without a match","stack":"Error: [Parameter]{b60680} at clase59.wlk/bebidas.wlk:35 exhausted all cases without a match\n    at c:\\Users\\elias\\.vscode\\extensions\\uqbar.wollok-lsp-ide-0.5.5\\out\\server\\src\\server.js:38:6142\n    at L2 (c:\\Users\\elias\\.vscode\\extensions\\uqbar.wollok-lsp-ide-0.5.5\\out\\server\\src\\server.js:2421:42)\n    at c:\\Users\\elias\\.vscode\\extensions\\uqbar.wollok-lsp-ide-0.5.5\\out\\server\\src\\server.js:2421:2988\n    at c:\\Users\\elias\\.vscode\\extensions\\uqbar.wollok-lsp-ide-0.5.5\\out\\server\\src\\server.js:2430:8440\n    at c:\\Users\\elias\\.vscode\\extensions\\uqbar.wollok-lsp-ide-0.5.5\\out\\server\\src\\server.js:37:74872\n    at Ke (c:\\Users\\elias\\.vscode\\extensions\\uqbar.wollok-lsp-ide-0.5.5\\out\\server\\src\\server.js:7:8527)\n    at It (c:\\Users\\elias\\.vscode\\extensions\\uqbar.wollok-lsp-ide-0.5.5\\out\\server\\src\\server.js:7:6189)\n    at et (c:\\Users\\elias\\.vscode\\extensions\\uqbar.wollok-lsp-ide-0.5.5\\out\\server\\src\\server.js:7:6378)\n    at Immediate._onImmediate (c:\\Users\\elias\\.vscode\\extensions\\uqbar.wollok-lsp-ide-0.5.5\\out\\server\\src\\server.js:7:6142)\n    at process.processImmediate (node:internal/timers:485:21)","timestamp":"2026-09-05T13:49:18.049Z"}
{"level":"info","message":"⌛ Validating clase59.wlk/bebidas.wlk","timeElapsed":181,"timestamp":"2026-09-05T13:49:18.259Z"}
{"level":"info","message":"⌛ Building environment","timeElapsed":118,"timestamp":"2026-09-05T13:49:19.648Z"}
{"level":"error","message":"✘ Completions for node Parameter ([35:34, 35:44] - clase59.wlk/bebidas.wlk) failed: Error: [Parameter]{3f7c8d} at clase59.wlk/bebidas.wlk:35 exhausted all cases without a match [Parameter]{3f7c8d} at clase59.wlk/bebidas.wlk:35 exhausted all cases without a match","stack":"Error: [Parameter]{3f7c8d} at clase59.wlk/bebidas.wlk:35 exhausted all cases without a match\n    at c:\\Users\\elias\\.vscode\\extensions\\uqbar.wollok-lsp-ide-0.5.5\\out\\server\\src\\server.js:38:6142\n    at L2 (c:\\Users\\elias\\.vscode\\extensions\\uqbar.wollok-lsp-ide-0.5.5\\out\\server\\src\\server.js:2421:42)\n    at c:\\Users\\elias\\.vscode\\extensions\\uqbar.wollok-lsp-ide-0.5.5\\out\\server\\src\\server.js:2421:2988\n    at c:\\Users\\elias\\.vscode\\extensions\\uqbar.wollok-lsp-ide-0.5.5\\out\\server\\src\\server.js:2430:8440\n    at c:\\Users\\elias\\.vscode\\extensions\\uqbar.wollok-lsp-ide-0.5.5\\out\\server\\src\\server.js:37:74872\n    at Ke (c:\\Users\\elias\\.vscode\\extensions\\uqbar.wollok-lsp-ide-0.5.5\\out\\server\\src\\server.js:7:8527)\n    at It (c:\\Users\\elias\\.vscode\\extensions\\uqbar.wollok-lsp-ide-0.5.5\\out\\server\\src\\server.js:7:6189)\n    at et (c:\\Users\\elias\\.vscode\\extensions\\uqbar.wollok-lsp-ide-0.5.5\\out\\server\\src\\server.js:7:6378)\n    at Immediate._onImmediate (c:\\Users\\elias\\.vscode\\extensions\\uqbar.wollok-lsp-ide-0.5.5\\out\\server\\src\\server.js:7:6142)\n    at process.processImmediate (node:internal/timers:485:21)","timestamp":"2026-09-05T13:49:19.690Z"}
{"level":"info","message":"⌛ Validating clase59.wlk/bebidas.wlk","timeElapsed":231,"timestamp":"2026-09-05T13:49:19.940Z"}
{"level":"info","message":"⌛ Building environment","timeElapsed":168,"timestamp":"2026-09-05T13:49:20.113Z"}
{"level":"error","message":"✘ Completions for node Parameter ([35:34, 35:45] - clase59.wlk/bebidas.wlk) failed: Error: [Parameter]{1170c1} at clase59.wlk/bebidas.wlk:35 exhausted all cases without a match [Parameter]{1170c1} at clase59.wlk/bebidas.wlk:35 exhausted all cases without a match","stack":"Error: [Parameter]{1170c1} at clase59.wlk/bebidas.wlk:35 exhausted all cases without a match\n    at c:\\Users\\elias\\.vscode\\extensions\\uqbar.wollok-lsp-ide-0.5.5\\out\\server\\src\\server.js:38:6142\n    at L2 (c:\\Users\\elias\\.vscode\\extensions\\uqbar.wollok-lsp-ide-0.5.5\\out\\server\\src\\server.js:2421:42)\n    at c:\\Users\\elias\\.vscode\\extensions\\uqbar.wollok-lsp-ide-0.5.5\\out\\server\\src\\server.js:2421:2988\n    at c:\\Users\\elias\\.vscode\\extensions\\uqbar.wollok-lsp-ide-0.5.5\\out\\server\\src\\server.js:2430:8440\n    at c:\\Users\\elias\\.vscode\\extensions\\uqbar.wollok-lsp-ide-0.5.5\\out\\server\\src\\server.js:37:74872\n    at Ke (c:\\Users\\elias\\.vscode\\extensions\\uqbar.wollok-lsp-ide-0.5.5\\out\\server\\src\\server.js:7:8527)\n    at It (c:\\Users\\elias\\.vscode\\extensions\\uqbar.wollok-lsp-ide-0.5.5\\out\\server\\src\\server.js:7:6189)\n    at et (c:\\Users\\elias\\.vscode\\extensions\\uqbar.wollok-lsp-ide-0.5.5\\out\\server\\src\\server.js:7:6378)\n    at Immediate._onImmediate (c:\\Users\\elias\\.vscode\\extensions\\uqbar.wollok-lsp-ide-0.5.5\\out\\server\\src\\server.js:7:6142)\n    at process.processImmediate (node:internal/timers:485:21)","timestamp":"2026-09-05T13:49:20.168Z"}
{"level":"info","message":"⌛ Building environment","timeElapsed":301,"timestamp":"2026-09-05T13:49:20.481Z"}
{"level":"info","message":"⌛ Validating clase59.wlk/bebidas.wlk","timeElapsed":314,"timestamp":"2026-09-05T13:49:20.797Z"}
{"level":"info","message":"⌛ Building environment","timeElapsed":176,"timestamp":"2026-09-05T13:49:21.001Z"}
{"level":"error","message":"✘ Completions for node Parameter ([35:34, 35:47] - clase59.wlk/bebidas.wlk) failed: Error: [Parameter]{634c8b} at clase59.wlk/bebidas.wlk:35 exhausted all cases without a match [Parameter]{634c8b} at clase59.wlk/bebidas.wlk:35 exhausted all cases without a match","stack":"Error: [Parameter]{634c8b} at clase59.wlk/bebidas.wlk:35 exhausted all cases without a match\n    at c:\\Users\\elias\\.vscode\\extensions\\uqbar.wollok-lsp-ide-0.5.5\\out\\server\\src\\server.js:38:6142\n    at L2 (c:\\Users\\elias\\.vscode\\extensions\\uqbar.wollok-lsp-ide-0.5.5\\out\\server\\src\\server.js:2421:42)\n    at c:\\Users\\elias\\.vscode\\extensions\\uqbar.wollok-lsp-ide-0.5.5\\out\\server\\src\\server.js:2421:2988\n    at c:\\Users\\elias\\.vscode\\extensions\\uqbar.wollok-lsp-ide-0.5.5\\out\\server\\src\\server.js:2430:8440\n    at c:\\Users\\elias\\.vscode\\extensions\\uqbar.wollok-lsp-ide-0.5.5\\out\\server\\src\\server.js:37:74872\n    at Ke (c:\\Users\\elias\\.vscode\\extensions\\uqbar.wollok-lsp-ide-0.5.5\\out\\server\\src\\server.js:7:8527)\n    at It (c:\\Users\\elias\\.vscode\\extensions\\uqbar.wollok-lsp-ide-0.5.5\\out\\server\\src\\server.js:7:6189)\n    at et (c:\\Users\\elias\\.vscode\\extensions\\uqbar.wollok-lsp-ide-0.5.5\\out\\server\\src\\server.js:7:6378)\n    at Immediate._onImmediate (c:\\Users\\elias\\.vscode\\extensions\\uqbar.wollok-lsp-ide-0.5.5\\out\\server\\src\\server.js:7:6142)\n    at process.processImmediate (node:internal/timers:485:21)","timestamp":"2026-09-05T13:49:21.050Z"}
{"level":"info","message":"⌛ Building environment","timeElapsed":143,"timestamp":"2026-09-05T13:49:21.197Z"}
{"level":"info","message":"⌛ Validating clase59.wlk/bebidas.wlk","timeElapsed":191,"timestamp":"2026-09-05T13:49:21.417Z"}
{"level":"info","message":"⌛ Validating clase59.wlk/bebidas.wlk","timeElapsed":221,"timestamp":"2026-09-05T13:49:21.655Z"}
{"level":"info","message":"⌛ Validating clase59.wlk/bebidas.wlk","timeElapsed":218,"timestamp":"2026-09-05T13:49:21.877Z"}
{"level":"info","message":"⌛ Building environment","timeElapsed":142,"timestamp":"2026-09-05T13:49:23.097Z"}
{"level":"info","message":"⌛ Validating clase59.wlk/bebidas.wlk","timeElapsed":187,"timestamp":"2026-09-05T13:49:23.315Z"}
{"level":"info","message":"⌛ Building environment","timeElapsed":113,"timestamp":"2026-09-05T13:49:23.431Z"}
{"level":"info","message":"⌛ Validating clase59.wlk/bebidas.wlk","timeElapsed":298,"timestamp":"2026-09-05T13:49:23.745Z"}
{"level":"info","message":"⌛ Building environment","timeElapsed":140,"timestamp":"2026-09-05T13:49:25.800Z"}
{"level":"info","message":"⌛ Validating clase59.wlk/bebidas.wlk","timeElapsed":214,"timestamp":"2026-09-05T13:49:26.016Z"}
{"level":"info","message":"⌛ Building environment","timeElapsed":183,"timestamp":"2026-09-05T13:49:26.975Z"}
{"level":"info","message":"⌛ Validating clase59.wlk/bebidas.wlk","timeElapsed":329,"timestamp":"2026-09-05T13:49:27.309Z"}
{"level":"info","message":"⌛ Building environment","timeElapsed":244,"timestamp":"2026-09-05T13:49:29.983Z"}
{"level":"error","message":"✘ Completions for node Parameter ([41:33, 41:39] - clase59.wlk/bebidas.wlk) failed: Error: [Parameter]{a04e96} at clase59.wlk/bebidas.wlk:41 exhausted all cases without a match [Parameter]{a04e96} at clase59.wlk/bebidas.wlk:41 exhausted all cases without a match","stack":"Error: [Parameter]{a04e96} at clase59.wlk/bebidas.wlk:41 exhausted all cases without a match\n    at c:\\Users\\elias\\.vscode\\extensions\\uqbar.wollok-lsp-ide-0.5.5\\out\\server\\src\\server.js:38:6142\n    at L2 (c:\\Users\\elias\\.vscode\\extensions\\uqbar.wollok-lsp-ide-0.5.5\\out\\server\\src\\server.js:2421:42)\n    at c:\\Users\\elias\\.vscode\\extensions\\uqbar.wollok-lsp-ide-0.5.5\\out\\server\\src\\server.js:2421:2988\n    at c:\\Users\\elias\\.vscode\\extensions\\uqbar.wollok-lsp-ide-0.5.5\\out\\server\\src\\server.js:2430:8440\n    at c:\\Users\\elias\\.vscode\\extensions\\uqbar.wollok-lsp-ide-0.5.5\\out\\server\\src\\server.js:37:74872\n    at Ke (c:\\Users\\elias\\.vscode\\extensions\\uqbar.wollok-lsp-ide-0.5.5\\out\\server\\src\\server.js:7:8527)\n    at It (c:\\Users\\elias\\.vscode\\extensions\\uqbar.wollok-lsp-ide-0.5.5\\out\\server\\src\\server.js:7:6189)\n    at et (c:\\Users\\elias\\.vscode\\extensions\\uqbar.wollok-lsp-ide-0.5.5\\out\\server\\src\\server.js:7:6378)\n    at Immediate._onImmediate (c:\\Users\\elias\\.vscode\\extensions\\uqbar.wollok-lsp-ide-0.5.5\\out\\server\\src\\server.js:7:6142)\n    at process.processImmediate (node:internal/timers:485:21)","timestamp":"2026-09-05T13:49:30.027Z"}
{"level":"info","message":"⌛ Validating clase59.wlk/bebidas.wlk","timeElapsed":304,"timestamp":"2026-09-05T13:49:30.345Z"}
{"level":"info","message":"⌛ Building environment","timeElapsed":318,"timestamp":"2026-09-05T13:49:31.914Z"}
{"level":"error","message":"✘ Completions for node Parameter ([41:33, 41:40] - clase59.wlk/bebidas.wlk) failed: Error: [Parameter]{e5c178} at clase59.wlk/bebidas.wlk:41 exhausted all cases without a match [Parameter]{e5c178} at clase59.wlk/bebidas.wlk:41 exhausted all cases without a match","stack":"Error: [Parameter]{e5c178} at clase59.wlk/bebidas.wlk:41 exhausted all cases without a match\n    at c:\\Users\\elias\\.vscode\\extensions\\uqbar.wollok-lsp-ide-0.5.5\\out\\server\\src\\server.js:38:6142\n    at L2 (c:\\Users\\elias\\.vscode\\extensions\\uqbar.wollok-lsp-ide-0.5.5\\out\\server\\src\\server.js:2421:42)\n    at c:\\Users\\elias\\.vscode\\extensions\\uqbar.wollok-lsp-ide-0.5.5\\out\\server\\src\\server.js:2421:2988\n    at c:\\Users\\elias\\.vscode\\extensions\\uqbar.wollok-lsp-ide-0.5.5\\out\\server\\src\\server.js:2430:8440\n    at c:\\Users\\elias\\.vscode\\extensions\\uqbar.wollok-lsp-ide-0.5.5\\out\\server\\src\\server.js:37:74872\n    at Ke (c:\\Users\\elias\\.vscode\\extensions\\uqbar.wollok-lsp-ide-0.5.5\\out\\server\\src\\server.js:7:8527)\n    at It (c:\\Users\\elias\\.vscode\\extensions\\uqbar.wollok-lsp-ide-0.5.5\\out\\server\\src\\server.js:7:6189)\n    at et (c:\\Users\\elias\\.vscode\\extensions\\uqbar.wollok-lsp-ide-0.5.5\\out\\server\\src\\server.js:7:6378)\n    at Immediate._onImmediate (c:\\Users\\elias\\.vscode\\extensions\\uqbar.wollok-lsp-ide-0.5.5\\out\\server\\src\\server.js:7:6142)\n    at process.processImmediate (node:internal/timers:485:21)","timestamp":"2026-09-05T13:49:31.991Z"}
{"level":"info","message":"⌛ Building environment","timeElapsed":218,"timestamp":"2026-09-05T13:49:32.216Z"}
{"level":"info","message":"⌛ Validating clase59.wlk/bebidas.wlk","timeElapsed":224,"timestamp":"2026-09-05T13:49:32.472Z"}
{"level":"info","message":"⌛ Validating clase59.wlk/bebidas.wlk","timeElapsed":205,"timestamp":"2026-09-05T13:49:32.691Z"}
{"level":"info","message":"⌛ Building environment","timeElapsed":133,"timestamp":"2026-09-05T13:49:32.824Z"}
{"level":"error","message":"✘ Completions for node Parameter ([41:33, 41:42] - clase59.wlk/bebidas.wlk) failed: Error: [Parameter]{bc85dc} at clase59.wlk/bebidas.wlk:41 exhausted all cases without a match [Parameter]{bc85dc} at clase59.wlk/bebidas.wlk:41 exhausted all cases without a match","stack":"Error: [Parameter]{bc85dc} at clase59.wlk/bebidas.wlk:41 exhausted all cases without a match\n    at c:\\Users\\elias\\.vscode\\extensions\\uqbar.wollok-lsp-ide-0.5.5\\out\\server\\src\\server.js:38:6142\n    at L2 (c:\\Users\\elias\\.vscode\\extensions\\uqbar.wollok-lsp-ide-0.5.5\\out\\server\\src\\server.js:2421:42)\n    at c:\\Users\\elias\\.vscode\\extensions\\uqbar.wollok-lsp-ide-0.5.5\\out\\server\\src\\server.js:2421:2988\n    at c:\\Users\\elias\\.vscode\\extensions\\uqbar.wollok-lsp-ide-0.5.5\\out\\server\\src\\server.js:2430:8440\n    at c:\\Users\\elias\\.vscode\\extensions\\uqbar.wollok-lsp-ide-0.5.5\\out\\server\\src\\server.js:37:74872\n    at Ke (c:\\Users\\elias\\.vscode\\extensions\\uqbar.wollok-lsp-ide-0.5.5\\out\\server\\src\\server.js:7:8527)\n    at It (c:\\Users\\elias\\.vscode\\extensions\\uqbar.wollok-lsp-ide-0.5.5\\out\\server\\src\\server.js:7:6189)\n    at et (c:\\Users\\elias\\.vscode\\extensions\\uqbar.wollok-lsp-ide-0.5.5\\out\\server\\src\\server.js:7:6378)\n    at Immediate._onImmediate (c:\\Users\\elias\\.vscode\\extensions\\uqbar.wollok-lsp-ide-0.5.5\\out\\server\\src\\server.js:7:6142)\n    at process.processImmediate (node:internal/timers:485:21)","timestamp":"2026-09-05T13:49:32.863Z"}
{"level":"info","message":"⌛ Validating clase59.wlk/bebidas.wlk","timeElapsed":211,"timestamp":"2026-09-05T13:49:33.089Z"}
{"level":"info","message":"⌛ Building environment","timeElapsed":154,"timestamp":"2026-09-05T13:49:33.245Z"}
{"level":"error","message":"✘ Completions for node Parameter ([41:33, 41:43] - clase59.wlk/bebidas.wlk) failed: Error: [Parameter]{94adae} at clase59.wlk/bebidas.wlk:41 exhausted all cases without a match [Parameter]{94adae} at clase59.wlk/bebidas.wlk:41 exhausted all cases without a match","stack":"Error: [Parameter]{94adae} at clase59.wlk/bebidas.wlk:41 exhausted all cases without a match\n    at c:\\Users\\elias\\.vscode\\extensions\\uqbar.wollok-lsp-ide-0.5.5\\out\\server\\src\\server.js:38:6142\n    at L2 (c:\\Users\\elias\\.vscode\\extensions\\uqbar.wollok-lsp-ide-0.5.5\\out\\server\\src\\server.js:2421:42)\n    at c:\\Users\\elias\\.vscode\\extensions\\uqbar.wollok-lsp-ide-0.5.5\\out\\server\\src\\server.js:2421:2988\n    at c:\\Users\\elias\\.vscode\\extensions\\uqbar.wollok-lsp-ide-0.5.5\\out\\server\\src\\server.js:2430:8440\n    at c:\\Users\\elias\\.vscode\\extensions\\uqbar.wollok-lsp-ide-0.5.5\\out\\server\\src\\server.js:37:74872\n    at Ke (c:\\Users\\elias\\.vscode\\extensions\\uqbar.wollok-lsp-ide-0.5.5\\out\\server\\src\\server.js:7:8527)\n    at It (c:\\Users\\elias\\.vscode\\extensions\\uqbar.wollok-lsp-ide-0.5.5\\out\\server\\src\\server.js:7:6189)\n    at et (c:\\Users\\elias\\.vscode\\extensions\\uqbar.wollok-lsp-ide-0.5.5\\out\\server\\src\\server.js:7:6378)\n    at Immediate._onImmediate (c:\\Users\\elias\\.vscode\\extensions\\uqbar.wollok-lsp-ide-0.5.5\\out\\server\\src\\server.js:7:6142)\n    at process.processImmediate (node:internal/timers:485:21)","timestamp":"2026-09-05T13:49:33.288Z"}
{"level":"info","message":"⌛ Validating clase59.wlk/bebidas.wlk","timeElapsed":435,"timestamp":"2026-09-05T13:49:33.749Z"}
{"level":"info","message":"⌛ Building environment","timeElapsed":154,"timestamp":"2026-09-05T13:49:33.910Z"}
{"level":"error","message":"✘ Completions for node Parameter ([41:33, 41:44] - clase59.wlk/bebidas.wlk) failed: Error: [Parameter]{ebcdd7} at clase59.wlk/bebidas.wlk:41 exhausted all cases without a match [Parameter]{ebcdd7} at clase59.wlk/bebidas.wlk:41 exhausted all cases without a match","stack":"Error: [Parameter]{ebcdd7} at clase59.wlk/bebidas.wlk:41 exhausted all cases without a match\n    at c:\\Users\\elias\\.vscode\\extensions\\uqbar.wollok-lsp-ide-0.5.5\\out\\server\\src\\server.js:38:6142\n    at L2 (c:\\Users\\elias\\.vscode\\extensions\\uqbar.wollok-lsp-ide-0.5.5\\out\\server\\src\\server.js:2421:42)\n    at c:\\Users\\elias\\.vscode\\extensions\\uqbar.wollok-lsp-ide-0.5.5\\out\\server\\src\\server.js:2421:2988\n    at c:\\Users\\elias\\.vscode\\extensions\\uqbar.wollok-lsp-ide-0.5.5\\out\\server\\src\\server.js:2430:8440\n    at c:\\Users\\elias\\.vscode\\extensions\\uqbar.wollok-lsp-ide-0.5.5\\out\\server\\src\\server.js:37:74872\n    at Ke (c:\\Users\\elias\\.vscode\\extensions\\uqbar.wollok-lsp-ide-0.5.5\\out\\server\\src\\server.js:7:8527)\n    at It (c:\\Users\\elias\\.vscode\\extensions\\uqbar.wollok-lsp-ide-0.5.5\\out\\server\\src\\server.js:7:6189)\n    at et (c:\\Users\\elias\\.vscode\\extensions\\uqbar.wollok-lsp-ide-0.5.5\\out\\server\\src\\server.js:7:6378)\n    at Immediate._onImmediate (c:\\Users\\elias\\.vscode\\extensions\\uqbar.wollok-lsp-ide-0.5.5\\out\\server\\src\\server.js:7:6142)\n    at process.processImmediate (node:internal/timers:485:21)","timestamp":"2026-09-05T13:49:33.946Z"}
{"level":"info","message":"⌛ Building environment","timeElapsed":145,"timestamp":"2026-09-05T13:49:34.094Z"}
{"level":"info","message":"⌛ Validating clase59.wlk/bebidas.wlk","timeElapsed":210,"timestamp":"2026-09-05T13:49:34.326Z"}
{"level":"info","message":"⌛ Building environment","timeElapsed":232,"timestamp":"2026-09-05T13:49:34.560Z"}
{"level":"error","message":"✘ Completions for node Parameter ([41:33, 41:46] - clase59.wlk/bebidas.wlk) failed: Error: [Parameter]{168db0} at clase59.wlk/bebidas.wlk:41 exhausted all cases without a match [Parameter]{168db0} at clase59.wlk/bebidas.wlk:41 exhausted all cases without a match","stack":"Error: [Parameter]{168db0} at clase59.wlk/bebidas.wlk:41 exhausted all cases without a match\n    at c:\\Users\\elias\\.vscode\\extensions\\uqbar.wollok-lsp-ide-0.5.5\\out\\server\\src\\server.js:38:6142\n    at L2 (c:\\Users\\elias\\.vscode\\extensions\\uqbar.wollok-lsp-ide-0.5.5\\out\\server\\src\\server.js:2421:42)\n    at c:\\Users\\elias\\.vscode\\extensions\\uqbar.wollok-lsp-ide-0.5.5\\out\\server\\src\\server.js:2421:2988\n    at c:\\Users\\elias\\.vscode\\extensions\\uqbar.wollok-lsp-ide-0.5.5\\out\\server\\src\\server.js:2430:8440\n    at c:\\Users\\elias\\.vscode\\extensions\\uqbar.wollok-lsp-ide-0.5.5\\out\\server\\src\\server.js:37:74872\n    at Ke (c:\\Users\\elias\\.vscode\\extensions\\uqbar.wollok-lsp-ide-0.5.5\\out\\server\\src\\server.js:7:8527)\n    at It (c:\\Users\\elias\\.vscode\\extensions\\uqbar.wollok-lsp-ide-0.5.5\\out\\server\\src\\server.js:7:6189)\n    at et (c:\\Users\\elias\\.vscode\\extensions\\uqbar.wollok-lsp-ide-0.5.5\\out\\server\\src\\server.js:7:6378)\n    at Immediate._onImmediate (c:\\Users\\elias\\.vscode\\extensions\\uqbar.wollok-lsp-ide-0.5.5\\out\\server\\src\\server.js:7:6142)\n    at process.processImmediate (node:internal/timers:485:21)","timestamp":"2026-09-05T13:49:34.618Z"}
{"level":"info","message":"⌛ Validating clase59.wlk/bebidas.wlk","timeElapsed":221,"timestamp":"2026-09-05T13:49:34.843Z"}
{"level":"info","message":"⌛ Building environment","timeElapsed":350,"timestamp":"2026-09-05T13:49:35.197Z"}
{"level":"info","message":"⌛ Validating clase59.wlk/bebidas.wlk","timeElapsed":296,"timestamp":"2026-09-05T13:49:35.526Z"}
{"level":"info","message":"⌛ Validating clase59.wlk/bebidas.wlk","timeElapsed":179,"timestamp":"2026-09-05T13:49:35.717Z"}
{"level":"info","message":"⌛ Building environment","timeElapsed":160,"timestamp":"2026-09-05T13:49:37.187Z"}
{"level":"info","message":"⌛ Validating clase59.wlk/bebidas.wlk","timeElapsed":177,"timestamp":"2026-09-05T13:49:37.367Z"}
{"level":"info","message":"⌛ Building environment","timeElapsed":256,"timestamp":"2026-09-05T13:49:38.685Z"}
{"level":"info","message":"⌛ Validating clase59.wlk/bebidas.wlk","timeElapsed":211,"timestamp":"2026-09-05T13:49:38.897Z"}
{"level":"info","message":"⌛ Building environment","timeElapsed":291,"timestamp":"2026-09-05T13:49:42.163Z"}
{"level":"info","message":"⌛ Validating clase59.wlk/bebidas.wlk","timeElapsed":282,"timestamp":"2026-09-05T13:49:42.588Z"}
{"level":"info","message":"⌛ Building environment","timeElapsed":406,"timestamp":"2026-09-05T13:49:55.645Z"}
{"level":"info","message":"⌛ Validating clase59.wlk/bebidas.wlk","timeElapsed":231,"timestamp":"2026-09-05T13:49:55.902Z"}
{"level":"info","message":"⌛ Building environment","timeElapsed":134,"timestamp":"2026-09-05T13:49:56.417Z"}
{"level":"info","message":"⌛ Validating clase59.wlk/bebidas.wlk","timeElapsed":210,"timestamp":"2026-09-05T13:49:56.629Z"}
{"level":"info","message":"⌛ Building environment","timeElapsed":136,"timestamp":"2026-09-05T13:50:00.957Z"}
{"level":"info","message":"⌛ Validating clase59.wlk/bebidas.wlk","timeElapsed":186,"timestamp":"2026-09-05T13:50:01.153Z"}
{"level":"info","message":"⌛ Building environment","timeElapsed":345,"timestamp":"2026-09-05T13:50:13.491Z"}
{"level":"info","message":"⌛ Validating clase59.wlk/bebidas.wlk","timeElapsed":223,"timestamp":"2026-09-05T13:50:13.747Z"}
{"level":"info","message":"⌛ Building environment","timeElapsed":180,"timestamp":"2026-09-05T13:50:15.920Z"}
{"level":"info","message":"⌛ Validating clase59.wlk/bebidas.wlk","timeElapsed":240,"timestamp":"2026-09-05T13:50:16.165Z"}
{"level":"info","message":"⌛ Building environment","timeElapsed":697,"timestamp":"2026-09-05T13:50:27.729Z"}
{"level":"info","message":"⌛ Building environment","timeElapsed":394,"timestamp":"2026-09-05T13:50:28.124Z"}
{"level":"info","message":"⌛ Validating clase59.wlk/bebidas.wlk","timeElapsed":440,"timestamp":"2026-09-05T13:50:28.600Z"}
{"level":"info","message":"⌛ Validating clase59.wlk/bebidas.wlk","timeElapsed":282,"timestamp":"2026-09-05T13:50:28.960Z"}
{"level":"info","message":"⌛ Building environment","timeElapsed":351,"timestamp":"2026-09-05T13:50:33.093Z"}
{"level":"error","message":"✘ Completions for node Parameter ([28:33, 28:39] - clase59.wlk/bebidas.wlk) failed: Error: [Parameter]{ad69fa} at clase59.wlk/bebidas.wlk:28 exhausted all cases without a match [Parameter]{ad69fa} at clase59.wlk/bebidas.wlk:28 exhausted all cases without a match","stack":"Error: [Parameter]{ad69fa} at clase59.wlk/bebidas.wlk:28 exhausted all cases without a match\n    at c:\\Users\\elias\\.vscode\\extensions\\uqbar.wollok-lsp-ide-0.5.5\\out\\server\\src\\server.js:38:6142\n    at L2 (c:\\Users\\elias\\.vscode\\extensions\\uqbar.wollok-lsp-ide-0.5.5\\out\\server\\src\\server.js:2421:42)\n    at c:\\Users\\elias\\.vscode\\extensions\\uqbar.wollok-lsp-ide-0.5.5\\out\\server\\src\\server.js:2421:2988\n    at c:\\Users\\elias\\.vscode\\extensions\\uqbar.wollok-lsp-ide-0.5.5\\out\\server\\src\\server.js:2430:8440\n    at c:\\Users\\elias\\.vscode\\extensions\\uqbar.wollok-lsp-ide-0.5.5\\out\\server\\src\\server.js:37:74872\n    at Ke (c:\\Users\\elias\\.vscode\\extensions\\uqbar.wollok-lsp-ide-0.5.5\\out\\server\\src\\server.js:7:8527)\n    at It (c:\\Users\\elias\\.vscode\\extensions\\uqbar.wollok-lsp-ide-0.5.5\\out\\server\\src\\server.js:7:6189)\n    at et (c:\\Users\\elias\\.vscode\\extensions\\uqbar.wollok-lsp-ide-0.5.5\\out\\server\\src\\server.js:7:6378)\n    at Immediate._onImmediate (c:\\Users\\elias\\.vscode\\extensions\\uqbar.wollok-lsp-ide-0.5.5\\out\\server\\src\\server.js:7:6142)\n    at process.processImmediate (node:internal/timers:485:21)","timestamp":"2026-09-05T13:50:33.235Z"}
{"level":"info","message":"⌛ Autocomplete - Parameter","timeElapsed":138,"timestamp":"2026-09-05T13:50:33.280Z"}
{"level":"info","message":"⌛ Validating clase59.wlk/bebidas.wlk","timeElapsed":233,"timestamp":"2026-09-05T13:50:33.658Z"}
{"level":"info","message":"⌛ Building environment","timeElapsed":281,"timestamp":"2026-09-05T13:50:33.940Z"}
{"level":"info","message":"⌛ Building environment","timeElapsed":215,"timestamp":"2026-09-05T13:50:34.177Z"}
{"level":"error","message":"✘ Completions for node Parameter ([28:33, 28:41] - clase59.wlk/bebidas.wlk) failed: Error: [Parameter]{7e4b54} at clase59.wlk/bebidas.wlk:28 exhausted all cases without a match [Parameter]{7e4b54} at clase59.wlk/bebidas.wlk:28 exhausted all cases without a match","stack":"Error: [Parameter]{7e4b54} at clase59.wlk/bebidas.wlk:28 exhausted all cases without a match\n    at c:\\Users\\elias\\.vscode\\extensions\\uqbar.wollok-lsp-ide-0.5.5\\out\\server\\src\\server.js:38:6142\n    at L2 (c:\\Users\\elias\\.vscode\\extensions\\uqbar.wollok-lsp-ide-0.5.5\\out\\server\\src\\server.js:2421:42)\n    at c:\\Users\\elias\\.vscode\\extensions\\uqbar.wollok-lsp-ide-0.5.5\\out\\server\\src\\server.js:2421:2988\n    at c:\\Users\\elias\\.vscode\\extensions\\uqbar.wollok-lsp-ide-0.5.5\\out\\server\\src\\server.js:2430:8440\n    at c:\\Users\\elias\\.vscode\\extensions\\uqbar.wollok-lsp-ide-0.5.5\\out\\server\\src\\server.js:37:74872\n    at Ke (c:\\Users\\elias\\.vscode\\extensions\\uqbar.wollok-lsp-ide-0.5.5\\out\\server\\src\\server.js:7:8527)\n    at It (c:\\Users\\elias\\.vscode\\extensions\\uqbar.wollok-lsp-ide-0.5.5\\out\\server\\src\\server.js:7:6189)\n    at et (c:\\Users\\elias\\.vscode\\extensions\\uqbar.wollok-lsp-ide-0.5.5\\out\\server\\src\\server.js:7:6378)\n    at Immediate._onImmediate (c:\\Users\\elias\\.vscode\\extensions\\uqbar.wollok-lsp-ide-0.5.5\\out\\server\\src\\server.js:7:6142)\n    at process.processImmediate (node:internal/timers:485:21)","timestamp":"2026-09-05T13:50:34.236Z"}
{"level":"info","message":"⌛ Building environment","timeElapsed":356,"timestamp":"2026-09-05T13:50:34.596Z"}
{"level":"info","message":"⌛ Validating clase59.wlk/bebidas.wlk","timeElapsed":471,"timestamp":"2026-09-05T13:50:35.069Z"}
{"level":"info","message":"⌛ Building environment","timeElapsed":246,"timestamp":"2026-09-05T13:50:35.342Z"}
{"level":"info","message":"⌛ Validating clase59.wlk/bebidas.wlk","timeElapsed":191,"timestamp":"2026-09-05T13:50:35.555Z"}
{"level":"info","message":"⌛ Building environment","timeElapsed":158,"timestamp":"2026-09-05T13:50:35.726Z"}
{"level":"error","message":"✘ Completions for node Parameter ([28:33, 28:44] - clase59.wlk/bebidas.wlk) failed: Error: [Parameter]{30c4e8} at clase59.wlk/bebidas.wlk:28 exhausted all cases without a match [Parameter]{30c4e8} at clase59.wlk/bebidas.wlk:28 exhausted all cases without a match","stack":"Error: [Parameter]{30c4e8} at clase59.wlk/bebidas.wlk:28 exhausted all cases without a match\n    at c:\\Users\\elias\\.vscode\\extensions\\uqbar.wollok-lsp-ide-0.5.5\\out\\server\\src\\server.js:38:6142\n    at L2 (c:\\Users\\elias\\.vscode\\extensions\\uqbar.wollok-lsp-ide-0.5.5\\out\\server\\src\\server.js:2421:42)\n    at c:\\Users\\elias\\.vscode\\extensions\\uqbar.wollok-lsp-ide-0.5.5\\out\\server\\src\\server.js:2421:2988\n    at c:\\Users\\elias\\.vscode\\extensions\\uqbar.wollok-lsp-ide-0.5.5\\out\\server\\src\\server.js:2430:8440\n    at c:\\Users\\elias\\.vscode\\extensions\\uqbar.wollok-lsp-ide-0.5.5\\out\\server\\src\\server.js:37:74872\n    at Ke (c:\\Users\\elias\\.vscode\\extensions\\uqbar.wollok-lsp-ide-0.5.5\\out\\server\\src\\server.js:7:8527)\n    at It (c:\\Users\\elias\\.vscode\\extensions\\uqbar.wollok-lsp-ide-0.5.5\\out\\server\\src\\server.js:7:6189)\n    at et (c:\\Users\\elias\\.vscode\\extensions\\uqbar.wollok-lsp-ide-0.5.5\\out\\server\\src\\server.js:7:6378)\n    at Immediate._onImmediate (c:\\Users\\elias\\.vscode\\extensions\\uqbar.wollok-lsp-ide-0.5.5\\out\\server\\src\\server.js:7:6142)\n    at process.processImmediate (node:internal/timers:485:21)","timestamp":"2026-09-05T13:50:35.782Z"}
{"level":"info","message":"⌛ Validating clase59.wlk/bebidas.wlk","timeElapsed":247,"timestamp":"2026-09-05T13:50:36.038Z"}
{"level":"info","message":"⌛ Validating clase59.wlk/bebidas.wlk","timeElapsed":256,"timestamp":"2026-09-05T13:50:36.335Z"}
{"level":"info","message":"⌛ Building environment","timeElapsed":322,"timestamp":"2026-09-05T13:50:36.665Z"}
{"level":"error","message":"✘ Completions for node Parameter ([28:33, 28:43] - clase59.wlk/bebidas.wlk) failed: Error: [Parameter]{e07c1b} at clase59.wlk/bebidas.wlk:28 exhausted all cases without a match [Parameter]{e07c1b} at clase59.wlk/bebidas.wlk:28 exhausted all cases without a match","stack":"Error: [Parameter]{e07c1b} at clase59.wlk/bebidas.wlk:28 exhausted all cases without a match\n    at c:\\Users\\elias\\.vscode\\extensions\\uqbar.wollok-lsp-ide-0.5.5\\out\\server\\src\\server.js:38:6142\n    at L2 (c:\\Users\\elias\\.vscode\\extensions\\uqbar.wollok-lsp-ide-0.5.5\\out\\server\\src\\server.js:2421:42)\n    at c:\\Users\\elias\\.vscode\\extensions\\uqbar.wollok-lsp-ide-0.5.5\\out\\server\\src\\server.js:2421:2988\n    at c:\\Users\\elias\\.vscode\\extensions\\uqbar.wollok-lsp-ide-0.5.5\\out\\server\\src\\server.js:2430:8440\n    at c:\\Users\\elias\\.vscode\\extensions\\uqbar.wollok-lsp-ide-0.5.5\\out\\server\\src\\server.js:37:74872\n    at Ke (c:\\Users\\elias\\.vscode\\extensions\\uqbar.wollok-lsp-ide-0.5.5\\out\\server\\src\\server.js:7:8527)\n    at It (c:\\Users\\elias\\.vscode\\extensions\\uqbar.wollok-lsp-ide-0.5.5\\out\\server\\src\\server.js:7:6189)\n    at et (c:\\Users\\elias\\.vscode\\extensions\\uqbar.wollok-lsp-ide-0.5.5\\out\\server\\src\\server.js:7:6378)\n    at Immediate._onImmediate (c:\\Users\\elias\\.vscode\\extensions\\uqbar.wollok-lsp-ide-0.5.5\\out\\server\\src\\server.js:7:6142)\n    at process.processImmediate (node:internal/timers:485:21)","timestamp":"2026-09-05T13:50:36.763Z"}
{"level":"info","message":"⌛ Validating clase59.wlk/bebidas.wlk","timeElapsed":344,"timestamp":"2026-09-05T13:50:37.136Z"}
{"level":"info","message":"⌛ Building environment","timeElapsed":296,"timestamp":"2026-09-05T13:50:37.454Z"}
{"level":"info","message":"⌛ Building environment","timeElapsed":341,"timestamp":"2026-09-05T13:50:37.832Z"}
{"level":"info","message":"⌛ Building environment","timeElapsed":412,"timestamp":"2026-09-05T13:50:38.261Z"}
{"level":"info","message":"⌛ Building environment","timeElapsed":284,"timestamp":"2026-09-05T13:50:38.546Z"}
{"level":"info","message":"⌛ Validating clase59.wlk/bebidas.wlk","timeElapsed":464,"timestamp":"2026-09-05T13:50:39.038Z"}
{"level":"info","message":"⌛ Validating clase59.wlk/bebidas.wlk","timeElapsed":634,"timestamp":"2026-09-05T13:50:39.695Z"}
{"level":"info","message":"⌛ Validating clase59.wlk/bebidas.wlk","timeElapsed":531,"timestamp":"2026-09-05T13:50:40.227Z"}
{"level":"info","message":"⌛ Validating clase59.wlk/bebidas.wlk","timeElapsed":473,"timestamp":"2026-09-05T13:50:40.749Z"}
{"level":"info","message":"⌛ Validating clase59.wlk/bebidas.wlk","timeElapsed":359,"timestamp":"2026-09-05T13:50:41.121Z"}
{"level":"info","message":"⌛ Building environment","timeElapsed":429,"timestamp":"2026-09-05T13:50:41.958Z"}
{"level":"info","message":"⌛ Validating clase59.wlk/bebidas.wlk","timeElapsed":353,"timestamp":"2026-09-05T13:50:42.395Z"}
{"level":"info","message":"⌛ Building environment","timeElapsed":156,"timestamp":"2026-09-05T13:50:43.661Z"}
{"level":"info","message":"⌛ Validating clase59.wlk/bebidas.wlk","timeElapsed":384,"timestamp":"2026-09-05T13:50:44.047Z"}
{"level":"info","message":"⌛ Building environment","timeElapsed":291,"timestamp":"2026-09-05T13:50:44.339Z"}
{"level":"info","message":"⌛ Validating clase59.wlk/bebidas.wlk","timeElapsed":313,"timestamp":"2026-09-05T13:50:44.671Z"}
{"level":"info","message":"⌛ Building environment","timeElapsed":287,"timestamp":"2026-09-05T13:50:50.262Z"}
{"level":"error","message":"✘ Completions for node Parameter ([27:33, 27:48] - clase59.wlk/bebidas.wlk) failed: Error: [Parameter]{265e84} at clase59.wlk/bebidas.wlk:27 exhausted all cases without a match [Parameter]{265e84} at clase59.wlk/bebidas.wlk:27 exhausted all cases without a match","stack":"Error: [Parameter]{265e84} at clase59.wlk/bebidas.wlk:27 exhausted all cases without a match\n    at c:\\Users\\elias\\.vscode\\extensions\\uqbar.wollok-lsp-ide-0.5.5\\out\\server\\src\\server.js:38:6142\n    at L2 (c:\\Users\\elias\\.vscode\\extensions\\uqbar.wollok-lsp-ide-0.5.5\\out\\server\\src\\server.js:2421:42)\n    at c:\\Users\\elias\\.vscode\\extensions\\uqbar.wollok-lsp-ide-0.5.5\\out\\server\\src\\server.js:2421:2988\n    at c:\\Users\\elias\\.vscode\\extensions\\uqbar.wollok-lsp-ide-0.5.5\\out\\server\\src\\server.js:2430:8440\n    at c:\\Users\\elias\\.vscode\\extensions\\uqbar.wollok-lsp-ide-0.5.5\\out\\server\\src\\server.js:37:74872\n    at Ke (c:\\Users\\elias\\.vscode\\extensions\\uqbar.wollok-lsp-ide-0.5.5\\out\\server\\src\\server.js:7:8527)\n    at It (c:\\Users\\elias\\.vscode\\extensions\\uqbar.wollok-lsp-ide-0.5.5\\out\\server\\src\\server.js:7:6189)\n    at et (c:\\Users\\elias\\.vscode\\extensions\\uqbar.wollok-lsp-ide-0.5.5\\out\\server\\src\\server.js:7:6378)\n    at Immediate._onImmediate (c:\\Users\\elias\\.vscode\\extensions\\uqbar.wollok-lsp-ide-0.5.5\\out\\server\\src\\server.js:7:6142)\n    at process.processImmediate (node:internal/timers:485:21)","timestamp":"2026-09-05T13:50:50.361Z"}
{"level":"info","message":"⌛ Validating clase59.wlk/bebidas.wlk","timeElapsed":289,"timestamp":"2026-09-05T13:50:50.659Z"}
{"level":"info","message":"⌛ Building environment","timeElapsed":283,"timestamp":"2026-09-05T13:50:50.947Z"}
{"level":"error","message":"✘ Completions for node Parameter ([27:33, 27:49] - clase59.wlk/bebidas.wlk) failed: Error: [Parameter]{8f8303} at clase59.wlk/bebidas.wlk:27 exhausted all cases without a match [Parameter]{8f8303} at clase59.wlk/bebidas.wlk:27 exhausted all cases without a match","stack":"Error: [Parameter]{8f8303} at clase59.wlk/bebidas.wlk:27 exhausted all cases without a match\n    at c:\\Users\\elias\\.vscode\\extensions\\uqbar.wollok-lsp-ide-0.5.5\\out\\server\\src\\server.js:38:6142\n    at L2 (c:\\Users\\elias\\.vscode\\extensions\\uqbar.wollok-lsp-ide-0.5.5\\out\\server\\src\\server.js:2421:42)\n    at c:\\Users\\elias\\.vscode\\extensions\\uqbar.wollok-lsp-ide-0.5.5\\out\\server\\src\\server.js:2421:2988\n    at c:\\Users\\elias\\.vscode\\extensions\\uqbar.wollok-lsp-ide-0.5.5\\out\\server\\src\\server.js:2430:8440\n    at c:\\Users\\elias\\.vscode\\extensions\\uqbar.wollok-lsp-ide-0.5.5\\out\\server\\src\\server.js:37:74872\n    at Ke (c:\\Users\\elias\\.vscode\\extensions\\uqbar.wollok-lsp-ide-0.5.5\\out\\server\\src\\server.js:7:8527)\n    at It (c:\\Users\\elias\\.vscode\\extensions\\uqbar.wollok-lsp-ide-0.5.5\\out\\server\\src\\server.js:7:6189)\n    at et (c:\\Users\\elias\\.vscode\\extensions\\uqbar.wollok-lsp-ide-0.5.5\\out\\server\\src\\server.js:7:6378)\n    at Immediate._onImmediate (c:\\Users\\elias\\.vscode\\extensions\\uqbar.wollok-lsp-ide-0.5.5\\out\\server\\src\\server.js:7:6142)\n    at process.processImmediate (node:internal/timers:485:21)","timestamp":"2026-09-05T13:50:51.047Z"}
{"level":"info","message":"⌛ Validating clase59.wlk/bebidas.wlk","timeElapsed":213,"timestamp":"2026-09-05T13:50:51.272Z"}
{"level":"info","message":"⌛ Building environment","timeElapsed":138,"timestamp":"2026-09-05T13:50:51.411Z"}
{"level":"info","message":"⌛ Building environment","timeElapsed":171,"timestamp":"2026-09-05T13:50:51.610Z"}
{"level":"error","message":"✘ Completions for node Parameter ([27:33, 27:51] - clase59.wlk/bebidas.wlk) failed: Error: [Parameter]{fedbf0} at clase59.wlk/bebidas.wlk:27 exhausted all cases without a match [Parameter]{fedbf0} at clase59.wlk/bebidas.wlk:27 exhausted all cases without a match","stack":"Error: [Parameter]{fedbf0} at clase59.wlk/bebidas.wlk:27 exhausted all cases without a match\n    at c:\\Users\\elias\\.vscode\\extensions\\uqbar.wollok-lsp-ide-0.5.5\\out\\server\\src\\server.js:38:6142\n    at L2 (c:\\Users\\elias\\.vscode\\extensions\\uqbar.wollok-lsp-ide-0.5.5\\out\\server\\src\\server.js:2421:42)\n    at c:\\Users\\elias\\.vscode\\extensions\\uqbar.wollok-lsp-ide-0.5.5\\out\\server\\src\\server.js:2421:2988\n    at c:\\Users\\elias\\.vscode\\extensions\\uqbar.wollok-lsp-ide-0.5.5\\out\\server\\src\\server.js:2430:8440\n    at c:\\Users\\elias\\.vscode\\extensions\\uqbar.wollok-lsp-ide-0.5.5\\out\\server\\src\\server.js:37:74872\n    at Ke (c:\\Users\\elias\\.vscode\\extensions\\uqbar.wollok-lsp-ide-0.5.5\\out\\server\\src\\server.js:7:8527)\n    at It (c:\\Users\\elias\\.vscode\\extensions\\uqbar.wollok-lsp-ide-0.5.5\\out\\server\\src\\server.js:7:6189)\n    at et (c:\\Users\\elias\\.vscode\\extensions\\uqbar.wollok-lsp-ide-0.5.5\\out\\server\\src\\server.js:7:6378)\n    at Immediate._onImmediate (c:\\Users\\elias\\.vscode\\extensions\\uqbar.wollok-lsp-ide-0.5.5\\out\\server\\src\\server.js:7:6142)\n    at process.processImmediate (node:internal/timers:485:21)","timestamp":"2026-09-05T13:50:51.647Z"}
{"level":"info","message":"⌛ Validating clase59.wlk/bebidas.wlk","timeElapsed":149,"timestamp":"2026-09-05T13:50:51.820Z"}
{"level":"info","message":"⌛ Validating clase59.wlk/bebidas.wlk","timeElapsed":204,"timestamp":"2026-09-05T13:50:52.028Z"}
{"level":"info","message":"⌛ Building environment","timeElapsed":188,"timestamp":"2026-09-05T13:50:54.864Z"}
{"level":"error","message":"✘ Completions for node Parameter ([27:33, 27:52] - clase59.wlk/bebidas.wlk) failed: Error: [Parameter]{c655eb} at clase59.wlk/bebidas.wlk:27 exhausted all cases without a match [Parameter]{c655eb} at clase59.wlk/bebidas.wlk:27 exhausted all cases without a match","stack":"Error: [Parameter]{c655eb} at clase59.wlk/bebidas.wlk:27 exhausted all cases without a match\n    at c:\\Users\\elias\\.vscode\\extensions\\uqbar.wollok-lsp-ide-0.5.5\\out\\server\\src\\server.js:38:6142\n    at L2 (c:\\Users\\elias\\.vscode\\extensions\\uqbar.wollok-lsp-ide-0.5.5\\out\\server\\src\\server.js:2421:42)\n    at c:\\Users\\elias\\.vscode\\extensions\\uqbar.wollok-lsp-ide-0.5.5\\out\\server\\src\\server.js:2421:2988\n    at c:\\Users\\elias\\.vscode\\extensions\\uqbar.wollok-lsp-ide-0.5.5\\out\\server\\src\\server.js:2430:8440\n    at c:\\Users\\elias\\.vscode\\extensions\\uqbar.wollok-lsp-ide-0.5.5\\out\\server\\src\\server.js:37:74872\n    at Ke (c:\\Users\\elias\\.vscode\\extensions\\uqbar.wollok-lsp-ide-0.5.5\\out\\server\\src\\server.js:7:8527)\n    at It (c:\\Users\\elias\\.vscode\\extensions\\uqbar.wollok-lsp-ide-0.5.5\\out\\server\\src\\server.js:7:6189)\n    at et (c:\\Users\\elias\\.vscode\\extensions\\uqbar.wollok-lsp-ide-0.5.5\\out\\server\\src\\server.js:7:6378)\n    at Immediate._onImmediate (c:\\Users\\elias\\.vscode\\extensions\\uqbar.wollok-lsp-ide-0.5.5\\out\\server\\src\\server.js:7:6142)\n    at process.processImmediate (node:internal/timers:485:21)","timestamp":"2026-09-05T13:50:54.924Z"}
{"level":"info","message":"⌛ Building environment","timeElapsed":217,"timestamp":"2026-09-05T13:50:55.147Z"}
{"level":"info","message":"⌛ Validating clase59.wlk/bebidas.wlk","timeElapsed":269,"timestamp":"2026-09-05T13:50:55.428Z"}
{"level":"info","message":"⌛ Validating clase59.wlk/bebidas.wlk","timeElapsed":238,"timestamp":"2026-09-05T13:50:55.680Z"}
{"level":"info","message":"⌛ Building environment","timeElapsed":148,"timestamp":"2026-09-05T13:50:59.387Z"}
{"level":"error","message":"✘ Completions for node Parameter ([34:34, 34:49] - clase59.wlk/bebidas.wlk) failed: Error: [Parameter]{67fb2c} at clase59.wlk/bebidas.wlk:34 exhausted all cases without a match [Parameter]{67fb2c} at clase59.wlk/bebidas.wlk:34 exhausted all cases without a match","stack":"Error: [Parameter]{67fb2c} at clase59.wlk/bebidas.wlk:34 exhausted all cases without a match\n    at c:\\Users\\elias\\.vscode\\extensions\\uqbar.wollok-lsp-ide-0.5.5\\out\\server\\src\\server.js:38:6142\n    at L2 (c:\\Users\\elias\\.vscode\\extensions\\uqbar.wollok-lsp-ide-0.5.5\\out\\server\\src\\server.js:2421:42)\n    at c:\\Users\\elias\\.vscode\\extensions\\uqbar.wollok-lsp-ide-0.5.5\\out\\server\\src\\server.js:2421:2988\n    at c:\\Users\\elias\\.vscode\\extensions\\uqbar.wollok-lsp-ide-0.5.5\\out\\server\\src\\server.js:2430:8440\n    at c:\\Users\\elias\\.vscode\\extensions\\uqbar.wollok-lsp-ide-0.5.5\\out\\server\\src\\server.js:37:74872\n    at Ke (c:\\Users\\elias\\.vscode\\extensions\\uqbar.wollok-lsp-ide-0.5.5\\out\\server\\src\\server.js:7:8527)\n    at It (c:\\Users\\elias\\.vscode\\extensions\\uqbar.wollok-lsp-ide-0.5.5\\out\\server\\src\\server.js:7:6189)\n    at et (c:\\Users\\elias\\.vscode\\extensions\\uqbar.wollok-lsp-ide-0.5.5\\out\\server\\src\\server.js:7:6378)\n    at Immediate._onImmediate (c:\\Users\\elias\\.vscode\\extensions\\uqbar.wollok-lsp-ide-0.5.5\\out\\server\\src\\server.js:7:6142)\n    at process.processImmediate (node:internal/timers:485:21)","timestamp":"2026-09-05T13:50:59.433Z"}
{"level":"info","message":"⌛ Validating clase59.wlk/bebidas.wlk","timeElapsed":200,"timestamp":"2026-09-05T13:50:59.637Z"}
{"level":"info","message":"⌛ Building environment","timeElapsed":251,"timestamp":"2026-09-05T13:51:00.285Z"}
{"level":"error","message":"✘ Completions for node Parameter ([34:34, 34:50] - clase59.wlk/bebidas.wlk) failed: Error: [Parameter]{2cb982} at clase59.wlk/bebidas.wlk:34 exhausted all cases without a match [Parameter]{2cb982} at clase59.wlk/bebidas.wlk:34 exhausted all cases without a match","stack":"Error: [Parameter]{2cb982} at clase59.wlk/bebidas.wlk:34 exhausted all cases without a match\n    at c:\\Users\\elias\\.vscode\\extensions\\uqbar.wollok-lsp-ide-0.5.5\\out\\server\\src\\server.js:38:6142\n    at L2 (c:\\Users\\elias\\.vscode\\extensions\\uqbar.wollok-lsp-ide-0.5.5\\out\\server\\src\\server.js:2421:42)\n    at c:\\Users\\elias\\.vscode\\extensions\\uqbar.wollok-lsp-ide-0.5.5\\out\\server\\src\\server.js:2421:2988\n    at c:\\Users\\elias\\.vscode\\extensions\\uqbar.wollok-lsp-ide-0.5.5\\out\\server\\src\\server.js:2430:8440\n    at c:\\Users\\elias\\.vscode\\extensions\\uqbar.wollok-lsp-ide-0.5.5\\out\\server\\src\\server.js:37:74872\n    at Ke (c:\\Users\\elias\\.vscode\\extensions\\uqbar.wollok-lsp-ide-0.5.5\\out\\server\\src\\server.js:7:8527)\n    at It (c:\\Users\\elias\\.vscode\\extensions\\uqbar.wollok-lsp-ide-0.5.5\\out\\server\\src\\server.js:7:6189)\n    at et (c:\\Users\\elias\\.vscode\\extensions\\uqbar.wollok-lsp-ide-0.5.5\\out\\server\\src\\server.js:7:6378)\n    at Immediate._onImmediate (c:\\Users\\elias\\.vscode\\extensions\\uqbar.wollok-lsp-ide-0.5.5\\out\\server\\src\\server.js:7:6142)\n    at process.processImmediate (node:internal/timers:485:21)","timestamp":"2026-09-05T13:51:00.430Z"}
{"level":"info","message":"⌛ Building environment","timeElapsed":217,"timestamp":"2026-09-05T13:51:00.659Z"}
{"level":"info","message":"⌛ Validating clase59.wlk/bebidas.wlk","timeElapsed":316,"timestamp":"2026-09-05T13:51:01.008Z"}
{"level":"info","message":"⌛ Building environment","timeElapsed":273,"timestamp":"2026-09-05T13:51:01.282Z"}
{"level":"error","message":"✘ Completions for node Parameter ([34:34, 34:52] - clase59.wlk/bebidas.wlk) failed: Error: [Parameter]{8c1dba} at clase59.wlk/bebidas.wlk:34 exhausted all cases without a match [Parameter]{8c1dba} at clase59.wlk/bebidas.wlk:34 exhausted all cases without a match","stack":"Error: [Parameter]{8c1dba} at clase59.wlk/bebidas.wlk:34 exhausted all cases without a match\n    at c:\\Users\\elias\\.vscode\\extensions\\uqbar.wollok-lsp-ide-0.5.5\\out\\server\\src\\server.js:38:6142\n    at L2 (c:\\Users\\elias\\.vscode\\extensions\\uqbar.wollok-lsp-ide-0.5.5\\out\\server\\src\\server.js:2421:42)\n    at c:\\Users\\elias\\.vscode\\extensions\\uqbar.wollok-lsp-ide-0.5.5\\out\\server\\src\\server.js:2421:2988\n    at c:\\Users\\elias\\.vscode\\extensions\\uqbar.wollok-lsp-ide-0.5.5\\out\\server\\src\\server.js:2430:8440\n    at c:\\Users\\elias\\.vscode\\extensions\\uqbar.wollok-lsp-ide-0.5.5\\out\\server\\src\\server.js:37:74872\n    at Ke (c:\\Users\\elias\\.vscode\\extensions\\uqbar.wollok-lsp-ide-0.5.5\\out\\server\\src\\server.js:7:8527)\n    at It (c:\\Users\\elias\\.vscode\\extensions\\uqbar.wollok-lsp-ide-0.5.5\\out\\server\\src\\server.js:7:6189)\n    at et (c:\\Users\\elias\\.vscode\\extensions\\uqbar.wollok-lsp-ide-0.5.5\\out\\server\\src\\server.js:7:6378)\n    at Immediate._onImmediate (c:\\Users\\elias\\.vscode\\extensions\\uqbar.wollok-lsp-ide-0.5.5\\out\\server\\src\\server.js:7:6142)\n    at process.processImmediate (node:internal/timers:485:21)","timestamp":"2026-09-05T13:51:01.388Z"}
{"level":"info","message":"⌛ Building environment","timeElapsed":174,"timestamp":"2026-09-05T13:51:01.570Z"}
{"level":"info","message":"⌛ Validating clase59.wlk/bebidas.wlk","timeElapsed":326,"timestamp":"2026-09-05T13:51:01.904Z"}
{"level":"info","message":"⌛ Building environment","timeElapsed":469,"timestamp":"2026-09-05T13:51:02.406Z"}
{"level":"info","message":"⌛ Validating clase59.wlk/bebidas.wlk","timeElapsed":275,"timestamp":"2026-09-05T13:51:02.697Z"}
{"level":"info","message":"⌛ Validating clase59.wlk/bebidas.wlk","timeElapsed":235,"timestamp":"2026-09-05T13:51:02.934Z"}
{"level":"info","message":"⌛ Validating clase59.wlk/bebidas.wlk","timeElapsed":241,"timestamp":"2026-09-05T13:51:03.177Z"}
{"level":"info","message":"⌛ Building environment","timeElapsed":153,"timestamp":"2026-09-05T13:51:04.917Z"}
{"level":"error","message":"✘ Completions for node Send ([35:16, 35:37] - clase59.wlk/bebidas.wlk) failed: Error: [Send]{2e9f02} at clase59.wlk/bebidas.wlk:35 exhausted all cases without a match [Send]{2e9f02} at clase59.wlk/bebidas.wlk:35 exhausted all cases without a match","stack":"Error: [Send]{2e9f02} at clase59.wlk/bebidas.wlk:35 exhausted all cases without a match\n    at c:\\Users\\elias\\.vscode\\extensions\\uqbar.wollok-lsp-ide-0.5.5\\out\\server\\src\\server.js:38:6142\n    at L2 (c:\\Users\\elias\\.vscode\\extensions\\uqbar.wollok-lsp-ide-0.5.5\\out\\server\\src\\server.js:2421:42)\n    at Jh (c:\\Users\\elias\\.vscode\\extensions\\uqbar.wollok-lsp-ide-0.5.5\\out\\server\\src\\server.js:2421:1092)\n    at w5n (c:\\Users\\elias\\.vscode\\extensions\\uqbar.wollok-lsp-ide-0.5.5\\out\\server\\src\\server.js:2421:1248)\n    at c:\\Users\\elias\\.vscode\\extensions\\uqbar.wollok-lsp-ide-0.5.5\\out\\server\\src\\server.js:38:6131\n    at L2 (c:\\Users\\elias\\.vscode\\extensions\\uqbar.wollok-lsp-ide-0.5.5\\out\\server\\src\\server.js:2421:42)\n    at c:\\Users\\elias\\.vscode\\extensions\\uqbar.wollok-lsp-ide-0.5.5\\out\\server\\src\\server.js:2421:2988\n    at c:\\Users\\elias\\.vscode\\extensions\\uqbar.wollok-lsp-ide-0.5.5\\out\\server\\src\\server.js:2430:8440\n    at c:\\Users\\elias\\.vscode\\extensions\\uqbar.wollok-lsp-ide-0.5.5\\out\\server\\src\\server.js:37:74872\n    at Ke (c:\\Users\\elias\\.vscode\\extensions\\uqbar.wollok-lsp-ide-0.5.5\\out\\server\\src\\server.js:7:8527)","timestamp":"2026-09-05T13:51:04.985Z"}
{"level":"error","message":"✘ Completions for node Return ([35:9, 35:37] - clase59.wlk/bebidas.wlk) failed: Error: [Return]{8c1dda} at clase59.wlk/bebidas.wlk:35 exhausted all cases without a match [Return]{8c1dda} at clase59.wlk/bebidas.wlk:35 exhausted all cases without a match","stack":"Error: [Return]{8c1dda} at clase59.wlk/bebidas.wlk:35 exhausted all cases without a match\n    at c:\\Users\\elias\\.vscode\\extensions\\uqbar.wollok-lsp-ide-0.5.5\\out\\server\\src\\server.js:38:6142\n    at L2 (c:\\Users\\elias\\.vscode\\extensions\\uqbar.wollok-lsp-ide-0.5.5\\out\\server\\src\\server.js:2421:42)\n    at Jh (c:\\Users\\elias\\.vscode\\extensions\\uqbar.wollok-lsp-ide-0.5.5\\out\\server\\src\\server.js:2421:1092)\n    at L2 (c:\\Users\\elias\\.vscode\\extensions\\uqbar.wollok-lsp-ide-0.5.5\\out\\server\\src\\server.js:2421:544)\n    at Jh (c:\\Users\\elias\\.vscode\\extensions\\uqbar.wollok-lsp-ide-0.5.5\\out\\server\\src\\server.js:2421:1092)\n    at w5n (c:\\Users\\elias\\.vscode\\extensions\\uqbar.wollok-lsp-ide-0.5.5\\out\\server\\src\\server.js:2421:1248)\n    at c:\\Users\\elias\\.vscode\\extensions\\uqbar.wollok-lsp-ide-0.5.5\\out\\server\\src\\server.js:38:6131\n    at L2 (c:\\Users\\elias\\.vscode\\extensions\\uqbar.wollok-lsp-ide-0.5.5\\out\\server\\src\\server.js:2421:42)\n    at c:\\Users\\elias\\.vscode\\extensions\\uqbar.wollok-lsp-ide-0.5.5\\out\\server\\src\\server.js:2421:2988\n    at c:\\Users\\elias\\.vscode\\extensions\\uqbar.wollok-lsp-ide-0.5.5\\out\\server\\src\\server.js:2430:8440","timestamp":"2026-09-05T13:51:04.985Z"}
{"level":"info","message":"⌛ Validating clase59.wlk/bebidas.wlk","timeElapsed":332,"timestamp":"2026-09-05T13:51:05.331Z"}
{"level":"info","message":"⌛ Building environment","timeElapsed":588,"timestamp":"2026-09-05T13:51:07.153Z"}
{"level":"info","message":"⌛ Validating clase59.wlk/bebidas.wlk","timeElapsed":493,"timestamp":"2026-09-05T13:51:07.657Z"}
{"level":"info","message":"⌛ Building environment","timeElapsed":186,"timestamp":"2026-09-05T13:51:09.929Z"}
{"level":"error","message":"✘ Completions for node Send ([28:16, 28:38] - clase59.wlk/bebidas.wlk) failed: Error: [Send]{9256dd} at clase59.wlk/bebidas.wlk:28 exhausted all cases without a match [Send]{9256dd} at clase59.wlk/bebidas.wlk:28 exhausted all cases without a match","stack":"Error: [Send]{9256dd} at clase59.wlk/bebidas.wlk:28 exhausted all cases without a match\n    at c:\\Users\\elias\\.vscode\\extensions\\uqbar.wollok-lsp-ide-0.5.5\\out\\server\\src\\server.js:38:6142\n    at L2 (c:\\Users\\elias\\.vscode\\extensions\\uqbar.wollok-lsp-ide-0.5.5\\out\\server\\src\\server.js:2421:42)\n    at Jh (c:\\Users\\elias\\.vscode\\extensions\\uqbar.wollok-lsp-ide-0.5.5\\out\\server\\src\\server.js:2421:1092)\n    at w5n (c:\\Users\\elias\\.vscode\\extensions\\uqbar.wollok-lsp-ide-0.5.5\\out\\server\\src\\server.js:2421:1248)\n    at c:\\Users\\elias\\.vscode\\extensions\\uqbar.wollok-lsp-ide-0.5.5\\out\\server\\src\\server.js:38:6131\n    at L2 (c:\\Users\\elias\\.vscode\\extensions\\uqbar.wollok-lsp-ide-0.5.5\\out\\server\\src\\server.js:2421:42)\n    at c:\\Users\\elias\\.vscode\\extensions\\uqbar.wollok-lsp-ide-0.5.5\\out\\server\\src\\server.js:2421:2988\n    at c:\\Users\\elias\\.vscode\\extensions\\uqbar.wollok-lsp-ide-0.5.5\\out\\server\\src\\server.js:2430:8440\n    at c:\\Users\\elias\\.vscode\\extensions\\uqbar.wollok-lsp-ide-0.5.5\\out\\server\\src\\server.js:37:74872\n    at Ke (c:\\Users\\elias\\.vscode\\extensions\\uqbar.wollok-lsp-ide-0.5.5\\out\\server\\src\\server.js:7:8527)","timestamp":"2026-09-05T13:51:09.991Z"}
{"level":"error","message":"✘ Completions for node Return ([28:9, 28:38] - clase59.wlk/bebidas.wlk) failed: Error: [Return]{4bbbcd} at clase59.wlk/bebidas.wlk:28 exhausted all cases without a match [Return]{4bbbcd} at clase59.wlk/bebidas.wlk:28 exhausted all cases without a match","stack":"Error: [Return]{4bbbcd} at clase59.wlk/bebidas.wlk:28 exhausted all cases without a match\n    at c:\\Users\\elias\\.vscode\\extensions\\uqbar.wollok-lsp-ide-0.5.5\\out\\server\\src\\server.js:38:6142\n    at L2 (c:\\Users\\elias\\.vscode\\extensions\\uqbar.wollok-lsp-ide-0.5.5\\out\\server\\src\\server.js:2421:42)\n    at Jh (c:\\Users\\elias\\.vscode\\extensions\\uqbar.wollok-lsp-ide-0.5.5\\out\\server\\src\\server.js:2421:1092)\n    at L2 (c:\\Users\\elias\\.vscode\\extensions\\uqbar.wollok-lsp-ide-0.5.5\\out\\server\\src\\server.js:2421:544)\n    at Jh (c:\\Users\\elias\\.vscode\\extensions\\uqbar.wollok-lsp-ide-0.5.5\\out\\server\\src\\server.js:2421:1092)\n    at w5n (c:\\Users\\elias\\.vscode\\extensions\\uqbar.wollok-lsp-ide-0.5.5\\out\\server\\src\\server.js:2421:1248)\n    at c:\\Users\\elias\\.vscode\\extensions\\uqbar.wollok-lsp-ide-0.5.5\\out\\server\\src\\server.js:38:6131\n    at L2 (c:\\Users\\elias\\.vscode\\extensions\\uqbar.wollok-lsp-ide-0.5.5\\out\\server\\src\\server.js:2421:42)\n    at c:\\Users\\elias\\.vscode\\extensions\\uqbar.wollok-lsp-ide-0.5.5\\out\\server\\src\\server.js:2421:2988\n    at c:\\Users\\elias\\.vscode\\extensions\\uqbar.wollok-lsp-ide-0.5.5\\out\\server\\src\\server.js:2430:8440","timestamp":"2026-09-05T13:51:09.992Z"}
{"level":"info","message":"⌛ Validating clase59.wlk/bebidas.wlk","timeElapsed":285,"timestamp":"2026-09-05T13:51:10.283Z"}
{"level":"info","message":"⌛ Building environment","timeElapsed":208,"timestamp":"2026-09-05T13:51:11.126Z"}
{"level":"info","message":"⌛ Validating clase59.wlk/bebidas.wlk","timeElapsed":234,"timestamp":"2026-09-05T13:51:11.374Z"}
{"level":"info","message":"⌛ Building environment","timeElapsed":228,"timestamp":"2026-09-05T13:53:11.136Z"}
{"level":"info","message":"⌛ Validating clase59.wlk/bebidas.wlk","timeElapsed":418,"timestamp":"2026-09-05T13:53:11.568Z"}
{"level":"info","message":"⌛ Building environment","timeElapsed":201,"timestamp":"2026-09-05T13:53:11.787Z"}
{"level":"info","message":"⌛ Validating clase59.wlk/bebidas.wlk","timeElapsed":224,"timestamp":"2026-09-05T13:53:12.030Z"}
{"level":"info","message":"⌛ Building environment","timeElapsed":187,"timestamp":"2026-09-05T13:53:13.238Z"}
{"level":"info","message":"⌛ Validating clase59.wlk/bebidas.wlk","timeElapsed":229,"timestamp":"2026-09-05T13:53:13.470Z"}
{"level":"info","message":"⌛ Building environment","timeElapsed":216,"timestamp":"2026-09-05T13:53:18.296Z"}
{"level":"info","message":"⌛ Validating clase59.wlk/bebidas.wlk","timeElapsed":200,"timestamp":"2026-09-05T13:53:18.507Z"}
{"level":"info","message":"⌛ Building environment","timeElapsed":173,"timestamp":"2026-09-05T13:53:19.285Z"}
{"level":"info","message":"⌛ Validating clase59.wlk/bebidas.wlk","timeElapsed":269,"timestamp":"2026-09-05T13:53:19.710Z"}
{"level":"info","message":"⌛ Building environment","timeElapsed":194,"timestamp":"2026-09-05T13:53:19.906Z"}
{"level":"info","message":"⌛ Building environment","timeElapsed":170,"timestamp":"2026-09-05T13:53:20.096Z"}
{"level":"info","message":"⌛ Building environment","timeElapsed":432,"timestamp":"2026-09-05T13:53:20.538Z"}
{"level":"info","message":"⌛ Validating clase59.wlk/bebidas.wlk","timeElapsed":268,"timestamp":"2026-09-05T13:53:20.808Z"}
{"level":"info","message":"⌛ Building environment","timeElapsed":278,"timestamp":"2026-09-05T13:53:21.119Z"}
{"level":"info","message":"⌛ Validating clase59.wlk/bebidas.wlk","timeElapsed":208,"timestamp":"2026-09-05T13:53:21.344Z"}
{"level":"error","message":"✘ Failed to rebuild document Failed to parse clase59.wlk/bebidas.wlk: \n-- PARSING FAILED --------------------------------------------------\n\n  24 |          * 430 / peso\n  25 |     }\n> 26 | }\n     | ^\n  27 | \n  28 | \n\nExpected one of the following: \n\n' ', '@', 'class', 'const', 'describe', 'mixin', 'object', 'only', 'package', 'program', 'test', 'var', '{', EOF, comment, not \"}\r\n\r\n\r\n\", whitespace\n","stack":"Error: Failed to parse clase59.wlk/bebidas.wlk: \n-- PARSING FAILED --------------------------------------------------\n\n  24 |          * 430 / peso\n  25 |     }\n> 26 | }\n     | ^\n  27 | \n  28 | \n\nExpected one of the following: \n\n' ', '@', 'class', 'const', 'describe', 'mixin', 'object', 'only', 'package', 'program', 'test', 'var', '{', EOF, comment, not \"}\r\n\r\n\r\n\", whitespace\n\n    at c:\\Users\\elias\\.vscode\\extensions\\uqbar.wollok-lsp-ide-0.5.5\\out\\server\\src\\server.js:2385:13026\n    at Array.map (<anonymous>)\n    at z1n (c:\\Users\\elias\\.vscode\\extensions\\uqbar.wollok-lsp-ide-0.5.5\\out\\server\\src\\server.js:2385:12950)\n    at H2.buildEnvironmentFrom (c:\\Users\\elias\\.vscode\\extensions\\uqbar.wollok-lsp-ide-0.5.5\\out\\server\\src\\server.js:2430:5254)\n    at H2.updateEnvironmentWith (c:\\Users\\elias\\.vscode\\extensions\\uqbar.wollok-lsp-ide-0.5.5\\out\\server\\src\\server.js:2430:4989)\n    at QF (c:\\Users\\elias\\.vscode\\extensions\\uqbar.wollok-lsp-ide-0.5.5\\out\\server\\src\\server.js:2430:7383)\n    at V3.invoke (c:\\Users\\elias\\.vscode\\extensions\\uqbar.wollok-lsp-ide-0.5.5\\out\\server\\src\\server.js:3:157330)\n    at o.fire (c:\\Users\\elias\\.vscode\\extensions\\uqbar.wollok-lsp-ide-0.5.5\\out\\server\\src\\server.js:3:158100)\n    at c:\\Users\\elias\\.vscode\\extensions\\uqbar.wollok-lsp-ide-0.5.5\\out\\server\\src\\server.js:37:57871\n    at nd (c:\\Users\\elias\\.vscode\\extensions\\uqbar.wollok-lsp-ide-0.5.5\\out\\server\\src\\server.js:8:1561)","timestamp":"2026-09-05T13:53:21.352Z"}
{"level":"error","message":"✘ Failed to rebuild document Failed to parse clase59.wlk/bebidas.wlk: \n-- PARSING FAILED --------------------------------------------------\n\n  24 |          * 430 / peso\n  25 |     }\n> 26 | }\n     | ^\n  27 | \n  28 | \n\nExpected one of the following: \n\n' ', '@', 'class', 'const', 'describe', 'mixin', 'object', 'only', 'package', 'program', 'test', 'var', '{', EOF, comment, not \"}\r\n\r\n\r\n\", whitespace\n","stack":"Error: Failed to parse clase59.wlk/bebidas.wlk: \n-- PARSING FAILED --------------------------------------------------\n\n  24 |          * 430 / peso\n  25 |     }\n> 26 | }\n     | ^\n  27 | \n  28 | \n\nExpected one of the following: \n\n' ', '@', 'class', 'const', 'describe', 'mixin', 'object', 'only', 'package', 'program', 'test', 'var', '{', EOF, comment, not \"}\r\n\r\n\r\n\", whitespace\n\n    at c:\\Users\\elias\\.vscode\\extensions\\uqbar.wollok-lsp-ide-0.5.5\\out\\server\\src\\server.js:2385:13026\n    at Array.map (<anonymous>)\n    at z1n (c:\\Users\\elias\\.vscode\\extensions\\uqbar.wollok-lsp-ide-0.5.5\\out\\server\\src\\server.js:2385:12950)\n    at H2.buildEnvironmentFrom (c:\\Users\\elias\\.vscode\\extensions\\uqbar.wollok-lsp-ide-0.5.5\\out\\server\\src\\server.js:2430:5254)\n    at H2.updateEnvironmentWith (c:\\Users\\elias\\.vscode\\extensions\\uqbar.wollok-lsp-ide-0.5.5\\out\\server\\src\\server.js:2430:4989)\n    at QF (c:\\Users\\elias\\.vscode\\extensions\\uqbar.wollok-lsp-ide-0.5.5\\out\\server\\src\\server.js:2430:7383)\n    at V3.invoke (c:\\Users\\elias\\.vscode\\extensions\\uqbar.wollok-lsp-ide-0.5.5\\out\\server\\src\\server.js:3:157330)\n    at o.fire (c:\\Users\\elias\\.vscode\\extensions\\uqbar.wollok-lsp-ide-0.5.5\\out\\server\\src\\server.js:3:158100)\n    at c:\\Users\\elias\\.vscode\\extensions\\uqbar.wollok-lsp-ide-0.5.5\\out\\server\\src\\server.js:37:57871\n    at nd (c:\\Users\\elias\\.vscode\\extensions\\uqbar.wollok-lsp-ide-0.5.5\\out\\server\\src\\server.js:8:1561)","timestamp":"2026-09-05T13:53:21.369Z"}
{"level":"info","message":"⌛ Validating clase59.wlk/bebidas.wlk","timeElapsed":232,"timestamp":"2026-09-05T13:53:21.602Z"}
{"level":"info","message":"⌛ Validating clase59.wlk/bebidas.wlk","timeElapsed":169,"timestamp":"2026-09-05T13:53:21.788Z"}
{"level":"info","message":"⌛ Building environment","timeElapsed":147,"timestamp":"2026-09-05T13:53:22.268Z"}
{"level":"info","message":"⌛ Building environment","timeElapsed":364,"timestamp":"2026-09-05T13:53:22.633Z"}
{"level":"info","message":"⌛ Validating clase59.wlk/bebidas.wlk","timeElapsed":352,"timestamp":"2026-09-05T13:53:22.988Z"}
{"level":"info","message":"⌛ Building environment","timeElapsed":164,"timestamp":"2026-09-05T13:53:23.216Z"}
{"level":"info","message":"⌛ Building environment","timeElapsed":206,"timestamp":"2026-09-05T13:53:23.438Z"}
{"level":"info","message":"⌛ Validating clase59.wlk/bebidas.wlk","timeElapsed":220,"timestamp":"2026-09-05T13:53:23.659Z"}
{"level":"info","message":"⌛ Validating clase59.wlk/bebidas.wlk","timeElapsed":143,"timestamp":"2026-09-05T13:53:23.824Z"}
{"level":"info","message":"⌛ Building environment","timeElapsed":184,"timestamp":"2026-09-05T13:53:24.018Z"}
{"level":"info","message":"⌛ Building environment","timeElapsed":218,"timestamp":"2026-09-05T13:53:24.240Z"}
{"level":"info","message":"⌛ Validating clase59.wlk/bebidas.wlk","timeElapsed":206,"timestamp":"2026-09-05T13:53:24.459Z"}
{"level":"info","message":"⌛ Validating clase59.wlk/bebidas.wlk","timeElapsed":288,"timestamp":"2026-09-05T13:53:24.775Z"}
{"level":"info","message":"⌛ Validating clase59.wlk/bebidas.wlk","timeElapsed":292,"timestamp":"2026-09-05T13:53:25.071Z"}
{"level":"info","message":"⌛ Building environment","timeElapsed":307,"timestamp":"2026-09-05T13:53:25.381Z"}
{"level":"info","message":"⌛ Building environment","timeElapsed":190,"timestamp":"2026-09-05T13:53:25.625Z"}
{"level":"info","message":"⌛ Building environment","timeElapsed":419,"timestamp":"2026-09-05T13:53:26.056Z"}
{"level":"info","message":"⌛ Building environment","timeElapsed":273,"timestamp":"2026-09-05T13:53:26.348Z"}
{"level":"info","message":"⌛ Validating clase59.wlk/bebidas.wlk","timeElapsed":223,"timestamp":"2026-09-05T13:53:26.578Z"}
{"level":"info","message":"⌛ Building environment","timeElapsed":128,"timestamp":"2026-09-05T13:53:26.706Z"}
{"level":"info","message":"⌛ Validating clase59.wlk/bebidas.wlk","timeElapsed":148,"timestamp":"2026-09-05T13:53:26.858Z"}
{"level":"info","message":"⌛ Building environment","timeElapsed":222,"timestamp":"2026-09-05T13:53:27.117Z"}
{"level":"info","message":"⌛ Building environment","timeElapsed":171,"timestamp":"2026-09-05T13:53:27.291Z"}
{"level":"info","message":"⌛ Building environment","timeElapsed":164,"timestamp":"2026-09-05T13:53:27.500Z"}
{"level":"info","message":"⌛ Building environment","timeElapsed":285,"timestamp":"2026-09-05T13:53:27.850Z"}
{"level":"info","message":"⌛ Validating clase59.wlk/bebidas.wlk","timeElapsed":296,"timestamp":"2026-09-05T13:53:28.175Z"}
{"level":"info","message":"⌛ Validating clase59.wlk/bebidas.wlk","timeElapsed":132,"timestamp":"2026-09-05T13:53:28.330Z"}
{"level":"info","message":"⌛ Validating clase59.wlk/bebidas.wlk","timeElapsed":170,"timestamp":"2026-09-05T13:53:28.511Z"}
{"level":"info","message":"⌛ Validating clase59.wlk/bebidas.wlk","timeElapsed":141,"timestamp":"2026-09-05T13:53:28.662Z"}
{"level":"info","message":"⌛ Validating clase59.wlk/bebidas.wlk","timeElapsed":132,"timestamp":"2026-09-05T13:53:28.801Z"}
{"level":"info","message":"⌛ Validating clase59.wlk/bebidas.wlk","timeElapsed":179,"timestamp":"2026-09-05T13:53:28.985Z"}
{"level":"info","message":"⌛ Building environment","timeElapsed":319,"timestamp":"2026-09-05T13:53:29.321Z"}
{"level":"info","message":"⌛ Validating clase59.wlk/bebidas.wlk","timeElapsed":328,"timestamp":"2026-09-05T13:53:29.666Z"}
{"level":"info","message":"⌛ Building environment","timeElapsed":222,"timestamp":"2026-09-05T13:53:29.888Z"}
{"level":"info","message":"⌛ Building environment","timeElapsed":174,"timestamp":"2026-09-05T13:53:30.080Z"}
{"level":"info","message":"⌛ Validating clase59.wlk/bebidas.wlk","timeElapsed":191,"timestamp":"2026-09-05T13:53:30.290Z"}
{"level":"error","message":"✘ Failed to rebuild document Failed to parse clase59.wlk/bebidas.wlk: \n-- PARSING FAILED --------------------------------------------------\n\n  24 |          * 430 / peso\n  25 |     }\n> 26 | }\n     | ^\n  27 | \n  28 | \n\nExpected one of the following: \n\n' ', '@', 'class', 'const', 'describe', 'mixin', 'object', 'only', 'package', 'program', 'test', 'var', '{', EOF, comment, not \"}\r\n\r\n\r\n\", whitespace\n","stack":"Error: Failed to parse clase59.wlk/bebidas.wlk: \n-- PARSING FAILED --------------------------------------------------\n\n  24 |          * 430 / peso\n  25 |     }\n> 26 | }\n     | ^\n  27 | \n  28 | \n\nExpected one of the following: \n\n' ', '@', 'class', 'const', 'describe', 'mixin', 'object', 'only', 'package', 'program', 'test', 'var', '{', EOF, comment, not \"}\r\n\r\n\r\n\", whitespace\n\n    at c:\\Users\\elias\\.vscode\\extensions\\uqbar.wollok-lsp-ide-0.5.5\\out\\server\\src\\server.js:2385:13026\n    at Array.map (<anonymous>)\n    at z1n (c:\\Users\\elias\\.vscode\\extensions\\uqbar.wollok-lsp-ide-0.5.5\\out\\server\\src\\server.js:2385:12950)\n    at H2.buildEnvironmentFrom (c:\\Users\\elias\\.vscode\\extensions\\uqbar.wollok-lsp-ide-0.5.5\\out\\server\\src\\server.js:2430:5254)\n    at H2.updateEnvironmentWith (c:\\Users\\elias\\.vscode\\extensions\\uqbar.wollok-lsp-ide-0.5.5\\out\\server\\src\\server.js:2430:4989)\n    at QF (c:\\Users\\elias\\.vscode\\extensions\\uqbar.wollok-lsp-ide-0.5.5\\out\\server\\src\\server.js:2430:7383)\n    at V3.invoke (c:\\Users\\elias\\.vscode\\extensions\\uqbar.wollok-lsp-ide-0.5.5\\out\\server\\src\\server.js:3:157330)\n    at o.fire (c:\\Users\\elias\\.vscode\\extensions\\uqbar.wollok-lsp-ide-0.5.5\\out\\server\\src\\server.js:3:158100)\n    at c:\\Users\\elias\\.vscode\\extensions\\uqbar.wollok-lsp-ide-0.5.5\\out\\server\\src\\server.js:37:57871\n    at nd (c:\\Users\\elias\\.vscode\\extensions\\uqbar.wollok-lsp-ide-0.5.5\\out\\server\\src\\server.js:8:1561)","timestamp":"2026-09-05T13:53:30.304Z"}
{"level":"error","message":"✘ Failed to rebuild document Failed to parse clase59.wlk/bebidas.wlk: \n-- PARSING FAILED --------------------------------------------------\n\n  24 |          * 430 / peso\n  25 |     }\n> 26 | }\n     | ^\n  27 | \n  28 | \n\nExpected one of the following: \n\n' ', '@', 'class', 'const', 'describe', 'mixin', 'object', 'only', 'package', 'program', 'test', 'var', '{', EOF, comment, not \"}\r\n\r\n\r\n\", whitespace\n","stack":"Error: Failed to parse clase59.wlk/bebidas.wlk: \n-- PARSING FAILED --------------------------------------------------\n\n  24 |          * 430 / peso\n  25 |     }\n> 26 | }\n     | ^\n  27 | \n  28 | \n\nExpected one of the following: \n\n' ', '@', 'class', 'const', 'describe', 'mixin', 'object', 'only', 'package', 'program', 'test', 'var', '{', EOF, comment, not \"}\r\n\r\n\r\n\", whitespace\n\n    at c:\\Users\\elias\\.vscode\\extensions\\uqbar.wollok-lsp-ide-0.5.5\\out\\server\\src\\server.js:2385:13026\n    at Array.map (<anonymous>)\n    at z1n (c:\\Users\\elias\\.vscode\\extensions\\uqbar.wollok-lsp-ide-0.5.5\\out\\server\\src\\server.js:2385:12950)\n    at H2.buildEnvironmentFrom (c:\\Users\\elias\\.vscode\\extensions\\uqbar.wollok-lsp-ide-0.5.5\\out\\server\\src\\server.js:2430:5254)\n    at H2.updateEnvironmentWith (c:\\Users\\elias\\.vscode\\extensions\\uqbar.wollok-lsp-ide-0.5.5\\out\\server\\src\\server.js:2430:4989)\n    at QF (c:\\Users\\elias\\.vscode\\extensions\\uqbar.wollok-lsp-ide-0.5.5\\out\\server\\src\\server.js:2430:7383)\n    at V3.invoke (c:\\Users\\elias\\.vscode\\extensions\\uqbar.wollok-lsp-ide-0.5.5\\out\\server\\src\\server.js:3:157330)\n    at o.fire (c:\\Users\\elias\\.vscode\\extensions\\uqbar.wollok-lsp-ide-0.5.5\\out\\server\\src\\server.js:3:158100)\n    at c:\\Users\\elias\\.vscode\\extensions\\uqbar.wollok-lsp-ide-0.5.5\\out\\server\\src\\server.js:37:57871\n    at nd (c:\\Users\\elias\\.vscode\\extensions\\uqbar.wollok-lsp-ide-0.5.5\\out\\server\\src\\server.js:8:1561)","timestamp":"2026-09-05T13:53:30.316Z"}
{"level":"info","message":"⌛ Validating clase59.wlk/bebidas.wlk","timeElapsed":228,"timestamp":"2026-09-05T13:53:30.545Z"}
{"level":"info","message":"⌛ Validating clase59.wlk/bebidas.wlk","timeElapsed":260,"timestamp":"2026-09-05T13:53:30.815Z"}
{"level":"info","message":"⌛ Building environment","timeElapsed":151,"timestamp":"2026-09-05T13:53:31.341Z"}
{"level":"error","message":"✘ Completions for node Return (undefined - clase59.wlk/bebidas.wlk) failed: Error: [Return]{9116d7} at clase59.wlk/bebidas.wlk:-- exhausted all cases without a match [Return]{9116d7} at clase59.wlk/bebidas.wlk:-- exhausted all cases without a match","stack":"Error: [Return]{9116d7} at clase59.wlk/bebidas.wlk:-- exhausted all cases without a match\n    at c:\\Users\\elias\\.vscode\\extensions\\uqbar.wollok-lsp-ide-0.5.5\\out\\server\\src\\server.js:38:6142\n    at L2 (c:\\Users\\elias\\.vscode\\extensions\\uqbar.wollok-lsp-ide-0.5.5\\out\\server\\src\\server.js:2421:42)\n    at Jh (c:\\Users\\elias\\.vscode\\extensions\\uqbar.wollok-lsp-ide-0.5.5\\out\\server\\src\\server.js:2421:1092)\n    at w5n (c:\\Users\\elias\\.vscode\\extensions\\uqbar.wollok-lsp-ide-0.5.5\\out\\server\\src\\server.js:2421:1248)\n    at c:\\Users\\elias\\.vscode\\extensions\\uqbar.wollok-lsp-ide-0.5.5\\out\\server\\src\\server.js:38:6131\n    at L2 (c:\\Users\\elias\\.vscode\\extensions\\uqbar.wollok-lsp-ide-0.5.5\\out\\server\\src\\server.js:2421:42)\n    at c:\\Users\\elias\\.vscode\\extensions\\uqbar.wollok-lsp-ide-0.5.5\\out\\server\\src\\server.js:2421:2988\n    at c:\\Users\\elias\\.vscode\\extensions\\uqbar.wollok-lsp-ide-0.5.5\\out\\server\\src\\server.js:2430:8440\n    at c:\\Users\\elias\\.vscode\\extensions\\uqbar.wollok-lsp-ide-0.5.5\\out\\server\\src\\server.js:37:74872\n    at Ke (c:\\Users\\elias\\.vscode\\extensions\\uqbar.wollok-lsp-ide-0.5.5\\out\\server\\src\\server.js:7:8527)","timestamp":"2026-09-05T13:53:31.452Z"}
{"level":"info","message":"⌛ Validating clase59.wlk/bebidas.wlk","timeElapsed":319,"timestamp":"2026-09-05T13:53:31.788Z"}
{"level":"info","message":"⌛ Building environment","timeElapsed":177,"timestamp":"2026-09-05T13:53:31.978Z"}
{"level":"info","message":"⌛ Building environment","timeElapsed":174,"timestamp":"2026-09-05T13:53:32.154Z"}
{"level":"info","message":"⌛ Building environment","timeElapsed":241,"timestamp":"2026-09-05T13:53:32.412Z"}
{"level":"info","message":"⌛ Validating clase59.wlk/bebidas.wlk","timeElapsed":240,"timestamp":"2026-09-05T13:53:32.679Z"}
{"level":"info","message":"⌛ Validating clase59.wlk/bebidas.wlk","timeElapsed":209,"timestamp":"2026-09-05T13:53:32.910Z"}
{"level":"info","message":"⌛ Building environment","timeElapsed":172,"timestamp":"2026-09-05T13:53:33.084Z"}
{"level":"info","message":"⌛ Validating clase59.wlk/bebidas.wlk","timeElapsed":286,"timestamp":"2026-09-05T13:53:33.373Z"}
{"level":"info","message":"⌛ Validating clase59.wlk/bebidas.wlk","timeElapsed":199,"timestamp":"2026-09-05T13:53:33.598Z"}
{"errors":{"errors":[null,["/*\r","Agregado al readme:\r","cianuro: el rendimiento sera cero si el peso del deportista es 70 o menos, si es mas\r","que 70 entoces el rendimiento es el 1% de la dosis consumida.\r"]]},"level":"error","message":"✘ Failed to get type description: Error: {\n  \"errors\": [\n    null,\n    [\n      \"/*\\r\",\n      \"Agregado al readme:\\r\",\n      \"cianuro: el rendimiento sera cero si el peso del deportista es 70 o menos, si es mas\\r\",\n      \"que 70 entoces el rendimiento es el 1% de la dosis consumida.\\r\"\n    ]\n  ]\n} {\n  \"errors\": [\n    null,\n    [\n      \"/*\\r\",\n      \"Agregado al readme:\\r\",\n      \"cianuro: el rendimiento sera cero si el peso del deportista es 70 o menos, si es mas\\r\",\n      \"que 70 entoces el rendimiento es el 1% de la dosis consumida.\\r\"\n    ]\n  ]\n}","stack":"Error: {\n  \"errors\": [\n    null,\n    [\n      \"/*\\r\",\n      \"Agregado al readme:\\r\",\n      \"cianuro: el rendimiento sera cero si el peso del deportista es 70 o menos, si es mas\\r\",\n      \"que 70 entoces el rendimiento es el 1% de la dosis consumida.\\r\"\n    ]\n  ]\n}\n    at lS (c:\\Users\\elias\\.vscode\\extensions\\uqbar.wollok-lsp-ide-0.5.5\\out\\server\\src\\server.js:64:34609)\n    at Q1 (c:\\Users\\elias\\.vscode\\extensions\\uqbar.wollok-lsp-ide-0.5.5\\out\\server\\src\\server.js:64:34682)\n    at c:\\Users\\elias\\.vscode\\extensions\\uqbar.wollok-lsp-ide-0.5.5\\out\\server\\src\\server.js:64:37949\n    at o.y1 (c:\\Users\\elias\\.vscode\\extensions\\uqbar.wollok-lsp-ide-0.5.5\\out\\server\\src\\server.js:57:59136)\n    at c:\\Users\\elias\\.vscode\\extensions\\uqbar.wollok-lsp-ide-0.5.5\\out\\server\\src\\server.js:64:37918\n    at c:\\Users\\elias\\.vscode\\extensions\\uqbar.wollok-lsp-ide-0.5.5\\out\\server\\src\\server.js:57:57176\n    at Dfn (c:\\Users\\elias\\.vscode\\extensions\\uqbar.wollok-lsp-ide-0.5.5\\out\\server\\src\\server.js:68:11324)\n    at c:\\Users\\elias\\.vscode\\extensions\\uqbar.wollok-lsp-ide-0.5.5\\out\\server\\src\\server.js:68:3629\n    at Ybn (c:\\Users\\elias\\.vscode\\extensions\\uqbar.wollok-lsp-ide-0.5.5\\out\\server\\src\\server.js:68:3396)\n    at c:\\Users\\elias\\.vscode\\extensions\\uqbar.wollok-lsp-ide-0.5.5\\out\\server\\src\\server.js:2430:847","timestamp":"2026-09-05T13:56:51.466Z"}
{"level":"info","message":"⌛ Building environment","timeElapsed":436,"timestamp":"2026-09-05T13:56:53.614Z"}
{"level":"info","message":"⌛ Building environment","timeElapsed":269,"timestamp":"2026-09-05T13:56:53.928Z"}
{"level":"info","message":"⌛ Validating clase59.wlk/bebidas.wlk","timeElapsed":256,"timestamp":"2026-09-05T13:56:54.224Z"}
{"level":"info","message":"⌛ Validating clase59.wlk/bebidas.wlk","timeElapsed":248,"timestamp":"2026-09-05T13:56:54.476Z"}
{"level":"info","message":"⌛ Building environment","timeElapsed":323,"timestamp":"2026-09-05T13:58:46.175Z"}
{"level":"info","message":"⌛ Validating clase59.wlk/bebidas.wlk","timeElapsed":259,"timestamp":"2026-09-05T13:58:46.601Z"}
{"level":"info","message":"⌛ Building environment","timeElapsed":483,"timestamp":"2026-09-05T13:58:47.973Z"}
{"level":"info","message":"⌛ Building environment","timeElapsed":191,"timestamp":"2026-09-05T13:58:48.167Z"}
{"level":"info","message":"⌛ Validating clase59.wlk/bebidas.wlk","timeElapsed":212,"timestamp":"2026-09-05T13:58:48.464Z"}
{"level":"info","message":"⌛ Building environment","timeElapsed":203,"timestamp":"2026-09-05T13:58:48.671Z"}
{"level":"info","message":"⌛ Validating clase59.wlk/bebidas.wlk","timeElapsed":249,"timestamp":"2026-09-05T13:58:48.922Z"}
{"level":"info","message":"⌛ Validating clase59.wlk/bebidas.wlk","timeElapsed":289,"timestamp":"2026-09-05T13:58:49.220Z"}
{"level":"info","message":"⌛ Building environment","timeElapsed":200,"timestamp":"2026-09-05T13:58:49.565Z"}
{"level":"info","message":"⌛ Validating clase59.wlk/bebidas.wlk","timeElapsed":316,"timestamp":"2026-09-05T13:58:49.895Z"}
{"level":"info","message":"⌛ Building environment","timeElapsed":189,"timestamp":"2026-09-05T13:58:50.087Z"}
{"level":"info","message":"⌛ Building environment","timeElapsed":184,"timestamp":"2026-09-05T13:58:50.271Z"}
{"level":"info","message":"⌛ Validating clase59.wlk/bebidas.wlk","timeElapsed":338,"timestamp":"2026-09-05T13:58:50.638Z"}
{"level":"info","message":"⌛ Building environment","timeElapsed":216,"timestamp":"2026-09-05T13:58:51.088Z"}
{"level":"info","message":"⌛ Validating clase59.wlk/bebidas.wlk","timeElapsed":279,"timestamp":"2026-09-05T13:58:51.396Z"}
{"level":"info","message":"⌛ Building environment","timeElapsed":222,"timestamp":"2026-09-05T13:58:51.619Z"}
{"level":"info","message":"⌛ Building environment","timeElapsed":244,"timestamp":"2026-09-05T13:58:51.867Z"}
{"level":"info","message":"⌛ Building environment","timeElapsed":305,"timestamp":"2026-09-05T13:58:52.209Z"}
{"level":"info","message":"⌛ Building environment","timeElapsed":269,"timestamp":"2026-09-05T13:58:52.524Z"}
{"level":"info","message":"⌛ Validating clase59.wlk/bebidas.wlk","timeElapsed":235,"timestamp":"2026-09-05T13:58:52.874Z"}
{"level":"info","message":"⌛ Building environment","timeElapsed":283,"timestamp":"2026-09-05T13:58:53.168Z"}
{"level":"info","message":"⌛ Building environment","timeElapsed":323,"timestamp":"2026-09-05T13:58:53.529Z"}
{"level":"info","message":"⌛ Building environment","timeElapsed":335,"timestamp":"2026-09-05T13:58:53.870Z"}
{"level":"info","message":"⌛ Validating clase59.wlk/bebidas.wlk","timeElapsed":314,"timestamp":"2026-09-05T13:58:54.186Z"}
{"level":"info","message":"⌛ Building environment","timeElapsed":147,"timestamp":"2026-09-05T13:58:54.334Z"}
{"level":"info","message":"⌛ Building environment","timeElapsed":204,"timestamp":"2026-09-05T13:58:54.541Z"}
{"level":"info","message":"⌛ Validating clase59.wlk/bebidas.wlk","timeElapsed":247,"timestamp":"2026-09-05T13:58:54.789Z"}
{"level":"info","message":"⌛ Building environment","timeElapsed":335,"timestamp":"2026-09-05T13:58:55.141Z"}
{"level":"info","message":"⌛ Building environment","timeElapsed":421,"timestamp":"2026-09-05T13:58:55.597Z"}
{"level":"info","message":"⌛ Building environment","timeElapsed":234,"timestamp":"2026-09-05T13:58:55.836Z"}
{"level":"info","message":"⌛ Validating clase59.wlk/bebidas.wlk","timeElapsed":235,"timestamp":"2026-09-05T13:58:56.106Z"}
{"level":"info","message":"⌛ Building environment","timeElapsed":166,"timestamp":"2026-09-05T13:58:56.274Z"}
{"level":"info","message":"⌛ Validating clase59.wlk/bebidas.wlk","timeElapsed":225,"timestamp":"2026-09-05T13:58:56.499Z"}
{"level":"info","message":"⌛ Building environment","timeElapsed":152,"timestamp":"2026-09-05T13:58:56.655Z"}
{"level":"info","message":"⌛ Building environment","timeElapsed":263,"timestamp":"2026-09-05T13:58:56.919Z"}
{"level":"info","message":"⌛ Building environment","timeElapsed":238,"timestamp":"2026-09-05T13:58:57.208Z"}
{"level":"info","message":"⌛ Building environment","timeElapsed":274,"timestamp":"2026-09-05T13:58:57.499Z"}
{"level":"info","message":"⌛ Validating clase59.wlk/bebidas.wlk","timeElapsed":227,"timestamp":"2026-09-05T13:58:57.726Z"}
{"level":"info","message":"⌛ Building environment","timeElapsed":281,"timestamp":"2026-09-05T13:58:58.016Z"}
{"level":"info","message":"⌛ Building environment","timeElapsed":151,"timestamp":"2026-09-05T13:58:58.186Z"}
{"level":"info","message":"⌛ Building environment","timeElapsed":192,"timestamp":"2026-09-05T13:58:58.381Z"}
{"level":"info","message":"⌛ Validating clase59.wlk/bebidas.wlk","timeElapsed":302,"timestamp":"2026-09-05T13:58:58.685Z"}
{"level":"info","message":"⌛ Validating clase59.wlk/bebidas.wlk","timeElapsed":248,"timestamp":"2026-09-05T13:58:58.976Z"}
{"level":"info","message":"⌛ Validating clase59.wlk/bebidas.wlk","timeElapsed":208,"timestamp":"2026-09-05T13:58:59.190Z"}
{"level":"info","message":"⌛ Validating clase59.wlk/bebidas.wlk","timeElapsed":297,"timestamp":"2026-09-05T13:58:59.494Z"}
{"level":"info","message":"⌛ Validating clase59.wlk/bebidas.wlk","timeElapsed":351,"timestamp":"2026-09-05T13:58:59.865Z"}
{"level":"info","message":"⌛ Validating clase59.wlk/bebidas.wlk","timeElapsed":287,"timestamp":"2026-09-05T13:59:00.152Z"}
{"level":"info","message":"⌛ Validating clase59.wlk/bebidas.wlk","timeElapsed":214,"timestamp":"2026-09-05T13:59:00.381Z"}
{"level":"info","message":"⌛ Validating clase59.wlk/bebidas.wlk","timeElapsed":191,"timestamp":"2026-09-05T13:59:00.576Z"}
{"level":"info","message":"⌛ Validating clase59.wlk/bebidas.wlk","timeElapsed":183,"timestamp":"2026-09-05T13:59:00.769Z"}
{"level":"info","message":"⌛ Validating clase59.wlk/bebidas.wlk","timeElapsed":178,"timestamp":"2026-09-05T13:59:00.953Z"}
{"level":"info","message":"⌛ Validating clase59.wlk/bebidas.wlk","timeElapsed":138,"timestamp":"2026-09-05T13:59:01.096Z"}
{"level":"info","message":"⌛ Validating clase59.wlk/bebidas.wlk","timeElapsed":135,"timestamp":"2026-09-05T13:59:01.236Z"}
{"level":"info","message":"⌛ Validating clase59.wlk/bebidas.wlk","timeElapsed":182,"timestamp":"2026-09-05T13:59:01.423Z"}
{"level":"info","message":"⌛ Validating clase59.wlk/bebidas.wlk","timeElapsed":202,"timestamp":"2026-09-05T13:59:01.652Z"}
{"level":"info","message":"⌛ Validating clase59.wlk/bebidas.wlk","timeElapsed":144,"timestamp":"2026-09-05T13:59:01.801Z"}
{"level":"info","message":"⌛ Building environment","timeElapsed":164,"timestamp":"2026-09-05T13:59:57.477Z"}
{"level":"error","message":"✘ Completions for node Parameter ([43:33, 43:48] - clase59.wlk/bebidas.wlk) failed: Error: [Parameter]{83fae4} at clase59.wlk/bebidas.wlk:43 exhausted all cases without a match [Parameter]{83fae4} at clase59.wlk/bebidas.wlk:43 exhausted all cases without a match","stack":"Error: [Parameter]{83fae4} at clase59.wlk/bebidas.wlk:43 exhausted all cases without a match\n    at c:\\Users\\elias\\.vscode\\extensions\\uqbar.wollok-lsp-ide-0.5.5\\out\\server\\src\\server.js:38:6142\n    at L2 (c:\\Users\\elias\\.vscode\\extensions\\uqbar.wollok-lsp-ide-0.5.5\\out\\server\\src\\server.js:2421:42)\n    at c:\\Users\\elias\\.vscode\\extensions\\uqbar.wollok-lsp-ide-0.5.5\\out\\server\\src\\server.js:2421:2988\n    at c:\\Users\\elias\\.vscode\\extensions\\uqbar.wollok-lsp-ide-0.5.5\\out\\server\\src\\server.js:2430:8440\n    at c:\\Users\\elias\\.vscode\\extensions\\uqbar.wollok-lsp-ide-0.5.5\\out\\server\\src\\server.js:37:74872\n    at Ke (c:\\Users\\elias\\.vscode\\extensions\\uqbar.wollok-lsp-ide-0.5.5\\out\\server\\src\\server.js:7:8527)\n    at It (c:\\Users\\elias\\.vscode\\extensions\\uqbar.wollok-lsp-ide-0.5.5\\out\\server\\src\\server.js:7:6189)\n    at et (c:\\Users\\elias\\.vscode\\extensions\\uqbar.wollok-lsp-ide-0.5.5\\out\\server\\src\\server.js:7:6378)\n    at Immediate._onImmediate (c:\\Users\\elias\\.vscode\\extensions\\uqbar.wollok-lsp-ide-0.5.5\\out\\server\\src\\server.js:7:6142)\n    at process.processImmediate (node:internal/timers:485:21)","timestamp":"2026-09-05T13:59:57.526Z"}
{"level":"info","message":"⌛ Validating clase59.wlk/bebidas.wlk","timeElapsed":255,"timestamp":"2026-09-05T13:59:57.785Z"}
{"level":"info","message":"⌛ Building environment","timeElapsed":204,"timestamp":"2026-09-05T13:59:57.997Z"}
{"level":"error","message":"✘ Completions for node Parameter ([43:33, 43:49] - clase59.wlk/bebidas.wlk) failed: Error: [Parameter]{e0bc90} at clase59.wlk/bebidas.wlk:43 exhausted all cases without a match [Parameter]{e0bc90} at clase59.wlk/bebidas.wlk:43 exhausted all cases without a match","stack":"Error: [Parameter]{e0bc90} at clase59.wlk/bebidas.wlk:43 exhausted all cases without a match\n    at c:\\Users\\elias\\.vscode\\extensions\\uqbar.wollok-lsp-ide-0.5.5\\out\\server\\src\\server.js:38:6142\n    at L2 (c:\\Users\\elias\\.vscode\\extensions\\uqbar.wollok-lsp-ide-0.5.5\\out\\server\\src\\server.js:2421:42)\n    at c:\\Users\\elias\\.vscode\\extensions\\uqbar.wollok-lsp-ide-0.5.5\\out\\server\\src\\server.js:2421:2988\n    at c:\\Users\\elias\\.vscode\\extensions\\uqbar.wollok-lsp-ide-0.5.5\\out\\server\\src\\server.js:2430:8440\n    at c:\\Users\\elias\\.vscode\\extensions\\uqbar.wollok-lsp-ide-0.5.5\\out\\server\\src\\server.js:37:74872\n    at Ke (c:\\Users\\elias\\.vscode\\extensions\\uqbar.wollok-lsp-ide-0.5.5\\out\\server\\src\\server.js:7:8527)\n    at It (c:\\Users\\elias\\.vscode\\extensions\\uqbar.wollok-lsp-ide-0.5.5\\out\\server\\src\\server.js:7:6189)\n    at et (c:\\Users\\elias\\.vscode\\extensions\\uqbar.wollok-lsp-ide-0.5.5\\out\\server\\src\\server.js:7:6378)\n    at Immediate._onImmediate (c:\\Users\\elias\\.vscode\\extensions\\uqbar.wollok-lsp-ide-0.5.5\\out\\server\\src\\server.js:7:6142)\n    at process.processImmediate (node:internal/timers:485:21)","timestamp":"2026-09-05T13:59:58.052Z"}
{"level":"info","message":"⌛ Building environment","timeElapsed":182,"timestamp":"2026-09-05T13:59:58.252Z"}
{"level":"info","message":"⌛ Validating clase59.wlk/bebidas.wlk","timeElapsed":248,"timestamp":"2026-09-05T13:59:58.502Z"}
{"level":"info","message":"⌛ Building environment","timeElapsed":296,"timestamp":"2026-09-05T13:59:58.798Z"}
{"level":"error","message":"✘ Completions for node Parameter ([43:33, 43:51] - clase59.wlk/bebidas.wlk) failed: Error: [Parameter]{37292d} at clase59.wlk/bebidas.wlk:43 exhausted all cases without a match [Parameter]{37292d} at clase59.wlk/bebidas.wlk:43 exhausted all cases without a match","stack":"Error: [Parameter]{37292d} at clase59.wlk/bebidas.wlk:43 exhausted all cases without a match\n    at c:\\Users\\elias\\.vscode\\extensions\\uqbar.wollok-lsp-ide-0.5.5\\out\\server\\src\\server.js:38:6142\n    at L2 (c:\\Users\\elias\\.vscode\\extensions\\uqbar.wollok-lsp-ide-0.5.5\\out\\server\\src\\server.js:2421:42)\n    at c:\\Users\\elias\\.vscode\\extensions\\uqbar.wollok-lsp-ide-0.5.5\\out\\server\\src\\server.js:2421:2988\n    at c:\\Users\\elias\\.vscode\\extensions\\uqbar.wollok-lsp-ide-0.5.5\\out\\server\\src\\server.js:2430:8440\n    at c:\\Users\\elias\\.vscode\\extensions\\uqbar.wollok-lsp-ide-0.5.5\\out\\server\\src\\server.js:37:74872\n    at Ke (c:\\Users\\elias\\.vscode\\extensions\\uqbar.wollok-lsp-ide-0.5.5\\out\\server\\src\\server.js:7:8527)\n    at It (c:\\Users\\elias\\.vscode\\extensions\\uqbar.wollok-lsp-ide-0.5.5\\out\\server\\src\\server.js:7:6189)\n    at et (c:\\Users\\elias\\.vscode\\extensions\\uqbar.wollok-lsp-ide-0.5.5\\out\\server\\src\\server.js:7:6378)\n    at Immediate._onImmediate (c:\\Users\\elias\\.vscode\\extensions\\uqbar.wollok-lsp-ide-0.5.5\\out\\server\\src\\server.js:7:6142)\n    at process.processImmediate (node:internal/timers:485:21)","timestamp":"2026-09-05T13:59:58.930Z"}
{"level":"info","message":"⌛ Validating clase59.wlk/bebidas.wlk","timeElapsed":258,"timestamp":"2026-09-05T13:59:59.215Z"}
{"level":"info","message":"⌛ Building environment","timeElapsed":166,"timestamp":"2026-09-05T13:59:59.382Z"}
{"level":"info","message":"⌛ Building environment","timeElapsed":179,"timestamp":"2026-09-05T13:59:59.580Z"}
{"level":"info","message":"⌛ Validating clase59.wlk/bebidas.wlk","timeElapsed":225,"timestamp":"2026-09-05T13:59:59.814Z"}
{"level":"info","message":"⌛ Building environment","timeElapsed":187,"timestamp":"2026-09-05T14:00:00.003Z"}
{"level":"error","message":"✘ Completions for node Parameter ([43:33, 43:54] - clase59.wlk/bebidas.wlk) failed: Error: [Parameter]{1b2a38} at clase59.wlk/bebidas.wlk:43 exhausted all cases without a match [Parameter]{1b2a38} at clase59.wlk/bebidas.wlk:43 exhausted all cases without a match","stack":"Error: [Parameter]{1b2a38} at clase59.wlk/bebidas.wlk:43 exhausted all cases without a match\n    at c:\\Users\\elias\\.vscode\\extensions\\uqbar.wollok-lsp-ide-0.5.5\\out\\server\\src\\server.js:38:6142\n    at L2 (c:\\Users\\elias\\.vscode\\extensions\\uqbar.wollok-lsp-ide-0.5.5\\out\\server\\src\\server.js:2421:42)\n    at c:\\Users\\elias\\.vscode\\extensions\\uqbar.wollok-lsp-ide-0.5.5\\out\\server\\src\\server.js:2421:2988\n    at c:\\Users\\elias\\.vscode\\extensions\\uqbar.wollok-lsp-ide-0.5.5\\out\\server\\src\\server.js:2430:8440\n    at c:\\Users\\elias\\.vscode\\extensions\\uqbar.wollok-lsp-ide-0.5.5\\out\\server\\src\\server.js:37:74872\n    at Ke (c:\\Users\\elias\\.vscode\\extensions\\uqbar.wollok-lsp-ide-0.5.5\\out\\server\\src\\server.js:7:8527)\n    at It (c:\\Users\\elias\\.vscode\\extensions\\uqbar.wollok-lsp-ide-0.5.5\\out\\server\\src\\server.js:7:6189)\n    at et (c:\\Users\\elias\\.vscode\\extensions\\uqbar.wollok-lsp-ide-0.5.5\\out\\server\\src\\server.js:7:6378)\n    at Immediate._onImmediate (c:\\Users\\elias\\.vscode\\extensions\\uqbar.wollok-lsp-ide-0.5.5\\out\\server\\src\\server.js:7:6142)\n    at process.processImmediate (node:internal/timers:485:21)","timestamp":"2026-09-05T14:00:00.076Z"}
{"level":"info","message":"⌛ Validating clase59.wlk/bebidas.wlk","timeElapsed":361,"timestamp":"2026-09-05T14:00:00.445Z"}
{"level":"info","message":"⌛ Validating clase59.wlk/bebidas.wlk","timeElapsed":271,"timestamp":"2026-09-05T14:00:00.724Z"}
{"level":"info","message":"⌛ Validating clase59.wlk/bebidas.wlk","timeElapsed":229,"timestamp":"2026-09-05T14:00:00.957Z"}
{"level":"info","message":"⌛ Building environment","timeElapsed":139,"timestamp":"2026-09-05T14:00:01.417Z"}
{"level":"info","message":"⌛ Validating clase59.wlk/bebidas.wlk","timeElapsed":316,"timestamp":"2026-09-05T14:00:01.752Z"}
{"level":"info","message":"⌛ Building environment","timeElapsed":347,"timestamp":"2026-09-05T14:00:05.150Z"}
{"level":"error","message":"✘ Completions for node Send ([44:16, 44:37] - clase59.wlk/bebidas.wlk) failed: Error: [Send]{fe6d39} at clase59.wlk/bebidas.wlk:44 exhausted all cases without a match [Send]{fe6d39} at clase59.wlk/bebidas.wlk:44 exhausted all cases without a match","stack":"Error: [Send]{fe6d39} at clase59.wlk/bebidas.wlk:44 exhausted all cases without a match\n    at c:\\Users\\elias\\.vscode\\extensions\\uqbar.wollok-lsp-ide-0.5.5\\out\\server\\src\\server.js:38:6142\n    at L2 (c:\\Users\\elias\\.vscode\\extensions\\uqbar.wollok-lsp-ide-0.5.5\\out\\server\\src\\server.js:2421:42)\n    at Jh (c:\\Users\\elias\\.vscode\\extensions\\uqbar.wollok-lsp-ide-0.5.5\\out\\server\\src\\server.js:2421:1092)\n    at w5n (c:\\Users\\elias\\.vscode\\extensions\\uqbar.wollok-lsp-ide-0.5.5\\out\\server\\src\\server.js:2421:1248)\n    at c:\\Users\\elias\\.vscode\\extensions\\uqbar.wollok-lsp-ide-0.5.5\\out\\server\\src\\server.js:38:6131\n    at L2 (c:\\Users\\elias\\.vscode\\extensions\\uqbar.wollok-lsp-ide-0.5.5\\out\\server\\src\\server.js:2421:42)\n    at c:\\Users\\elias\\.vscode\\extensions\\uqbar.wollok-lsp-ide-0.5.5\\out\\server\\src\\server.js:2421:2988\n    at c:\\Users\\elias\\.vscode\\extensions\\uqbar.wollok-lsp-ide-0.5.5\\out\\server\\src\\server.js:2430:8440\n    at c:\\Users\\elias\\.vscode\\extensions\\uqbar.wollok-lsp-ide-0.5.5\\out\\server\\src\\server.js:37:74872\n    at Ke (c:\\Users\\elias\\.vscode\\extensions\\uqbar.wollok-lsp-ide-0.5.5\\out\\server\\src\\server.js:7:8527)","timestamp":"2026-09-05T14:00:05.231Z"}
{"level":"error","message":"✘ Completions for node Return ([44:9, 44:37] - clase59.wlk/bebidas.wlk) failed: Error: [Return]{51c5f9} at clase59.wlk/bebidas.wlk:44 exhausted all cases without a match [Return]{51c5f9} at clase59.wlk/bebidas.wlk:44 exhausted all cases without a match","stack":"Error: [Return]{51c5f9} at clase59.wlk/bebidas.wlk:44 exhausted all cases without a match\n    at c:\\Users\\elias\\.vscode\\extensions\\uqbar.wollok-lsp-ide-0.5.5\\out\\server\\src\\server.js:38:6142\n    at L2 (c:\\Users\\elias\\.vscode\\extensions\\uqbar.wollok-lsp-ide-0.5.5\\out\\server\\src\\server.js:2421:42)\n    at Jh (c:\\Users\\elias\\.vscode\\extensions\\uqbar.wollok-lsp-ide-0.5.5\\out\\server\\src\\server.js:2421:1092)\n    at L2 (c:\\Users\\elias\\.vscode\\extensions\\uqbar.wollok-lsp-ide-0.5.5\\out\\server\\src\\server.js:2421:544)\n    at Jh (c:\\Users\\elias\\.vscode\\extensions\\uqbar.wollok-lsp-ide-0.5.5\\out\\server\\src\\server.js:2421:1092)\n    at w5n (c:\\Users\\elias\\.vscode\\extensions\\uqbar.wollok-lsp-ide-0.5.5\\out\\server\\src\\server.js:2421:1248)\n    at c:\\Users\\elias\\.vscode\\extensions\\uqbar.wollok-lsp-ide-0.5.5\\out\\server\\src\\server.js:38:6131\n    at L2 (c:\\Users\\elias\\.vscode\\extensions\\uqbar.wollok-lsp-ide-0.5.5\\out\\server\\src\\server.js:2421:42)\n    at c:\\Users\\elias\\.vscode\\extensions\\uqbar.wollok-lsp-ide-0.5.5\\out\\server\\src\\server.js:2421:2988\n    at c:\\Users\\elias\\.vscode\\extensions\\uqbar.wollok-lsp-ide-0.5.5\\out\\server\\src\\server.js:2430:8440","timestamp":"2026-09-05T14:00:05.231Z"}
{"level":"info","message":"⌛ Validating clase59.wlk/bebidas.wlk","timeElapsed":224,"timestamp":"2026-09-05T14:00:05.487Z"}
{"level":"info","message":"⌛ Building environment","timeElapsed":214,"timestamp":"2026-09-05T14:00:06.662Z"}
{"level":"info","message":"⌛ Validating clase59.wlk/bebidas.wlk","timeElapsed":338,"timestamp":"2026-09-05T14:00:07.001Z"}
{"level":"info","message":"⌛ Building environment","timeElapsed":263,"timestamp":"2026-09-05T14:02:08.776Z"}
{"level":"info","message":"⌛ Building environment","timeElapsed":186,"timestamp":"2026-09-05T14:02:08.963Z"}
{"level":"info","message":"⌛ Validating clase59.wlk/bebidas.wlk","timeElapsed":249,"timestamp":"2026-09-05T14:02:09.213Z"}
{"level":"info","message":"⌛ Validating clase59.wlk/bebidas.wlk","timeElapsed":250,"timestamp":"2026-09-05T14:02:09.475Z"}
{"level":"info","message":"⌛ Building environment","timeElapsed":181,"timestamp":"2026-09-05T14:02:09.658Z"}
{"level":"info","message":"⌛ Building environment","timeElapsed":265,"timestamp":"2026-09-05T14:02:09.925Z"}
{"level":"info","message":"⌛ Building environment","timeElapsed":299,"timestamp":"2026-09-05T14:02:10.227Z"}
{"level":"info","message":"⌛ Building environment","timeElapsed":210,"timestamp":"2026-09-05T14:02:10.440Z"}
{"level":"info","message":"⌛ Validating clase59.wlk/bebidas.wlk","timeElapsed":225,"timestamp":"2026-09-05T14:02:10.690Z"}
{"level":"info","message":"⌛ Building environment","timeElapsed":147,"timestamp":"2026-09-05T14:02:10.837Z"}
{"level":"info","message":"⌛ Building environment","timeElapsed":166,"timestamp":"2026-09-05T14:02:11.008Z"}
{"level":"info","message":"⌛ Validating clase59.wlk/bebidas.wlk","timeElapsed":173,"timestamp":"2026-09-05T14:02:11.182Z"}
{"level":"info","message":"⌛ Building environment","timeElapsed":129,"timestamp":"2026-09-05T14:02:11.311Z"}
{"level":"info","message":"⌛ Building environment","timeElapsed":211,"timestamp":"2026-09-05T14:02:11.543Z"}
{"level":"info","message":"⌛ Validating clase59.wlk/bebidas.wlk","timeElapsed":276,"timestamp":"2026-09-05T14:02:11.820Z"}
{"level":"info","message":"⌛ Building environment","timeElapsed":254,"timestamp":"2026-09-05T14:02:12.075Z"}
{"level":"info","message":"⌛ Validating clase59.wlk/bebidas.wlk","timeElapsed":220,"timestamp":"2026-09-05T14:02:12.296Z"}
{"level":"info","message":"⌛ Building environment","timeElapsed":155,"timestamp":"2026-09-05T14:02:12.452Z"}
{"level":"info","message":"⌛ Building environment","timeElapsed":142,"timestamp":"2026-09-05T14:02:12.606Z"}
{"level":"info","message":"⌛ Building environment","timeElapsed":381,"timestamp":"2026-09-05T14:02:12.992Z"}
{"level":"info","message":"⌛ Validating clase59.wlk/bebidas.wlk","timeElapsed":259,"timestamp":"2026-09-05T14:02:13.253Z"}
{"level":"info","message":"⌛ Building environment","timeElapsed":194,"timestamp":"2026-09-05T14:02:13.458Z"}
{"level":"info","message":"⌛ Validating clase59.wlk/bebidas.wlk","timeElapsed":163,"timestamp":"2026-09-05T14:02:13.639Z"}
{"level":"info","message":"⌛ Building environment","timeElapsed":127,"timestamp":"2026-09-05T14:02:13.767Z"}
{"level":"info","message":"⌛ Building environment","timeElapsed":161,"timestamp":"2026-09-05T14:02:13.929Z"}
{"level":"info","message":"⌛ Validating clase59.wlk/bebidas.wlk","timeElapsed":164,"timestamp":"2026-09-05T14:02:14.094Z"}
{"level":"info","message":"⌛ Building environment","timeElapsed":139,"timestamp":"2026-09-05T14:02:14.234Z"}
{"level":"info","message":"⌛ Validating clase59.wlk/bebidas.wlk","timeElapsed":209,"timestamp":"2026-09-05T14:02:14.456Z"}
{"level":"info","message":"⌛ Building environment","timeElapsed":236,"timestamp":"2026-09-05T14:02:14.694Z"}
{"level":"info","message":"⌛ Building environment","timeElapsed":296,"timestamp":"2026-09-05T14:02:14.993Z"}
{"level":"info","message":"⌛ Building environment","timeElapsed":227,"timestamp":"2026-09-05T14:02:15.222Z"}
{"level":"info","message":"⌛ Validating clase59.wlk/bebidas.wlk","timeElapsed":187,"timestamp":"2026-09-05T14:02:15.440Z"}
{"level":"info","message":"⌛ Building environment","timeElapsed":112,"timestamp":"2026-09-05T14:02:15.555Z"}
{"level":"info","message":"⌛ Building environment","timeElapsed":123,"timestamp":"2026-09-05T14:02:15.681Z"}
{"level":"info","message":"⌛ Building environment","timeElapsed":209,"timestamp":"2026-09-05T14:02:15.894Z"}
{"level":"info","message":"⌛ Validating clase59.wlk/bebidas.wlk","timeElapsed":357,"timestamp":"2026-09-05T14:02:16.319Z"}
{"level":"info","message":"⌛ Building environment","timeElapsed":144,"timestamp":"2026-09-05T14:02:16.465Z"}
{"level":"info","message":"⌛ Validating clase59.wlk/bebidas.wlk","timeElapsed":155,"timestamp":"2026-09-05T14:02:16.623Z"}
{"level":"info","message":"⌛ Building environment","timeElapsed":113,"timestamp":"2026-09-05T14:02:16.737Z"}
{"level":"info","message":"⌛ Building environment","timeElapsed":105,"timestamp":"2026-09-05T14:02:16.844Z"}
{"level":"info","message":"⌛ Validating clase59.wlk/bebidas.wlk","timeElapsed":170,"timestamp":"2026-09-05T14:02:17.039Z"}
{"level":"info","message":"⌛ Building environment","timeElapsed":151,"timestamp":"2026-09-05T14:02:17.198Z"}
{"level":"error","message":"✘ Completions for node Return ([44:9, 44:17] - clase59.wlk/bebidas.wlk) failed: Error: [Return]{d40cdd} at clase59.wlk/bebidas.wlk:44 exhausted all cases without a match [Return]{d40cdd} at clase59.wlk/bebidas.wlk:44 exhausted all cases without a match","stack":"Error: [Return]{d40cdd} at clase59.wlk/bebidas.wlk:44 exhausted all cases without a match\n    at c:\\Users\\elias\\.vscode\\extensions\\uqbar.wollok-lsp-ide-0.5.5\\out\\server\\src\\server.js:38:6142\n    at L2 (c:\\Users\\elias\\.vscode\\extensions\\uqbar.wollok-lsp-ide-0.5.5\\out\\server\\src\\server.js:2421:42)\n    at Jh (c:\\Users\\elias\\.vscode\\extensions\\uqbar.wollok-lsp-ide-0.5.5\\out\\server\\src\\server.js:2421:1092)\n    at w5n (c:\\Users\\elias\\.vscode\\extensions\\uqbar.wollok-lsp-ide-0.5.5\\out\\server\\src\\server.js:2421:1248)\n    at c:\\Users\\elias\\.vscode\\extensions\\uqbar.wollok-lsp-ide-0.5.5\\out\\server\\src\\server.js:38:6131\n    at L2 (c:\\Users\\elias\\.vscode\\extensions\\uqbar.wollok-lsp-ide-0.5.5\\out\\server\\src\\server.js:2421:42)\n    at c:\\Users\\elias\\.vscode\\extensions\\uqbar.wollok-lsp-ide-0.5.5\\out\\server\\src\\server.js:2421:2988\n    at c:\\Users\\elias\\.vscode\\extensions\\uqbar.wollok-lsp-ide-0.5.5\\out\\server\\src\\server.js:2430:8440\n    at c:\\Users\\elias\\.vscode\\extensions\\uqbar.wollok-lsp-ide-0.5.5\\out\\server\\src\\server.js:37:74872\n    at Ke (c:\\Users\\elias\\.vscode\\extensions\\uqbar.wollok-lsp-ide-0.5.5\\out\\server\\src\\server.js:7:8527)","timestamp":"2026-09-05T14:02:17.267Z"}
{"level":"info","message":"⌛ Validating clase59.wlk/bebidas.wlk","timeElapsed":258,"timestamp":"2026-09-05T14:02:17.530Z"}
{"level":"info","message":"⌛ Building environment","timeElapsed":379,"timestamp":"2026-09-05T14:02:17.975Z"}
{"level":"info","message":"⌛ Validating clase59.wlk/bebidas.wlk","timeElapsed":157,"timestamp":"2026-09-05T14:02:18.137Z"}
{"level":"info","message":"⌛ Validating clase59.wlk/bebidas.wlk","timeElapsed":148,"timestamp":"2026-09-05T14:02:18.297Z"}
{"level":"info","message":"⌛ Building environment","timeElapsed":157,"timestamp":"2026-09-05T14:02:18.455Z"}
{"level":"info","message":"⌛ Validating clase59.wlk/bebidas.wlk","timeElapsed":174,"timestamp":"2026-09-05T14:02:18.638Z"}
{"level":"info","message":"⌛ Building environment","timeElapsed":120,"timestamp":"2026-09-05T14:02:18.779Z"}
{"level":"info","message":"⌛ Validating clase59.wlk/bebidas.wlk","timeElapsed":321,"timestamp":"2026-09-05T14:02:19.100Z"}
{"level":"info","message":"⌛ Building environment","timeElapsed":179,"timestamp":"2026-09-05T14:02:19.294Z"}
{"level":"info","message":"⌛ Building environment","timeElapsed":147,"timestamp":"2026-09-05T14:02:19.442Z"}
{"level":"info","message":"⌛ Building environment","timeElapsed":103,"timestamp":"2026-09-05T14:02:19.564Z"}
{"level":"info","message":"⌛ Validating clase59.wlk/bebidas.wlk","timeElapsed":189,"timestamp":"2026-09-05T14:02:19.754Z"}
{"level":"info","message":"⌛ Validating clase59.wlk/bebidas.wlk","timeElapsed":133,"timestamp":"2026-09-05T14:02:19.897Z"}
{"level":"info","message":"⌛ Validating clase59.wlk/bebidas.wlk","timeElapsed":168,"timestamp":"2026-09-05T14:02:20.072Z"}
{"level":"info","message":"⌛ Validating clase59.wlk/bebidas.wlk","timeElapsed":145,"timestamp":"2026-09-05T14:02:20.222Z"}
{"level":"info","message":"⌛ Building environment","timeElapsed":246,"timestamp":"2026-09-05T14:02:20.473Z"}
{"level":"info","message":"⌛ Validating clase59.wlk/bebidas.wlk","timeElapsed":229,"timestamp":"2026-09-05T14:02:20.789Z"}
{"level":"info","message":"⌛ Building environment","timeElapsed":120,"timestamp":"2026-09-05T14:02:20.908Z"}
{"level":"info","message":"⌛ Building environment","timeElapsed":150,"timestamp":"2026-09-05T14:02:21.059Z"}
{"level":"info","message":"⌛ Building environment","timeElapsed":130,"timestamp":"2026-09-05T14:02:21.190Z"}
{"level":"info","message":"⌛ Building environment","timeElapsed":122,"timestamp":"2026-09-05T14:02:21.313Z"}
{"level":"info","message":"⌛ Validating clase59.wlk/bebidas.wlk","timeElapsed":161,"timestamp":"2026-09-05T14:02:21.475Z"}
{"level":"info","message":"⌛ Validating clase59.wlk/bebidas.wlk","timeElapsed":144,"timestamp":"2026-09-05T14:02:21.632Z"}
{"level":"info","message":"⌛ Validating clase59.wlk/bebidas.wlk","timeElapsed":234,"timestamp":"2026-09-05T14:02:21.869Z"}
{"level":"info","message":"⌛ Building environment","timeElapsed":214,"timestamp":"2026-09-05T14:02:22.092Z"}
{"level":"info","message":"⌛ Validating clase59.wlk/bebidas.wlk","timeElapsed":175,"timestamp":"2026-09-05T14:02:22.268Z"}
{"level":"info","message":"⌛ Building environment","timeElapsed":106,"timestamp":"2026-09-05T14:02:22.375Z"}
{"level":"info","message":"⌛ Validating clase59.wlk/bebidas.wlk","timeElapsed":166,"timestamp":"2026-09-05T14:02:22.560Z"}
{"level":"info","message":"⌛ Building environment","timeElapsed":117,"timestamp":"2026-09-05T14:02:22.677Z"}
{"level":"info","message":"⌛ Validating clase59.wlk/bebidas.wlk","timeElapsed":158,"timestamp":"2026-09-05T14:02:22.835Z"}
{"level":"info","message":"⌛ Validating clase59.wlk/bebidas.wlk","timeElapsed":143,"timestamp":"2026-09-05T14:02:22.989Z"}
{"level":"info","message":"⌛ Building environment","timeElapsed":109,"timestamp":"2026-09-05T14:02:23.100Z"}
{"level":"info","message":"⌛ Validating clase59.wlk/bebidas.wlk","timeElapsed":274,"timestamp":"2026-09-05T14:02:23.428Z"}
{"level":"info","message":"⌛ Validating clase59.wlk/bebidas.wlk","timeElapsed":148,"timestamp":"2026-09-05T14:02:23.590Z"}
{"level":"info","message":"⌛ Validating clase59.wlk/bebidas.wlk","timeElapsed":155,"timestamp":"2026-09-05T14:02:23.750Z"}
{"level":"info","message":"⌛ Building environment","timeElapsed":132,"timestamp":"2026-09-05T14:02:23.889Z"}
{"level":"info","message":"⌛ Building environment","timeElapsed":163,"timestamp":"2026-09-05T14:02:24.060Z"}
{"level":"info","message":"⌛ Building environment","timeElapsed":401,"timestamp":"2026-09-05T14:02:24.462Z"}
{"level":"info","message":"⌛ Validating clase59.wlk/bebidas.wlk","timeElapsed":217,"timestamp":"2026-09-05T14:02:24.681Z"}
{"level":"info","message":"⌛ Validating clase59.wlk/bebidas.wlk","timeElapsed":194,"timestamp":"2026-09-05T14:02:24.888Z"}
{"level":"info","message":"⌛ Validating clase59.wlk/bebidas.wlk","timeElapsed":163,"timestamp":"2026-09-05T14:02:25.054Z"}
{"level":"info","message":"⌛ Validating clase59.wlk/bebidas.wlk","timeElapsed":145,"timestamp":"2026-09-05T14:02:25.211Z"}
{"level":"info","message":"⌛ Validating clase59.wlk/bebidas.wlk","timeElapsed":187,"timestamp":"2026-09-05T14:02:25.407Z"}
{"level":"info","message":"⌛ Validating clase59.wlk/bebidas.wlk","timeElapsed":173,"timestamp":"2026-09-05T14:02:25.587Z"}
{"level":"info","message":"⌛ Validating clase59.wlk/bebidas.wlk","timeElapsed":171,"timestamp":"2026-09-05T14:02:25.765Z"}
{"level":"info","message":"⌛ Validating clase59.wlk/bebidas.wlk","timeElapsed":203,"timestamp":"2026-09-05T14:02:25.975Z"}
{"level":"info","message":"⌛ Validating clase59.wlk/bebidas.wlk","timeElapsed":269,"timestamp":"2026-09-05T14:02:26.273Z"}
{"level":"info","message":"⌛ Validating clase59.wlk/bebidas.wlk","timeElapsed":214,"timestamp":"2026-09-05T14:02:26.498Z"}
{"level":"info","message":"⌛ Validating clase59.wlk/bebidas.wlk","timeElapsed":156,"timestamp":"2026-09-05T14:02:26.665Z"}
{"level":"info","message":"⌛ Validating clase59.wlk/bebidas.wlk","timeElapsed":202,"timestamp":"2026-09-05T14:02:26.876Z"}
{"level":"info","message":"⌛ Building environment","timeElapsed":163,"timestamp":"2026-09-05T14:02:27.047Z"}
{"level":"info","message":"⌛ Building environment","timeElapsed":163,"timestamp":"2026-09-05T14:02:27.222Z"}
{"level":"error","message":"✘ Completions for node If ([44:16, 44:38] - clase59.wlk/bebidas.wlk) failed: Error: [If]{6a742a} at clase59.wlk/bebidas.wlk:44 exhausted all cases without a match [If]{6a742a} at clase59.wlk/bebidas.wlk:44 exhausted all cases without a match","stack":"Error: [If]{6a742a} at clase59.wlk/bebidas.wlk:44 exhausted all cases without a match\n    at c:\\Users\\elias\\.vscode\\extensions\\uqbar.wollok-lsp-ide-0.5.5\\out\\server\\src\\server.js:38:6142\n    at L2 (c:\\Users\\elias\\.vscode\\extensions\\uqbar.wollok-lsp-ide-0.5.5\\out\\server\\src\\server.js:2421:42)\n    at Jh (c:\\Users\\elias\\.vscode\\extensions\\uqbar.wollok-lsp-ide-0.5.5\\out\\server\\src\\server.js:2421:1092)\n    at y5n (c:\\Users\\elias\\.vscode\\extensions\\uqbar.wollok-lsp-ide-0.5.5\\out\\server\\src\\server.js:2421:818)\n    at c:\\Users\\elias\\.vscode\\extensions\\uqbar.wollok-lsp-ide-0.5.5\\out\\server\\src\\server.js:38:6131\n    at L2 (c:\\Users\\elias\\.vscode\\extensions\\uqbar.wollok-lsp-ide-0.5.5\\out\\server\\src\\server.js:2421:42)\n    at Jh (c:\\Users\\elias\\.vscode\\extensions\\uqbar.wollok-lsp-ide-0.5.5\\out\\server\\src\\server.js:2421:1092)\n    at w5n (c:\\Users\\elias\\.vscode\\extensions\\uqbar.wollok-lsp-ide-0.5.5\\out\\server\\src\\server.js:2421:1248)\n    at c:\\Users\\elias\\.vscode\\extensions\\uqbar.wollok-lsp-ide-0.5.5\\out\\server\\src\\server.js:38:6131\n    at L2 (c:\\Users\\elias\\.vscode\\extensions\\uqbar.wollok-lsp-ide-0.5.5\\out\\server\\src\\server.js:2421:42)","timestamp":"2026-09-05T14:02:27.267Z"}
{"level":"error","message":"✘ Completions for node Return ([44:9, 44:38] - clase59.wlk/bebidas.wlk) failed: Error: [Return]{dd0ad3} at clase59.wlk/bebidas.wlk:44 exhausted all cases without a match [Return]{dd0ad3} at clase59.wlk/bebidas.wlk:44 exhausted all cases without a match","stack":"Error: [Return]{dd0ad3} at clase59.wlk/bebidas.wlk:44 exhausted all cases without a match\n    at c:\\Users\\elias\\.vscode\\extensions\\uqbar.wollok-lsp-ide-0.5.5\\out\\server\\src\\server.js:38:6142\n    at L2 (c:\\Users\\elias\\.vscode\\extensions\\uqbar.wollok-lsp-ide-0.5.5\\out\\server\\src\\server.js:2421:42)\n    at Jh (c:\\Users\\elias\\.vscode\\extensions\\uqbar.wollok-lsp-ide-0.5.5\\out\\server\\src\\server.js:2421:1092)\n    at L2 (c:\\Users\\elias\\.vscode\\extensions\\uqbar.wollok-lsp-ide-0.5.5\\out\\server\\src\\server.js:2421:544)\n    at Jh (c:\\Users\\elias\\.vscode\\extensions\\uqbar.wollok-lsp-ide-0.5.5\\out\\server\\src\\server.js:2421:1092)\n    at y5n (c:\\Users\\elias\\.vscode\\extensions\\uqbar.wollok-lsp-ide-0.5.5\\out\\server\\src\\server.js:2421:818)\n    at c:\\Users\\elias\\.vscode\\extensions\\uqbar.wollok-lsp-ide-0.5.5\\out\\server\\src\\server.js:38:6131\n    at L2 (c:\\Users\\elias\\.vscode\\extensions\\uqbar.wollok-lsp-ide-0.5.5\\out\\server\\src\\server.js:2421:42)\n    at Jh (c:\\Users\\elias\\.vscode\\extensions\\uqbar.wollok-lsp-ide-0.5.5\\out\\server\\src\\server.js:2421:1092)\n    at w5n (c:\\Users\\elias\\.vscode\\extensions\\uqbar.wollok-lsp-ide-0.5.5\\out\\server\\src\\server.js:2421:1248)","timestamp":"2026-09-05T14:02:27.267Z"}
{"level":"info","message":"⌛ Building environment","timeElapsed":304,"timestamp":"2026-09-05T14:02:27.576Z"}
{"level":"info","message":"⌛ Building environment","timeElapsed":198,"timestamp":"2026-09-05T14:02:27.776Z"}
{"level":"info","message":"⌛ Building environment","timeElapsed":107,"timestamp":"2026-09-05T14:02:27.914Z"}
{"level":"info","message":"⌛ Building environment","timeElapsed":138,"timestamp":"2026-09-05T14:02:28.055Z"}
{"level":"info","message":"⌛ Building environment","timeElapsed":139,"timestamp":"2026-09-05T14:02:28.195Z"}
{"level":"info","message":"⌛ Validating clase59.wlk/bebidas.wlk","timeElapsed":178,"timestamp":"2026-09-05T14:02:28.374Z"}
{"level":"info","message":"⌛ Building environment","timeElapsed":132,"timestamp":"2026-09-05T14:02:28.507Z"}
{"level":"info","message":"⌛ Validating clase59.wlk/bebidas.wlk","timeElapsed":182,"timestamp":"2026-09-05T14:02:28.689Z"}
{"level":"info","message":"⌛ Building environment","timeElapsed":159,"timestamp":"2026-09-05T14:02:28.854Z"}
{"level":"info","message":"⌛ Validating clase59.wlk/bebidas.wlk","timeElapsed":231,"timestamp":"2026-09-05T14:02:29.154Z"}
{"level":"info","message":"⌛ Building environment","timeElapsed":122,"timestamp":"2026-09-05T14:02:29.277Z"}
{"level":"info","message":"⌛ Validating clase59.wlk/bebidas.wlk","timeElapsed":138,"timestamp":"2026-09-05T14:02:29.544Z"}
{"level":"info","message":"⌛ Validating clase59.wlk/bebidas.wlk","timeElapsed":142,"timestamp":"2026-09-05T14:02:29.687Z"}
{"level":"info","message":"⌛ Validating clase59.wlk/bebidas.wlk","timeElapsed":146,"timestamp":"2026-09-05T14:02:29.839Z"}
{"level":"info","message":"⌛ Validating clase59.wlk/bebidas.wlk","timeElapsed":120,"timestamp":"2026-09-05T14:02:29.971Z"}
{"level":"info","message":"⌛ Validating clase59.wlk/bebidas.wlk","timeElapsed":193,"timestamp":"2026-09-05T14:02:30.269Z"}
{"level":"info","message":"⌛ Building environment","timeElapsed":240,"timestamp":"2026-09-05T14:02:30.513Z"}
{"level":"info","message":"⌛ Validating clase59.wlk/bebidas.wlk","timeElapsed":174,"timestamp":"2026-09-05T14:02:30.688Z"}
{"level":"info","message":"⌛ Validating clase59.wlk/bebidas.wlk","timeElapsed":160,"timestamp":"2026-09-05T14:02:30.854Z"}
{"level":"info","message":"⌛ Validating clase59.wlk/bebidas.wlk","timeElapsed":184,"timestamp":"2026-09-05T14:02:31.038Z"}
{"level":"info","message":"⌛ Validating clase59.wlk/bebidas.wlk","timeElapsed":215,"timestamp":"2026-09-05T14:02:31.257Z"}
{"level":"info","message":"⌛ Validating clase59.wlk/bebidas.wlk","timeElapsed":191,"timestamp":"2026-09-05T14:02:31.454Z"}
{"errors":{"errors":[null,["/*\r","Agregado al readme:\r","cianuro: el rendimiento sera cero si el peso del deportista es 70 o menos, si es mas\r","que 70 entoces el rendimiento es el 1% de la dosis consumida.\r"]]},"level":"error","message":"✘ Failed to get type description: Error: {\n  \"errors\": [\n    null,\n    [\n      \"/*\\r\",\n      \"Agregado al readme:\\r\",\n      \"cianuro: el rendimiento sera cero si el peso del deportista es 70 o menos, si es mas\\r\",\n      \"que 70 entoces el rendimiento es el 1% de la dosis consumida.\\r\"\n    ]\n  ]\n} {\n  \"errors\": [\n    null,\n    [\n      \"/*\\r\",\n      \"Agregado al readme:\\r\",\n      \"cianuro: el rendimiento sera cero si el peso del deportista es 70 o menos, si es mas\\r\",\n      \"que 70 entoces el rendimiento es el 1% de la dosis consumida.\\r\"\n    ]\n  ]\n}","stack":"Error: {\n  \"errors\": [\n    null,\n    [\n      \"/*\\r\",\n      \"Agregado al readme:\\r\",\n      \"cianuro: el rendimiento sera cero si el peso del deportista es 70 o menos, si es mas\\r\",\n      \"que 70 entoces el rendimiento es el 1% de la dosis consumida.\\r\"\n    ]\n  ]\n}\n    at lS (c:\\Users\\elias\\.vscode\\extensions\\uqbar.wollok-lsp-ide-0.5.5\\out\\server\\src\\server.js:64:34609)\n    at Q1 (c:\\Users\\elias\\.vscode\\extensions\\uqbar.wollok-lsp-ide-0.5.5\\out\\server\\src\\server.js:64:34682)\n    at c:\\Users\\elias\\.vscode\\extensions\\uqbar.wollok-lsp-ide-0.5.5\\out\\server\\src\\server.js:64:37949\n    at o.y1 (c:\\Users\\elias\\.vscode\\extensions\\uqbar.wollok-lsp-ide-0.5.5\\out\\server\\src\\server.js:57:59136)\n    at c:\\Users\\elias\\.vscode\\extensions\\uqbar.wollok-lsp-ide-0.5.5\\out\\server\\src\\server.js:64:37918\n    at c:\\Users\\elias\\.vscode\\extensions\\uqbar.wollok-lsp-ide-0.5.5\\out\\server\\src\\server.js:57:57176\n    at Dfn (c:\\Users\\elias\\.vscode\\extensions\\uqbar.wollok-lsp-ide-0.5.5\\out\\server\\src\\server.js:68:11324)\n    at c:\\Users\\elias\\.vscode\\extensions\\uqbar.wollok-lsp-ide-0.5.5\\out\\server\\src\\server.js:68:3629\n    at Ybn (c:\\Users\\elias\\.vscode\\extensions\\uqbar.wollok-lsp-ide-0.5.5\\out\\server\\src\\server.js:68:3396)\n    at c:\\Users\\elias\\.vscode\\extensions\\uqbar.wollok-lsp-ide-0.5.5\\out\\server\\src\\server.js:2430:847","timestamp":"2026-09-05T14:02:47.269Z"}
{"level":"info","message":"⌛ Building environment","timeElapsed":168,"timestamp":"2026-09-05T14:02:49.897Z"}
{"level":"info","message":"⌛ Validating clase59.wlk/bebidas.wlk","timeElapsed":161,"timestamp":"2026-09-05T14:02:50.081Z"}
{"level":"info","message":"⌛ Building environment","timeElapsed":112,"timestamp":"2026-09-05T14:02:50.585Z"}
{"level":"info","message":"⌛ Validating clase59.wlk/bebidas.wlk","timeElapsed":135,"timestamp":"2026-09-05T14:02:50.722Z"}
{"level":"info","message":"⌛ Building environment","timeElapsed":146,"timestamp":"2026-09-05T14:02:50.944Z"}
{"level":"info","message":"⌛ Building environment","timeElapsed":236,"timestamp":"2026-09-05T14:02:51.225Z"}
{"level":"info","message":"⌛ Validating clase59.wlk/bebidas.wlk","timeElapsed":249,"timestamp":"2026-09-05T14:02:51.477Z"}
{"level":"info","message":"⌛ Building environment","timeElapsed":165,"timestamp":"2026-09-05T14:02:51.644Z"}
{"level":"info","message":"⌛ Validating clase59.wlk/bebidas.wlk","timeElapsed":167,"timestamp":"2026-09-05T14:02:51.826Z"}
{"level":"info","message":"⌛ Building environment","timeElapsed":121,"timestamp":"2026-09-05T14:02:51.955Z"}
{"level":"info","message":"⌛ Building environment","timeElapsed":134,"timestamp":"2026-09-05T14:02:52.089Z"}
{"level":"error","message":"✘ Failed to rebuild document Failed to parse clase59.wlk/bebidas.wlk: \n-- PARSING FAILED --------------------------------------------------\n\n  26 | \n  27 |     method\n> 28 | }\n     | ^\n  29 | \n  30 | \n\nExpected one of the following: \n\n'!=', '!==', '%', '&&', '*', '**', '+', '-', '->', '..', '..<', '/', '<', '<<', '<<<', '<=', '<=>', '<>', '==', '===', '>', '>..', '>=', '>>', '>>>', '?:', 'and', 'invert', 'negate', 'or', 'plus', '||', identifier, whitespace\n","stack":"Error: Failed to parse clase59.wlk/bebidas.wlk: \n-- PARSING FAILED --------------------------------------------------\n\n  26 | \n  27 |     method\n> 28 | }\n     | ^\n  29 | \n  30 | \n\nExpected one of the following: \n\n'!=', '!==', '%', '&&', '*', '**', '+', '-', '->', '..', '..<', '/', '<', '<<', '<<<', '<=', '<=>', '<>', '==', '===', '>', '>..', '>=', '>>', '>>>', '?:', 'and', 'invert', 'negate', 'or', 'plus', '||', identifier, whitespace\n\n    at c:\\Users\\elias\\.vscode\\extensions\\uqbar.wollok-lsp-ide-0.5.5\\out\\server\\src\\server.js:2385:13026\n    at Array.map (<anonymous>)\n    at z1n (c:\\Users\\elias\\.vscode\\extensions\\uqbar.wollok-lsp-ide-0.5.5\\out\\server\\src\\server.js:2385:12950)\n    at H2.buildEnvironmentFrom (c:\\Users\\elias\\.vscode\\extensions\\uqbar.wollok-lsp-ide-0.5.5\\out\\server\\src\\server.js:2430:5254)\n    at H2.updateEnvironmentWith (c:\\Users\\elias\\.vscode\\extensions\\uqbar.wollok-lsp-ide-0.5.5\\out\\server\\src\\server.js:2430:4989)\n    at QF (c:\\Users\\elias\\.vscode\\extensions\\uqbar.wollok-lsp-ide-0.5.5\\out\\server\\src\\server.js:2430:7383)\n    at V3.invoke (c:\\Users\\elias\\.vscode\\extensions\\uqbar.wollok-lsp-ide-0.5.5\\out\\server\\src\\server.js:3:157330)\n    at o.fire (c:\\Users\\elias\\.vscode\\extensions\\uqbar.wollok-lsp-ide-0.5.5\\out\\server\\src\\server.js:3:158100)\n    at c:\\Users\\elias\\.vscode\\extensions\\uqbar.wollok-lsp-ide-0.5.5\\out\\server\\src\\server.js:37:57871\n    at nd (c:\\Users\\elias\\.vscode\\extensions\\uqbar.wollok-lsp-ide-0.5.5\\out\\server\\src\\server.js:8:1561)","timestamp":"2026-09-05T14:02:52.107Z"}
{"level":"info","message":"⌛ Validating clase59.wlk/bebidas.wlk","timeElapsed":539,"timestamp":"2026-09-05T14:02:52.647Z"}
{"level":"error","message":"✘ Failed to rebuild document Failed to parse clase59.wlk/bebidas.wlk: \n-- PARSING FAILED --------------------------------------------------\n\n  26 | \n  27 |     method \n> 28 | }\n     | ^\n  29 | \n  30 | \n\nExpected one of the following: \n\n'!=', '!==', '%', '&&', '*', '**', '+', '-', '->', '..', '..<', '/', '<', '<<', '<<<', '<=', '<=>', '<>', '==', '===', '>', '>..', '>=', '>>', '>>>', '?:', 'and', 'invert', 'negate', 'or', 'plus', '||', identifier, whitespace\n","stack":"Error: Failed to parse clase59.wlk/bebidas.wlk: \n-- PARSING FAILED --------------------------------------------------\n\n  26 | \n  27 |     method \n> 28 | }\n     | ^\n  29 | \n  30 | \n\nExpected one of the following: \n\n'!=', '!==', '%', '&&', '*', '**', '+', '-', '->', '..', '..<', '/', '<', '<<', '<<<', '<=', '<=>', '<>', '==', '===', '>', '>..', '>=', '>>', '>>>', '?:', 'and', 'invert', 'negate', 'or', 'plus', '||', identifier, whitespace\n\n    at c:\\Users\\elias\\.vscode\\extensions\\uqbar.wollok-lsp-ide-0.5.5\\out\\server\\src\\server.js:2385:13026\n    at Array.map (<anonymous>)\n    at z1n (c:\\Users\\elias\\.vscode\\extensions\\uqbar.wollok-lsp-ide-0.5.5\\out\\server\\src\\server.js:2385:12950)\n    at H2.buildEnvironmentFrom (c:\\Users\\elias\\.vscode\\extensions\\uqbar.wollok-lsp-ide-0.5.5\\out\\server\\src\\server.js:2430:5254)\n    at H2.updateEnvironmentWith (c:\\Users\\elias\\.vscode\\extensions\\uqbar.wollok-lsp-ide-0.5.5\\out\\server\\src\\server.js:2430:4989)\n    at QF (c:\\Users\\elias\\.vscode\\extensions\\uqbar.wollok-lsp-ide-0.5.5\\out\\server\\src\\server.js:2430:7383)\n    at V3.invoke (c:\\Users\\elias\\.vscode\\extensions\\uqbar.wollok-lsp-ide-0.5.5\\out\\server\\src\\server.js:3:157330)\n    at o.fire (c:\\Users\\elias\\.vscode\\extensions\\uqbar.wollok-lsp-ide-0.5.5\\out\\server\\src\\server.js:3:158100)\n    at c:\\Users\\elias\\.vscode\\extensions\\uqbar.wollok-lsp-ide-0.5.5\\out\\server\\src\\server.js:37:57871\n    at nd (c:\\Users\\elias\\.vscode\\extensions\\uqbar.wollok-lsp-ide-0.5.5\\out\\server\\src\\server.js:8:1561)","timestamp":"2026-09-05T14:02:52.756Z"}
{"level":"info","message":"⌛ Validating clase59.wlk/bebidas.wlk","timeElapsed":400,"timestamp":"2026-09-05T14:02:53.194Z"}
{"level":"info","message":"⌛ Validating clase59.wlk/bebidas.wlk","timeElapsed":275,"timestamp":"2026-09-05T14:02:53.486Z"}
{"level":"info","message":"⌛ Building environment","timeElapsed":152,"timestamp":"2026-09-05T14:02:53.640Z"}
{"level":"info","message":"⌛ Building environment","timeElapsed":132,"timestamp":"2026-09-05T14:02:53.773Z"}
{"level":"info","message":"⌛ Building environment","timeElapsed":283,"timestamp":"2026-09-05T14:02:54.179Z"}
{"level":"info","message":"⌛ Building environment","timeElapsed":314,"timestamp":"2026-09-05T14:02:54.509Z"}
{"level":"info","message":"⌛ Building environment","timeElapsed":213,"timestamp":"2026-09-05T14:02:54.772Z"}
{"level":"info","message":"⌛ Building environment","timeElapsed":152,"timestamp":"2026-09-05T14:02:54.926Z"}
{"level":"info","message":"⌛ Validating clase59.wlk/bebidas.wlk","timeElapsed":159,"timestamp":"2026-09-05T14:02:55.111Z"}
{"level":"info","message":"⌛ Validating clase59.wlk/bebidas.wlk","timeElapsed":167,"timestamp":"2026-09-05T14:02:55.287Z"}
{"level":"info","message":"⌛ Validating clase59.wlk/bebidas.wlk","timeElapsed":150,"timestamp":"2026-09-05T14:02:55.444Z"}
{"level":"info","message":"⌛ Building environment","timeElapsed":119,"timestamp":"2026-09-05T14:02:55.568Z"}
{"level":"info","message":"⌛ Building environment","timeElapsed":187,"timestamp":"2026-09-05T14:02:55.757Z"}
{"level":"info","message":"⌛ Validating clase59.wlk/bebidas.wlk","timeElapsed":304,"timestamp":"2026-09-05T14:02:56.067Z"}
{"level":"info","message":"⌛ Validating clase59.wlk/bebidas.wlk","timeElapsed":198,"timestamp":"2026-09-05T14:02:56.266Z"}
{"level":"info","message":"⌛ Validating clase59.wlk/bebidas.wlk","timeElapsed":165,"timestamp":"2026-09-05T14:02:56.437Z"}
{"level":"info","message":"⌛ Validating clase59.wlk/bebidas.wlk","timeElapsed":388,"timestamp":"2026-09-05T14:02:56.825Z"}
{"level":"info","message":"⌛ Building environment","timeElapsed":104,"timestamp":"2026-09-05T14:02:56.930Z"}
{"level":"info","message":"⌛ Validating clase59.wlk/bebidas.wlk","timeElapsed":196,"timestamp":"2026-09-05T14:02:57.223Z"}
{"level":"info","message":"⌛ Building environment","timeElapsed":234,"timestamp":"2026-09-05T14:02:57.460Z"}
{"level":"info","message":"⌛ Building environment","timeElapsed":166,"timestamp":"2026-09-05T14:02:57.640Z"}
{"level":"info","message":"⌛ Building environment","timeElapsed":233,"timestamp":"2026-09-05T14:02:57.879Z"}
{"level":"info","message":"⌛ Building environment","timeElapsed":139,"timestamp":"2026-09-05T14:02:58.022Z"}
{"level":"info","message":"⌛ Validating clase59.wlk/bebidas.wlk","timeElapsed":225,"timestamp":"2026-09-05T14:02:58.271Z"}
{"level":"info","message":"⌛ Building environment","timeElapsed":124,"timestamp":"2026-09-05T14:02:58.396Z"}
{"level":"info","message":"⌛ Validating clase59.wlk/bebidas.wlk","timeElapsed":189,"timestamp":"2026-09-05T14:02:58.596Z"}
{"level":"info","message":"⌛ Validating clase59.wlk/bebidas.wlk","timeElapsed":288,"timestamp":"2026-09-05T14:02:58.933Z"}
{"level":"info","message":"⌛ Validating clase59.wlk/bebidas.wlk","timeElapsed":142,"timestamp":"2026-09-05T14:02:59.115Z"}
{"level":"info","message":"⌛ Validating clase59.wlk/bebidas.wlk","timeElapsed":148,"timestamp":"2026-09-05T14:02:59.268Z"}
{"level":"info","message":"⌛ Validating clase59.wlk/bebidas.wlk","timeElapsed":197,"timestamp":"2026-09-05T14:02:59.467Z"}
{"level":"info","message":"⌛ Building environment","timeElapsed":157,"timestamp":"2026-09-05T14:02:59.911Z"}
{"level":"info","message":"⌛ Building environment","timeElapsed":320,"timestamp":"2026-09-05T14:03:00.275Z"}
{"level":"info","message":"⌛ Validating clase59.wlk/bebidas.wlk","timeElapsed":269,"timestamp":"2026-09-05T14:03:00.614Z"}
{"level":"info","message":"⌛ Building environment","timeElapsed":181,"timestamp":"2026-09-05T14:03:00.796Z"}
{"level":"info","message":"⌛ Building environment","timeElapsed":217,"timestamp":"2026-09-05T14:03:01.123Z"}
{"level":"info","message":"⌛ Building environment","timeElapsed":260,"timestamp":"2026-09-05T14:03:01.387Z"}
{"level":"info","message":"⌛ Validating clase59.wlk/bebidas.wlk","timeElapsed":234,"timestamp":"2026-09-05T14:03:01.622Z"}
{"level":"info","message":"⌛ Building environment","timeElapsed":276,"timestamp":"2026-09-05T14:03:01.955Z"}
{"level":"info","message":"⌛ Building environment","timeElapsed":139,"timestamp":"2026-09-05T14:03:02.146Z"}
{"level":"info","message":"⌛ Validating clase59.wlk/bebidas.wlk","timeElapsed":192,"timestamp":"2026-09-05T14:03:02.341Z"}
{"level":"info","message":"⌛ Building environment","timeElapsed":342,"timestamp":"2026-09-05T14:03:02.685Z"}
{"level":"info","message":"⌛ Building environment","timeElapsed":147,"timestamp":"2026-09-05T14:03:02.839Z"}
{"level":"error","message":"✘ Completions for node Return ([28:9, 28:18] - clase59.wlk/bebidas.wlk) failed: Error: [Return]{da0f14} at clase59.wlk/bebidas.wlk:28 exhausted all cases without a match [Return]{da0f14} at clase59.wlk/bebidas.wlk:28 exhausted all cases without a match","stack":"Error: [Return]{da0f14} at clase59.wlk/bebidas.wlk:28 exhausted all cases without a match\n    at c:\\Users\\elias\\.vscode\\extensions\\uqbar.wollok-lsp-ide-0.5.5\\out\\server\\src\\server.js:38:6142\n    at L2 (c:\\Users\\elias\\.vscode\\extensions\\uqbar.wollok-lsp-ide-0.5.5\\out\\server\\src\\server.js:2421:42)\n    at Jh (c:\\Users\\elias\\.vscode\\extensions\\uqbar.wollok-lsp-ide-0.5.5\\out\\server\\src\\server.js:2421:1092)\n    at w5n (c:\\Users\\elias\\.vscode\\extensions\\uqbar.wollok-lsp-ide-0.5.5\\out\\server\\src\\server.js:2421:1248)\n    at c:\\Users\\elias\\.vscode\\extensions\\uqbar.wollok-lsp-ide-0.5.5\\out\\server\\src\\server.js:38:6131\n    at L2 (c:\\Users\\elias\\.vscode\\extensions\\uqbar.wollok-lsp-ide-0.5.5\\out\\server\\src\\server.js:2421:42)\n    at c:\\Users\\elias\\.vscode\\extensions\\uqbar.wollok-lsp-ide-0.5.5\\out\\server\\src\\server.js:2421:2988\n    at c:\\Users\\elias\\.vscode\\extensions\\uqbar.wollok-lsp-ide-0.5.5\\out\\server\\src\\server.js:2430:8440\n    at c:\\Users\\elias\\.vscode\\extensions\\uqbar.wollok-lsp-ide-0.5.5\\out\\server\\src\\server.js:37:74872\n    at Ke (c:\\Users\\elias\\.vscode\\extensions\\uqbar.wollok-lsp-ide-0.5.5\\out\\server\\src\\server.js:7:8527)","timestamp":"2026-09-05T14:03:02.878Z"}
{"level":"info","message":"⌛ Validating clase59.wlk/bebidas.wlk","timeElapsed":176,"timestamp":"2026-09-05T14:03:03.059Z"}
{"level":"info","message":"⌛ Building environment","timeElapsed":297,"timestamp":"2026-09-05T14:03:03.359Z"}
{"level":"error","message":"✘ Completions for node Return ([28:9, 28:17] - clase59.wlk/bebidas.wlk) failed: Error: [Return]{ce0201} at clase59.wlk/bebidas.wlk:28 exhausted all cases without a match [Return]{ce0201} at clase59.wlk/bebidas.wlk:28 exhausted all cases without a match","stack":"Error: [Return]{ce0201} at clase59.wlk/bebidas.wlk:28 exhausted all cases without a match\n    at c:\\Users\\elias\\.vscode\\extensions\\uqbar.wollok-lsp-ide-0.5.5\\out\\server\\src\\server.js:38:6142\n    at L2 (c:\\Users\\elias\\.vscode\\extensions\\uqbar.wollok-lsp-ide-0.5.5\\out\\server\\src\\server.js:2421:42)\n    at Jh (c:\\Users\\elias\\.vscode\\extensions\\uqbar.wollok-lsp-ide-0.5.5\\out\\server\\src\\server.js:2421:1092)\n    at w5n (c:\\Users\\elias\\.vscode\\extensions\\uqbar.wollok-lsp-ide-0.5.5\\out\\server\\src\\server.js:2421:1248)\n    at c:\\Users\\elias\\.vscode\\extensions\\uqbar.wollok-lsp-ide-0.5.5\\out\\server\\src\\server.js:38:6131\n    at L2 (c:\\Users\\elias\\.vscode\\extensions\\uqbar.wollok-lsp-ide-0.5.5\\out\\server\\src\\server.js:2421:42)\n    at c:\\Users\\elias\\.vscode\\extensions\\uqbar.wollok-lsp-ide-0.5.5\\out\\server\\src\\server.js:2421:2988\n    at c:\\Users\\elias\\.vscode\\extensions\\uqbar.wollok-lsp-ide-0.5.5\\out\\server\\src\\server.js:2430:8440\n    at c:\\Users\\elias\\.vscode\\extensions\\uqbar.wollok-lsp-ide-0.5.5\\out\\server\\src\\server.js:37:74872\n    at Ke (c:\\Users\\elias\\.vscode\\extensions\\uqbar.wollok-lsp-ide-0.5.5\\out\\server\\src\\server.js:7:8527)","timestamp":"2026-09-05T14:03:03.467Z"}
{"level":"info","message":"⌛ Validating clase59.wlk/bebidas.wlk","timeElapsed":172,"timestamp":"2026-09-05T14:03:03.655Z"}
{"level":"info","message":"⌛ Building environment","timeElapsed":121,"timestamp":"2026-09-05T14:03:03.777Z"}
{"level":"info","message":"⌛ Building environment","timeElapsed":132,"timestamp":"2026-09-05T14:03:03.910Z"}
{"level":"error","message":"✘ Completions for node Return ([28:9, 28:17] - clase59.wlk/bebidas.wlk) failed: Error: [Return]{a46108} at clase59.wlk/bebidas.wlk:28 exhausted all cases without a match [Return]{a46108} at clase59.wlk/bebidas.wlk:28 exhausted all cases without a match","stack":"Error: [Return]{a46108} at clase59.wlk/bebidas.wlk:28 exhausted all cases without a match\n    at c:\\Users\\elias\\.vscode\\extensions\\uqbar.wollok-lsp-ide-0.5.5\\out\\server\\src\\server.js:38:6142\n    at L2 (c:\\Users\\elias\\.vscode\\extensions\\uqbar.wollok-lsp-ide-0.5.5\\out\\server\\src\\server.js:2421:42)\n    at Jh (c:\\Users\\elias\\.vscode\\extensions\\uqbar.wollok-lsp-ide-0.5.5\\out\\server\\src\\server.js:2421:1092)\n    at w5n (c:\\Users\\elias\\.vscode\\extensions\\uqbar.wollok-lsp-ide-0.5.5\\out\\server\\src\\server.js:2421:1248)\n    at c:\\Users\\elias\\.vscode\\extensions\\uqbar.wollok-lsp-ide-0.5.5\\out\\server\\src\\server.js:38:6131\n    at L2 (c:\\Users\\elias\\.vscode\\extensions\\uqbar.wollok-lsp-ide-0.5.5\\out\\server\\src\\server.js:2421:42)\n    at c:\\Users\\elias\\.vscode\\extensions\\uqbar.wollok-lsp-ide-0.5.5\\out\\server\\src\\server.js:2421:2988\n    at c:\\Users\\elias\\.vscode\\extensions\\uqbar.wollok-lsp-ide-0.5.5\\out\\server\\src\\server.js:2430:8440\n    at c:\\Users\\elias\\.vscode\\extensions\\uqbar.wollok-lsp-ide-0.5.5\\out\\server\\src\\server.js:37:74872\n    at Ke (c:\\Users\\elias\\.vscode\\extensions\\uqbar.wollok-lsp-ide-0.5.5\\out\\server\\src\\server.js:7:8527)","timestamp":"2026-09-05T14:03:03.947Z"}
{"level":"info","message":"⌛ Building environment","timeElapsed":134,"timestamp":"2026-09-05T14:03:04.086Z"}
{"level":"info","message":"⌛ Building environment","timeElapsed":136,"timestamp":"2026-09-05T14:03:04.223Z"}
{"level":"info","message":"⌛ Validating clase59.wlk/bebidas.wlk","timeElapsed":152,"timestamp":"2026-09-05T14:03:04.376Z"}
{"level":"info","message":"⌛ Validating clase59.wlk/bebidas.wlk","timeElapsed":279,"timestamp":"2026-09-05T14:03:04.727Z"}
{"level":"info","message":"⌛ Building environment","timeElapsed":339,"timestamp":"2026-09-05T14:03:05.079Z"}
{"level":"info","message":"⌛ Building environment","timeElapsed":112,"timestamp":"2026-09-05T14:03:05.219Z"}
{"level":"info","message":"⌛ Building environment","timeElapsed":156,"timestamp":"2026-09-05T14:03:05.376Z"}
{"level":"info","message":"⌛ Validating clase59.wlk/bebidas.wlk","timeElapsed":172,"timestamp":"2026-09-05T14:03:05.548Z"}
{"level":"info","message":"⌛ Validating clase59.wlk/bebidas.wlk","timeElapsed":301,"timestamp":"2026-09-05T14:03:05.859Z"}
{"level":"info","message":"⌛ Validating clase59.wlk/bebidas.wlk","timeElapsed":368,"timestamp":"2026-09-05T14:03:06.257Z"}
{"level":"info","message":"⌛ Validating clase59.wlk/bebidas.wlk","timeElapsed":227,"timestamp":"2026-09-05T14:03:06.489Z"}
{"level":"info","message":"⌛ Validating clase59.wlk/bebidas.wlk","timeElapsed":219,"timestamp":"2026-09-05T14:03:06.709Z"}
{"level":"info","message":"⌛ Validating clase59.wlk/bebidas.wlk","timeElapsed":165,"timestamp":"2026-09-05T14:03:06.878Z"}
{"level":"info","message":"⌛ Validating clase59.wlk/bebidas.wlk","timeElapsed":184,"timestamp":"2026-09-05T14:03:07.062Z"}
{"level":"info","message":"⌛ Validating clase59.wlk/bebidas.wlk","timeElapsed":180,"timestamp":"2026-09-05T14:03:07.247Z"}
{"level":"info","message":"⌛ Validating clase59.wlk/bebidas.wlk","timeElapsed":203,"timestamp":"2026-09-05T14:03:07.460Z"}
{"level":"info","message":"⌛ Validating clase59.wlk/bebidas.wlk","timeElapsed":330,"timestamp":"2026-09-05T14:03:07.817Z"}
{"level":"info","message":"⌛ Building environment","timeElapsed":468,"timestamp":"2026-09-05T14:05:21.681Z"}
{"level":"info","message":"⌛ Building environment","timeElapsed":226,"timestamp":"2026-09-05T14:05:21.977Z"}
{"level":"info","message":"⌛ Building environment","timeElapsed":164,"timestamp":"2026-09-05T14:05:22.187Z"}
{"level":"info","message":"⌛ Validating clase59.wlk/bebidas.wlk","timeElapsed":199,"timestamp":"2026-09-05T14:05:22.388Z"}
{"level":"info","message":"⌛ Building environment","timeElapsed":228,"timestamp":"2026-09-05T14:05:22.618Z"}
{"level":"info","message":"⌛ Validating clase59.wlk/bebidas.wlk","timeElapsed":229,"timestamp":"2026-09-05T14:05:22.866Z"}
{"level":"info","message":"⌛ Building environment","timeElapsed":301,"timestamp":"2026-09-05T14:05:23.501Z"}
{"level":"info","message":"⌛ Validating clase59.wlk/bebidas.wlk","timeElapsed":220,"timestamp":"2026-09-05T14:05:23.722Z"}
{"level":"info","message":"⌛ Building environment","timeElapsed":152,"timestamp":"2026-09-05T14:05:23.873Z"}
{"level":"error","message":"✘ Failed to rebuild document Failed to parse clase59.wlk/bebidas.wlk: \n-- PARSING FAILED --------------------------------------------------\n\n  29 |     }\n  30 |     method\n> 31 | }\n     | ^\n  32 | \n  33 | \n\nExpected one of the following: \n\n'!=', '!==', '%', '&&', '*', '**', '+', '-', '->', '..', '..<', '/', '<', '<<', '<<<', '<=', '<=>', '<>', '==', '===', '>', '>..', '>=', '>>', '>>>', '?:', 'and', 'invert', 'negate', 'or', 'plus', '||', identifier, whitespace\n","stack":"Error: Failed to parse clase59.wlk/bebidas.wlk: \n-- PARSING FAILED --------------------------------------------------\n\n  29 |     }\n  30 |     method\n> 31 | }\n     | ^\n  32 | \n  33 | \n\nExpected one of the following: \n\n'!=', '!==', '%', '&&', '*', '**', '+', '-', '->', '..', '..<', '/', '<', '<<', '<<<', '<=', '<=>', '<>', '==', '===', '>', '>..', '>=', '>>', '>>>', '?:', 'and', 'invert', 'negate', 'or', 'plus', '||', identifier, whitespace\n\n    at c:\\Users\\elias\\.vscode\\extensions\\uqbar.wollok-lsp-ide-0.5.5\\out\\server\\src\\server.js:2385:13026\n    at Array.map (<anonymous>)\n    at z1n (c:\\Users\\elias\\.vscode\\extensions\\uqbar.wollok-lsp-ide-0.5.5\\out\\server\\src\\server.js:2385:12950)\n    at H2.buildEnvironmentFrom (c:\\Users\\elias\\.vscode\\extensions\\uqbar.wollok-lsp-ide-0.5.5\\out\\server\\src\\server.js:2430:5254)\n    at H2.updateEnvironmentWith (c:\\Users\\elias\\.vscode\\extensions\\uqbar.wollok-lsp-ide-0.5.5\\out\\server\\src\\server.js:2430:4989)\n    at QF (c:\\Users\\elias\\.vscode\\extensions\\uqbar.wollok-lsp-ide-0.5.5\\out\\server\\src\\server.js:2430:7383)\n    at V3.invoke (c:\\Users\\elias\\.vscode\\extensions\\uqbar.wollok-lsp-ide-0.5.5\\out\\server\\src\\server.js:3:157330)\n    at o.fire (c:\\Users\\elias\\.vscode\\extensions\\uqbar.wollok-lsp-ide-0.5.5\\out\\server\\src\\server.js:3:158100)\n    at c:\\Users\\elias\\.vscode\\extensions\\uqbar.wollok-lsp-ide-0.5.5\\out\\server\\src\\server.js:37:57871\n    at nd (c:\\Users\\elias\\.vscode\\extensions\\uqbar.wollok-lsp-ide-0.5.5\\out\\server\\src\\server.js:8:1561)","timestamp":"2026-09-05T14:05:23.889Z"}
{"level":"info","message":"⌛ Validating clase59.wlk/bebidas.wlk","timeElapsed":206,"timestamp":"2026-09-05T14:05:24.105Z"}
{"level":"error","message":"✘ Failed to rebuild document Failed to parse clase59.wlk/bebidas.wlk: \n-- PARSING FAILED --------------------------------------------------\n\n  29 |     }\n  30 |     method \n> 31 | }\n     | ^\n  32 | \n  33 | \n\nExpected one of the following: \n\n'!=', '!==', '%', '&&', '*', '**', '+', '-', '->', '..', '..<', '/', '<', '<<', '<<<', '<=', '<=>', '<>', '==', '===', '>', '>..', '>=', '>>', '>>>', '?:', 'and', 'invert', 'negate', 'or', 'plus', '||', identifier, whitespace\n","stack":"Error: Failed to parse clase59.wlk/bebidas.wlk: \n-- PARSING FAILED --------------------------------------------------\n\n  29 |     }\n  30 |     method \n> 31 | }\n     | ^\n  32 | \n  33 | \n\nExpected one of the following: \n\n'!=', '!==', '%', '&&', '*', '**', '+', '-', '->', '..', '..<', '/', '<', '<<', '<<<', '<=', '<=>', '<>', '==', '===', '>', '>..', '>=', '>>', '>>>', '?:', 'and', 'invert', 'negate', 'or', 'plus', '||', identifier, whitespace\n\n    at c:\\Users\\elias\\.vscode\\extensions\\uqbar.wollok-lsp-ide-0.5.5\\out\\server\\src\\server.js:2385:13026\n    at Array.map (<anonymous>)\n    at z1n (c:\\Users\\elias\\.vscode\\extensions\\uqbar.wollok-lsp-ide-0.5.5\\out\\server\\src\\server.js:2385:12950)\n    at H2.buildEnvironmentFrom (c:\\Users\\elias\\.vscode\\extensions\\uqbar.wollok-lsp-ide-0.5.5\\out\\server\\src\\server.js:2430:5254)\n    at H2.updateEnvironmentWith (c:\\Users\\elias\\.vscode\\extensions\\uqbar.wollok-lsp-ide-0.5.5\\out\\server\\src\\server.js:2430:4989)\n    at QF (c:\\Users\\elias\\.vscode\\extensions\\uqbar.wollok-lsp-ide-0.5.5\\out\\server\\src\\server.js:2430:7383)\n    at V3.invoke (c:\\Users\\elias\\.vscode\\extensions\\uqbar.wollok-lsp-ide-0.5.5\\out\\server\\src\\server.js:3:157330)\n    at o.fire (c:\\Users\\elias\\.vscode\\extensions\\uqbar.wollok-lsp-ide-0.5.5\\out\\server\\src\\server.js:3:158100)\n    at c:\\Users\\elias\\.vscode\\extensions\\uqbar.wollok-lsp-ide-0.5.5\\out\\server\\src\\server.js:37:57871\n    at nd (c:\\Users\\elias\\.vscode\\extensions\\uqbar.wollok-lsp-ide-0.5.5\\out\\server\\src\\server.js:8:1561)","timestamp":"2026-09-05T14:05:24.165Z"}
{"level":"info","message":"⌛ Building environment","timeElapsed":164,"timestamp":"2026-09-05T14:05:24.336Z"}
{"level":"info","message":"⌛ Building environment","timeElapsed":265,"timestamp":"2026-09-05T14:05:24.603Z"}
{"level":"info","message":"⌛ Building environment","timeElapsed":304,"timestamp":"2026-09-05T14:05:24.989Z"}
{"level":"info","message":"⌛ Building environment","timeElapsed":272,"timestamp":"2026-09-05T14:05:25.313Z"}
{"level":"info","message":"⌛ Building environment","timeElapsed":223,"timestamp":"2026-09-05T14:05:25.538Z"}
{"level":"info","message":"⌛ Building environment","timeElapsed":111,"timestamp":"2026-09-05T14:05:25.650Z"}
{"level":"info","message":"⌛ Validating clase59.wlk/bebidas.wlk","timeElapsed":171,"timestamp":"2026-09-05T14:05:25.850Z"}
{"level":"info","message":"⌛ Building environment","timeElapsed":121,"timestamp":"2026-09-05T14:05:25.972Z"}
{"level":"info","message":"⌛ Validating clase59.wlk/bebidas.wlk","timeElapsed":283,"timestamp":"2026-09-05T14:05:26.256Z"}
{"level":"info","message":"⌛ Building environment","timeElapsed":269,"timestamp":"2026-09-05T14:05:26.656Z"}
{"level":"info","message":"⌛ Validating clase59.wlk/bebidas.wlk","timeElapsed":317,"timestamp":"2026-09-05T14:05:26.984Z"}
{"level":"info","message":"⌛ Building environment","timeElapsed":167,"timestamp":"2026-09-05T14:05:27.173Z"}
{"level":"info","message":"⌛ Validating clase59.wlk/bebidas.wlk","timeElapsed":263,"timestamp":"2026-09-05T14:05:27.438Z"}
{"level":"info","message":"⌛ Building environment","timeElapsed":130,"timestamp":"2026-09-05T14:05:27.570Z"}
{"level":"info","message":"⌛ Building environment","timeElapsed":317,"timestamp":"2026-09-05T14:05:27.980Z"}
{"level":"info","message":"⌛ Validating clase59.wlk/bebidas.wlk","timeElapsed":201,"timestamp":"2026-09-05T14:05:28.206Z"}
{"level":"info","message":"⌛ Validating clase59.wlk/bebidas.wlk","timeElapsed":177,"timestamp":"2026-09-05T14:05:28.449Z"}
{"level":"info","message":"⌛ Building environment","timeElapsed":254,"timestamp":"2026-09-05T14:05:28.703Z"}
{"level":"info","message":"⌛ Building environment","timeElapsed":126,"timestamp":"2026-09-05T14:05:28.831Z"}
{"level":"info","message":"⌛ Validating clase59.wlk/bebidas.wlk","timeElapsed":154,"timestamp":"2026-09-05T14:05:28.988Z"}
{"level":"info","message":"⌛ Validating clase59.wlk/bebidas.wlk","timeElapsed":211,"timestamp":"2026-09-05T14:05:29.210Z"}
{"level":"info","message":"⌛ Validating clase59.wlk/bebidas.wlk","timeElapsed":258,"timestamp":"2026-09-05T14:05:29.512Z"}
{"level":"info","message":"⌛ Building environment","timeElapsed":127,"timestamp":"2026-09-05T14:05:29.648Z"}
{"level":"info","message":"⌛ Validating clase59.wlk/bebidas.wlk","timeElapsed":204,"timestamp":"2026-09-05T14:05:29.853Z"}
{"level":"info","message":"⌛ Building environment","timeElapsed":280,"timestamp":"2026-09-05T14:05:30.137Z"}
{"level":"info","message":"⌛ Building environment","timeElapsed":156,"timestamp":"2026-09-05T14:05:30.304Z"}
{"level":"info","message":"⌛ Building environment","timeElapsed":134,"timestamp":"2026-09-05T14:05:30.439Z"}
{"level":"info","message":"⌛ Building environment","timeElapsed":198,"timestamp":"2026-09-05T14:05:30.672Z"}
{"level":"info","message":"⌛ Validating clase59.wlk/bebidas.wlk","timeElapsed":387,"timestamp":"2026-09-05T14:05:31.060Z"}
{"level":"info","message":"⌛ Building environment","timeElapsed":167,"timestamp":"2026-09-05T14:05:31.250Z"}
{"level":"info","message":"⌛ Validating clase59.wlk/bebidas.wlk","timeElapsed":194,"timestamp":"2026-09-05T14:05:31.449Z"}
{"level":"info","message":"⌛ Building environment","timeElapsed":124,"timestamp":"2026-09-05T14:05:31.576Z"}
{"level":"info","message":"⌛ Building environment","timeElapsed":156,"timestamp":"2026-09-05T14:05:31.735Z"}
{"level":"error","message":"✘ Completions for node Parameter ([30:24, 30:32] - clase59.wlk/bebidas.wlk) failed: Error: [Parameter]{c4c852} at clase59.wlk/bebidas.wlk:30 exhausted all cases without a match [Parameter]{c4c852} at clase59.wlk/bebidas.wlk:30 exhausted all cases without a match","stack":"Error: [Parameter]{c4c852} at clase59.wlk/bebidas.wlk:30 exhausted all cases without a match\n    at c:\\Users\\elias\\.vscode\\extensions\\uqbar.wollok-lsp-ide-0.5.5\\out\\server\\src\\server.js:38:6142\n    at L2 (c:\\Users\\elias\\.vscode\\extensions\\uqbar.wollok-lsp-ide-0.5.5\\out\\server\\src\\server.js:2421:42)\n    at c:\\Users\\elias\\.vscode\\extensions\\uqbar.wollok-lsp-ide-0.5.5\\out\\server\\src\\server.js:2421:2988\n    at c:\\Users\\elias\\.vscode\\extensions\\uqbar.wollok-lsp-ide-0.5.5\\out\\server\\src\\server.js:2430:8440\n    at c:\\Users\\elias\\.vscode\\extensions\\uqbar.wollok-lsp-ide-0.5.5\\out\\server\\src\\server.js:37:74872\n    at Ke (c:\\Users\\elias\\.vscode\\extensions\\uqbar.wollok-lsp-ide-0.5.5\\out\\server\\src\\server.js:7:8527)\n    at It (c:\\Users\\elias\\.vscode\\extensions\\uqbar.wollok-lsp-ide-0.5.5\\out\\server\\src\\server.js:7:6189)\n    at et (c:\\Users\\elias\\.vscode\\extensions\\uqbar.wollok-lsp-ide-0.5.5\\out\\server\\src\\server.js:7:6378)\n    at Immediate._onImmediate (c:\\Users\\elias\\.vscode\\extensions\\uqbar.wollok-lsp-ide-0.5.5\\out\\server\\src\\server.js:7:6142)\n    at process.processImmediate (node:internal/timers:485:21)","timestamp":"2026-09-05T14:05:31.770Z"}
{"level":"info","message":"⌛ Building environment","timeElapsed":113,"timestamp":"2026-09-05T14:05:31.886Z"}
{"level":"info","message":"⌛ Validating clase59.wlk/bebidas.wlk","timeElapsed":238,"timestamp":"2026-09-05T14:05:32.150Z"}
{"level":"info","message":"⌛ Validating clase59.wlk/bebidas.wlk","timeElapsed":494,"timestamp":"2026-09-05T14:05:32.670Z"}
{"level":"info","message":"⌛ Validating clase59.wlk/bebidas.wlk","timeElapsed":139,"timestamp":"2026-09-05T14:05:32.814Z"}
{"level":"info","message":"⌛ Validating clase59.wlk/bebidas.wlk","timeElapsed":215,"timestamp":"2026-09-05T14:05:33.033Z"}
{"level":"info","message":"⌛ Validating clase59.wlk/bebidas.wlk","timeElapsed":207,"timestamp":"2026-09-05T14:05:33.245Z"}
{"level":"info","message":"⌛ Validating clase59.wlk/bebidas.wlk","timeElapsed":164,"timestamp":"2026-09-05T14:05:33.416Z"}
{"level":"info","message":"⌛ Validating clase59.wlk/bebidas.wlk","timeElapsed":179,"timestamp":"2026-09-05T14:05:33.598Z"}
{"level":"info","message":"⌛ Validating clase59.wlk/bebidas.wlk","timeElapsed":247,"timestamp":"2026-09-05T14:05:33.850Z"}
{"level":"info","message":"⌛ Validating clase59.wlk/bebidas.wlk","timeElapsed":240,"timestamp":"2026-09-05T14:05:34.117Z"}
{"level":"info","message":"⌛ Validating clase59.wlk/bebidas.wlk","timeElapsed":175,"timestamp":"2026-09-05T14:05:34.312Z"}
{"level":"info","message":"⌛ Validating clase59.wlk/bebidas.wlk","timeElapsed":130,"timestamp":"2026-09-05T14:05:34.446Z"}
{"level":"info","message":"⌛ Validating clase59.wlk/bebidas.wlk","timeElapsed":146,"timestamp":"2026-09-05T14:05:34.598Z"}
{"level":"info","message":"⌛ Building environment","timeElapsed":244,"timestamp":"2026-09-05T14:05:34.887Z"}
{"level":"info","message":"⌛ Building environment","timeElapsed":136,"timestamp":"2026-09-05T14:05:35.029Z"}
{"level":"info","message":"⌛ Validating clase59.wlk/bebidas.wlk","timeElapsed":273,"timestamp":"2026-09-05T14:05:35.304Z"}
{"level":"info","message":"⌛ Validating clase59.wlk/bebidas.wlk","timeElapsed":193,"timestamp":"2026-09-05T14:05:35.508Z"}
{"level":"info","message":"⌛ Building environment","timeElapsed":206,"timestamp":"2026-09-05T14:05:36.444Z"}
{"level":"info","message":"⌛ Autocomplete - Reference","timeElapsed":111,"timestamp":"2026-09-05T14:05:36.596Z"}
{"level":"info","message":"⌛ Building environment","timeElapsed":280,"timestamp":"2026-09-05T14:05:36.901Z"}
{"level":"info","message":"⌛ Validating clase59.wlk/bebidas.wlk","timeElapsed":163,"timestamp":"2026-09-05T14:05:37.096Z"}
{"level":"info","message":"⌛ Building environment","timeElapsed":113,"timestamp":"2026-09-05T14:05:37.219Z"}
{"level":"info","message":"⌛ Building environment","timeElapsed":144,"timestamp":"2026-09-05T14:05:37.378Z"}
{"level":"info","message":"⌛ Validating clase59.wlk/bebidas.wlk","timeElapsed":145,"timestamp":"2026-09-05T14:05:37.524Z"}
{"level":"info","message":"⌛ Validating clase59.wlk/bebidas.wlk","timeElapsed":133,"timestamp":"2026-09-05T14:05:37.668Z"}
{"level":"info","message":"⌛ Validating clase59.wlk/bebidas.wlk","timeElapsed":201,"timestamp":"2026-09-05T14:05:37.868Z"}
{"level":"info","message":"⌛ Building environment","timeElapsed":150,"timestamp":"2026-09-05T14:05:38.019Z"}
{"level":"info","message":"⌛ Building environment","timeElapsed":209,"timestamp":"2026-09-05T14:05:38.369Z"}
{"level":"info","message":"⌛ Building environment","timeElapsed":139,"timestamp":"2026-09-05T14:05:38.545Z"}
{"level":"info","message":"⌛ Validating clase59.wlk/bebidas.wlk","timeElapsed":274,"timestamp":"2026-09-05T14:05:38.822Z"}
{"level":"info","message":"⌛ Building environment","timeElapsed":197,"timestamp":"2026-09-05T14:05:39.035Z"}
{"level":"info","message":"⌛ Validating clase59.wlk/bebidas.wlk","timeElapsed":290,"timestamp":"2026-09-05T14:05:39.341Z"}
{"level":"info","message":"⌛ Validating clase59.wlk/bebidas.wlk","timeElapsed":397,"timestamp":"2026-09-05T14:05:39.748Z"}
{"level":"info","message":"⌛ Building environment","timeElapsed":180,"timestamp":"2026-09-05T14:05:39.948Z"}
{"level":"info","message":"⌛ Building environment","timeElapsed":239,"timestamp":"2026-09-05T14:05:40.219Z"}
{"level":"info","message":"⌛ Validating clase59.wlk/bebidas.wlk","timeElapsed":276,"timestamp":"2026-09-05T14:05:40.497Z"}
{"level":"info","message":"⌛ Building environment","timeElapsed":211,"timestamp":"2026-09-05T14:05:40.710Z"}
{"level":"info","message":"⌛ Building environment","timeElapsed":216,"timestamp":"2026-09-05T14:05:40.952Z"}
{"level":"error","message":"✘ Completions for node Assignment ([31:9, 31:17] - clase59.wlk/bebidas.wlk) failed: Error: [Assignment]{42bc1b} at clase59.wlk/bebidas.wlk:31 exhausted all cases without a match [Assignment]{42bc1b} at clase59.wlk/bebidas.wlk:31 exhausted all cases without a match","stack":"Error: [Assignment]{42bc1b} at clase59.wlk/bebidas.wlk:31 exhausted all cases without a match\n    at c:\\Users\\elias\\.vscode\\extensions\\uqbar.wollok-lsp-ide-0.5.5\\out\\server\\src\\server.js:38:6142\n    at L2 (c:\\Users\\elias\\.vscode\\extensions\\uqbar.wollok-lsp-ide-0.5.5\\out\\server\\src\\server.js:2421:42)\n    at Jh (c:\\Users\\elias\\.vscode\\extensions\\uqbar.wollok-lsp-ide-0.5.5\\out\\server\\src\\server.js:2421:1092)\n    at w5n (c:\\Users\\elias\\.vscode\\extensions\\uqbar.wollok-lsp-ide-0.5.5\\out\\server\\src\\server.js:2421:1248)\n    at c:\\Users\\elias\\.vscode\\extensions\\uqbar.wollok-lsp-ide-0.5.5\\out\\server\\src\\server.js:38:6131\n    at L2 (c:\\Users\\elias\\.vscode\\extensions\\uqbar.wollok-lsp-ide-0.5.5\\out\\server\\src\\server.js:2421:42)\n    at c:\\Users\\elias\\.vscode\\extensions\\uqbar.wollok-lsp-ide-0.5.5\\out\\server\\src\\server.js:2421:2988\n    at c:\\Users\\elias\\.vscode\\extensions\\uqbar.wollok-lsp-ide-0.5.5\\out\\server\\src\\server.js:2430:8440\n    at c:\\Users\\elias\\.vscode\\extensions\\uqbar.wollok-lsp-ide-0.5.5\\out\\server\\src\\server.js:37:74872\n    at Ke (c:\\Users\\elias\\.vscode\\extensions\\uqbar.wollok-lsp-ide-0.5.5\\out\\server\\src\\server.js:7:8527)","timestamp":"2026-09-05T14:05:41.177Z"}
{"level":"info","message":"⌛ Autocomplete - Reference","timeElapsed":114,"timestamp":"2026-09-05T14:05:41.179Z"}
{"level":"info","message":"⌛ Building environment","timeElapsed":189,"timestamp":"2026-09-05T14:05:41.369Z"}
{"level":"info","message":"⌛ Building environment","timeElapsed":414,"timestamp":"2026-09-05T14:05:41.785Z"}
{"level":"info","message":"⌛ Building environment","timeElapsed":132,"timestamp":"2026-09-05T14:05:41.917Z"}
{"level":"info","message":"⌛ Building environment","timeElapsed":136,"timestamp":"2026-09-05T14:05:42.054Z"}
{"level":"info","message":"⌛ Validating clase59.wlk/bebidas.wlk","timeElapsed":161,"timestamp":"2026-09-05T14:05:42.216Z"}
{"level":"info","message":"⌛ Validating clase59.wlk/bebidas.wlk","timeElapsed":310,"timestamp":"2026-09-05T14:05:42.546Z"}
{"level":"info","message":"⌛ Building environment","timeElapsed":159,"timestamp":"2026-09-05T14:05:42.705Z"}
{"level":"info","message":"⌛ Building environment","timeElapsed":202,"timestamp":"2026-09-05T14:05:42.937Z"}
{"level":"info","message":"⌛ Validating clase59.wlk/bebidas.wlk","timeElapsed":328,"timestamp":"2026-09-05T14:05:43.282Z"}
{"level":"info","message":"⌛ Building environment","timeElapsed":117,"timestamp":"2026-09-05T14:05:43.405Z"}
{"level":"info","message":"⌛ Validating clase59.wlk/bebidas.wlk","timeElapsed":194,"timestamp":"2026-09-05T14:05:43.599Z"}
{"level":"info","message":"⌛ Building environment","timeElapsed":193,"timestamp":"2026-09-05T14:05:43.804Z"}
{"level":"info","message":"⌛ Validating clase59.wlk/bebidas.wlk","timeElapsed":242,"timestamp":"2026-09-05T14:05:44.054Z"}
{"level":"info","message":"⌛ Building environment","timeElapsed":198,"timestamp":"2026-09-05T14:05:44.252Z"}
{"level":"info","message":"⌛ Building environment","timeElapsed":205,"timestamp":"2026-09-05T14:05:44.488Z"}
{"level":"info","message":"⌛ Validating clase59.wlk/bebidas.wlk","timeElapsed":271,"timestamp":"2026-09-05T14:05:44.767Z"}
{"level":"info","message":"⌛ Validating clase59.wlk/bebidas.wlk","timeElapsed":236,"timestamp":"2026-09-05T14:05:45.104Z"}
{"level":"info","message":"⌛ Validating clase59.wlk/bebidas.wlk","timeElapsed":209,"timestamp":"2026-09-05T14:05:45.329Z"}
{"level":"info","message":"⌛ Validating clase59.wlk/bebidas.wlk","timeElapsed":211,"timestamp":"2026-09-05T14:05:45.547Z"}
{"level":"info","message":"⌛ Validating clase59.wlk/bebidas.wlk","timeElapsed":211,"timestamp":"2026-09-05T14:05:45.766Z"}
{"level":"info","message":"⌛ Validating clase59.wlk/bebidas.wlk","timeElapsed":176,"timestamp":"2026-09-05T14:05:45.948Z"}
{"level":"info","message":"⌛ Validating clase59.wlk/bebidas.wlk","timeElapsed":170,"timestamp":"2026-09-05T14:05:46.124Z"}
{"level":"info","message":"⌛ Validating clase59.wlk/bebidas.wlk","timeElapsed":205,"timestamp":"2026-09-05T14:05:46.339Z"}
{"level":"info","message":"⌛ Validating clase59.wlk/bebidas.wlk","timeElapsed":225,"timestamp":"2026-09-05T14:05:46.593Z"}
{"level":"info","message":"⌛ Building environment","timeElapsed":399,"timestamp":"2026-09-05T14:07:33.695Z"}
{"level":"info","message":"⌛ Building environment","timeElapsed":329,"timestamp":"2026-09-05T14:07:34.026Z"}
{"level":"info","message":"⌛ Building environment","timeElapsed":150,"timestamp":"2026-09-05T14:07:34.178Z"}
{"level":"info","message":"⌛ Building environment","timeElapsed":203,"timestamp":"2026-09-05T14:07:34.382Z"}
{"level":"info","message":"⌛ Validating clase59.wlk/bebidas.wlk","timeElapsed":229,"timestamp":"2026-09-05T14:07:34.612Z"}
{"level":"info","message":"⌛ Validating clase59.wlk/bebidas.wlk","timeElapsed":190,"timestamp":"2026-09-05T14:07:34.813Z"}
{"level":"info","message":"⌛ Building environment","timeElapsed":278,"timestamp":"2026-09-05T14:07:35.092Z"}
{"level":"info","message":"⌛ Building environment","timeElapsed":203,"timestamp":"2026-09-05T14:07:35.298Z"}
{"level":"info","message":"⌛ Validating clase59.wlk/bebidas.wlk","timeElapsed":198,"timestamp":"2026-09-05T14:07:35.523Z"}
{"level":"info","message":"⌛ Building environment","timeElapsed":253,"timestamp":"2026-09-05T14:07:35.778Z"}
{"level":"info","message":"⌛ Validating clase59.wlk/bebidas.wlk","timeElapsed":262,"timestamp":"2026-09-05T14:07:36.046Z"}
{"level":"info","message":"⌛ Building environment","timeElapsed":131,"timestamp":"2026-09-05T14:07:36.178Z"}
{"level":"info","message":"⌛ Building environment","timeElapsed":134,"timestamp":"2026-09-05T14:07:36.425Z"}
{"level":"info","message":"⌛ Validating clase59.wlk/bebidas.wlk","timeElapsed":209,"timestamp":"2026-09-05T14:07:36.674Z"}
{"level":"info","message":"⌛ Building environment","timeElapsed":121,"timestamp":"2026-09-05T14:07:36.796Z"}
{"level":"info","message":"⌛ Validating clase59.wlk/bebidas.wlk","timeElapsed":227,"timestamp":"2026-09-05T14:07:37.024Z"}
{"level":"info","message":"⌛ Validating clase59.wlk/bebidas.wlk","timeElapsed":194,"timestamp":"2026-09-05T14:07:37.240Z"}
{"level":"info","message":"⌛ Building environment","timeElapsed":161,"timestamp":"2026-09-05T14:07:37.410Z"}
{"level":"error","message":"✘ Completions for node If ([51:16, 51:46] - clase59.wlk/bebidas.wlk) failed: Error: [If]{5fca5c} at clase59.wlk/bebidas.wlk:51 exhausted all cases without a match [If]{5fca5c} at clase59.wlk/bebidas.wlk:51 exhausted all cases without a match","stack":"Error: [If]{5fca5c} at clase59.wlk/bebidas.wlk:51 exhausted all cases without a match\n    at c:\\Users\\elias\\.vscode\\extensions\\uqbar.wollok-lsp-ide-0.5.5\\out\\server\\src\\server.js:38:6142\n    at L2 (c:\\Users\\elias\\.vscode\\extensions\\uqbar.wollok-lsp-ide-0.5.5\\out\\server\\src\\server.js:2421:42)\n    at Jh (c:\\Users\\elias\\.vscode\\extensions\\uqbar.wollok-lsp-ide-0.5.5\\out\\server\\src\\server.js:2421:1092)\n    at y5n (c:\\Users\\elias\\.vscode\\extensions\\uqbar.wollok-lsp-ide-0.5.5\\out\\server\\src\\server.js:2421:818)\n    at c:\\Users\\elias\\.vscode\\extensions\\uqbar.wollok-lsp-ide-0.5.5\\out\\server\\src\\server.js:38:6131\n    at L2 (c:\\Users\\elias\\.vscode\\extensions\\uqbar.wollok-lsp-ide-0.5.5\\out\\server\\src\\server.js:2421:42)\n    at Jh (c:\\Users\\elias\\.vscode\\extensions\\uqbar.wollok-lsp-ide-0.5.5\\out\\server\\src\\server.js:2421:1092)\n    at w5n (c:\\Users\\elias\\.vscode\\extensions\\uqbar.wollok-lsp-ide-0.5.5\\out\\server\\src\\server.js:2421:1248)\n    at c:\\Users\\elias\\.vscode\\extensions\\uqbar.wollok-lsp-ide-0.5.5\\out\\server\\src\\server.js:38:6131\n    at L2 (c:\\Users\\elias\\.vscode\\extensions\\uqbar.wollok-lsp-ide-0.5.5\\out\\server\\src\\server.js:2421:42)","timestamp":"2026-09-05T14:07:37.465Z"}
{"level":"error","message":"✘ Completions for node Return ([51:9, 51:46] - clase59.wlk/bebidas.wlk) failed: Error: [Return]{369e1d} at clase59.wlk/bebidas.wlk:51 exhausted all cases without a match [Return]{369e1d} at clase59.wlk/bebidas.wlk:51 exhausted all cases without a match","stack":"Error: [Return]{369e1d} at clase59.wlk/bebidas.wlk:51 exhausted all cases without a match\n    at c:\\Users\\elias\\.vscode\\extensions\\uqbar.wollok-lsp-ide-0.5.5\\out\\server\\src\\server.js:38:6142\n    at L2 (c:\\Users\\elias\\.vscode\\extensions\\uqbar.wollok-lsp-ide-0.5.5\\out\\server\\src\\server.js:2421:42)\n    at Jh (c:\\Users\\elias\\.vscode\\extensions\\uqbar.wollok-lsp-ide-0.5.5\\out\\server\\src\\server.js:2421:1092)\n    at L2 (c:\\Users\\elias\\.vscode\\extensions\\uqbar.wollok-lsp-ide-0.5.5\\out\\server\\src\\server.js:2421:544)\n    at Jh (c:\\Users\\elias\\.vscode\\extensions\\uqbar.wollok-lsp-ide-0.5.5\\out\\server\\src\\server.js:2421:1092)\n    at y5n (c:\\Users\\elias\\.vscode\\extensions\\uqbar.wollok-lsp-ide-0.5.5\\out\\server\\src\\server.js:2421:818)\n    at c:\\Users\\elias\\.vscode\\extensions\\uqbar.wollok-lsp-ide-0.5.5\\out\\server\\src\\server.js:38:6131\n    at L2 (c:\\Users\\elias\\.vscode\\extensions\\uqbar.wollok-lsp-ide-0.5.5\\out\\server\\src\\server.js:2421:42)\n    at Jh (c:\\Users\\elias\\.vscode\\extensions\\uqbar.wollok-lsp-ide-0.5.5\\out\\server\\src\\server.js:2421:1092)\n    at w5n (c:\\Users\\elias\\.vscode\\extensions\\uqbar.wollok-lsp-ide-0.5.5\\out\\server\\src\\server.js:2421:1248)","timestamp":"2026-09-05T14:07:37.465Z"}
{"level":"info","message":"⌛ Building environment","timeElapsed":129,"timestamp":"2026-09-05T14:07:37.599Z"}
{"level":"info","message":"⌛ Validating clase59.wlk/bebidas.wlk","timeElapsed":154,"timestamp":"2026-09-05T14:07:37.753Z"}
{"level":"info","message":"⌛ Validating clase59.wlk/bebidas.wlk","timeElapsed":209,"timestamp":"2026-09-05T14:07:37.963Z"}
{"level":"info","message":"⌛ Validating clase59.wlk/bebidas.wlk","timeElapsed":144,"timestamp":"2026-09-05T14:07:38.124Z"}
{"level":"info","message":"⌛ Validating clase59.wlk/bebidas.wlk","timeElapsed":223,"timestamp":"2026-09-05T14:07:38.347Z"}
{"level":"info","message":"⌛ Building environment","timeElapsed":125,"timestamp":"2026-09-05T14:07:38.485Z"}
{"level":"info","message":"⌛ Validating clase59.wlk/bebidas.wlk","timeElapsed":155,"timestamp":"2026-09-05T14:07:38.641Z"}
{"level":"info","message":"⌛ Validating clase59.wlk/bebidas.wlk","timeElapsed":169,"timestamp":"2026-09-05T14:07:38.820Z"}
{"level":"info","message":"⌛ Building environment","timeElapsed":171,"timestamp":"2026-09-05T14:07:38.993Z"}
{"level":"info","message":"⌛ Validating clase59.wlk/bebidas.wlk","timeElapsed":517,"timestamp":"2026-09-05T14:07:39.571Z"}
{"level":"info","message":"⌛ Validating clase59.wlk/bebidas.wlk","timeElapsed":333,"timestamp":"2026-09-05T14:07:39.929Z"}
{"level":"info","message":"⌛ Building environment","timeElapsed":348,"timestamp":"2026-09-05T14:07:40.281Z"}
{"level":"info","message":"⌛ Building environment","timeElapsed":178,"timestamp":"2026-09-05T14:07:40.462Z"}
{"level":"info","message":"⌛ Building environment","timeElapsed":284,"timestamp":"2026-09-05T14:07:40.749Z"}
{"level":"info","message":"⌛ Building environment","timeElapsed":238,"timestamp":"2026-09-05T14:07:41.000Z"}
{"level":"info","message":"⌛ Building environment","timeElapsed":218,"timestamp":"2026-09-05T14:07:41.264Z"}
{"level":"info","message":"⌛ Validating clase59.wlk/bebidas.wlk","timeElapsed":214,"timestamp":"2026-09-05T14:07:41.478Z"}
{"level":"info","message":"⌛ Building environment","timeElapsed":139,"timestamp":"2026-09-05T14:07:41.618Z"}
{"level":"info","message":"⌛ Validating clase59.wlk/bebidas.wlk","timeElapsed":218,"timestamp":"2026-09-05T14:07:41.842Z"}
{"level":"info","message":"⌛ Validating clase59.wlk/bebidas.wlk","timeElapsed":217,"timestamp":"2026-09-05T14:07:42.066Z"}
{"level":"info","message":"⌛ Validating clase59.wlk/bebidas.wlk","timeElapsed":225,"timestamp":"2026-09-05T14:07:42.292Z"}
{"level":"info","message":"⌛ Validating clase59.wlk/bebidas.wlk","timeElapsed":240,"timestamp":"2026-09-05T14:07:42.532Z"}
{"level":"info","message":"⌛ Validating clase59.wlk/bebidas.wlk","timeElapsed":166,"timestamp":"2026-09-05T14:07:42.699Z"}
{"level":"info","message":"⌛ Building environment","timeElapsed":138,"timestamp":"2026-09-05T14:07:47.312Z"}
{"level":"info","message":"⌛ Validating clase59.wlk/bebidas.wlk","timeElapsed":231,"timestamp":"2026-09-05T14:07:47.545Z"}
{"level":"info","message":"⌛ Building environment","timeElapsed":181,"timestamp":"2026-09-05T14:07:47.727Z"}
{"level":"info","message":"⌛ Building environment","timeElapsed":175,"timestamp":"2026-09-05T14:07:47.926Z"}
{"level":"info","message":"⌛ Validating clase59.wlk/bebidas.wlk","timeElapsed":193,"timestamp":"2026-09-05T14:07:48.120Z"}
{"level":"info","message":"⌛ Building environment","timeElapsed":309,"timestamp":"2026-09-05T14:07:48.430Z"}
{"level":"info","message":"⌛ Validating clase59.wlk/bebidas.wlk","timeElapsed":147,"timestamp":"2026-09-05T14:07:48.578Z"}
{"level":"info","message":"⌛ Building environment","timeElapsed":160,"timestamp":"2026-09-05T14:07:48.739Z"}
{"level":"info","message":"⌛ Building environment","timeElapsed":150,"timestamp":"2026-09-05T14:07:48.892Z"}
{"level":"info","message":"⌛ Building environment","timeElapsed":382,"timestamp":"2026-09-05T14:07:49.276Z"}
{"level":"info","message":"⌛ Validating clase59.wlk/bebidas.wlk","timeElapsed":204,"timestamp":"2026-09-05T14:07:49.482Z"}
{"level":"info","message":"⌛ Validating clase59.wlk/bebidas.wlk","timeElapsed":156,"timestamp":"2026-09-05T14:07:49.648Z"}
{"level":"info","message":"⌛ Validating clase59.wlk/bebidas.wlk","timeElapsed":131,"timestamp":"2026-09-05T14:07:49.780Z"}
{"level":"info","message":"⌛ Validating clase59.wlk/bebidas.wlk","timeElapsed":125,"timestamp":"2026-09-05T14:07:49.906Z"}
{"level":"info","message":"⌛ Building environment","timeElapsed":112,"timestamp":"2026-09-05T14:07:50.887Z"}
{"level":"info","message":"⌛ Validating clase59.wlk/bebidas.wlk","timeElapsed":199,"timestamp":"2026-09-05T14:07:51.097Z"}
{"level":"info","message":"⌛ Building environment","timeElapsed":130,"timestamp":"2026-09-05T14:07:51.682Z"}
{"level":"info","message":"⌛ Validating clase59.wlk/bebidas.wlk","timeElapsed":266,"timestamp":"2026-09-05T14:07:51.952Z"}
{"level":"info","message":"⌛ Building environment","timeElapsed":285,"timestamp":"2026-09-05T14:07:52.294Z"}
{"level":"info","message":"⌛ Building environment","timeElapsed":178,"timestamp":"2026-09-05T14:07:52.473Z"}
{"level":"info","message":"⌛ Validating clase59.wlk/bebidas.wlk","timeElapsed":232,"timestamp":"2026-09-05T14:07:52.755Z"}
{"level":"info","message":"⌛ Validating clase59.wlk/bebidas.wlk","timeElapsed":264,"timestamp":"2026-09-05T14:07:53.024Z"}
{"level":"info","message":"⌛ Building environment","timeElapsed":201,"timestamp":"2026-09-05T14:07:53.226Z"}
{"level":"info","message":"⌛ Building environment","timeElapsed":307,"timestamp":"2026-09-05T14:07:53.557Z"}
{"level":"info","message":"⌛ Validating clase59.wlk/bebidas.wlk","timeElapsed":285,"timestamp":"2026-09-05T14:07:53.881Z"}
{"level":"info","message":"⌛ Validating clase59.wlk/bebidas.wlk","timeElapsed":237,"timestamp":"2026-09-05T14:07:54.127Z"}
{"level":"info","message":"⌛ Building environment","timeElapsed":149,"timestamp":"2026-09-05T14:07:55.165Z"}
{"level":"info","message":"⌛ Validating clase59.wlk/bebidas.wlk","timeElapsed":184,"timestamp":"2026-09-05T14:07:55.358Z"}
{"level":"info","message":"⌛ Building environment","timeElapsed":138,"timestamp":"2026-09-05T14:08:07.647Z"}
{"level":"info","message":"⌛ Validating clase59.wlk/bebidas.wlk","timeElapsed":219,"timestamp":"2026-09-05T14:08:07.866Z"}
{"level":"info","message":"⌛ Building environment","timeElapsed":117,"timestamp":"2026-09-05T14:08:07.984Z"}
{"level":"error","message":"✘ Completions for node Send ([51:37, 51:58] - clase59.wlk/bebidas.wlk) failed: Error: [Send]{041dbd} at clase59.wlk/bebidas.wlk:51 exhausted all cases without a match [Send]{041dbd} at clase59.wlk/bebidas.wlk:51 exhausted all cases without a match","stack":"Error: [Send]{041dbd} at clase59.wlk/bebidas.wlk:51 exhausted all cases without a match\n    at c:\\Users\\elias\\.vscode\\extensions\\uqbar.wollok-lsp-ide-0.5.5\\out\\server\\src\\server.js:38:6142\n    at L2 (c:\\Users\\elias\\.vscode\\extensions\\uqbar.wollok-lsp-ide-0.5.5\\out\\server\\src\\server.js:2421:42)\n    at Jh (c:\\Users\\elias\\.vscode\\extensions\\uqbar.wollok-lsp-ide-0.5.5\\out\\server\\src\\server.js:2421:1092)\n    at w5n (c:\\Users\\elias\\.vscode\\extensions\\uqbar.wollok-lsp-ide-0.5.5\\out\\server\\src\\server.js:2421:1248)\n    at c:\\Users\\elias\\.vscode\\extensions\\uqbar.wollok-lsp-ide-0.5.5\\out\\server\\src\\server.js:38:6131\n    at L2 (c:\\Users\\elias\\.vscode\\extensions\\uqbar.wollok-lsp-ide-0.5.5\\out\\server\\src\\server.js:2421:42)\n    at c:\\Users\\elias\\.vscode\\extensions\\uqbar.wollok-lsp-ide-0.5.5\\out\\server\\src\\server.js:2421:2988\n    at c:\\Users\\elias\\.vscode\\extensions\\uqbar.wollok-lsp-ide-0.5.5\\out\\server\\src\\server.js:2430:8440\n    at c:\\Users\\elias\\.vscode\\extensions\\uqbar.wollok-lsp-ide-0.5.5\\out\\server\\src\\server.js:37:74872\n    at Ke (c:\\Users\\elias\\.vscode\\extensions\\uqbar.wollok-lsp-ide-0.5.5\\out\\server\\src\\server.js:7:8527)","timestamp":"2026-09-05T14:08:08.021Z"}
{"level":"error","message":"✘ Completions for node If ([51:16, 51:58] - clase59.wlk/bebidas.wlk) failed: Error: [If]{67f6e9} at clase59.wlk/bebidas.wlk:51 exhausted all cases without a match [If]{67f6e9} at clase59.wlk/bebidas.wlk:51 exhausted all cases without a match","stack":"Error: [If]{67f6e9} at clase59.wlk/bebidas.wlk:51 exhausted all cases without a match\n    at c:\\Users\\elias\\.vscode\\extensions\\uqbar.wollok-lsp-ide-0.5.5\\out\\server\\src\\server.js:38:6142\n    at L2 (c:\\Users\\elias\\.vscode\\extensions\\uqbar.wollok-lsp-ide-0.5.5\\out\\server\\src\\server.js:2421:42)\n    at Jh (c:\\Users\\elias\\.vscode\\extensions\\uqbar.wollok-lsp-ide-0.5.5\\out\\server\\src\\server.js:2421:1092)\n    at y5n (c:\\Users\\elias\\.vscode\\extensions\\uqbar.wollok-lsp-ide-0.5.5\\out\\server\\src\\server.js:2421:818)\n    at c:\\Users\\elias\\.vscode\\extensions\\uqbar.wollok-lsp-ide-0.5.5\\out\\server\\src\\server.js:38:6131\n    at L2 (c:\\Users\\elias\\.vscode\\extensions\\uqbar.wollok-lsp-ide-0.5.5\\out\\server\\src\\server.js:2421:42)\n    at Jh (c:\\Users\\elias\\.vscode\\extensions\\uqbar.wollok-lsp-ide-0.5.5\\out\\server\\src\\server.js:2421:1092)\n    at L2 (c:\\Users\\elias\\.vscode\\extensions\\uqbar.wollok-lsp-ide-0.5.5\\out\\server\\src\\server.js:2421:544)\n    at Jh (c:\\Users\\elias\\.vscode\\extensions\\uqbar.wollok-lsp-ide-0.5.5\\out\\server\\src\\server.js:2421:1092)\n    at w5n (c:\\Users\\elias\\.vscode\\extensions\\uqbar.wollok-lsp-ide-0.5.5\\out\\server\\src\\server.js:2421:1248)","timestamp":"2026-09-05T14:08:08.021Z"}
{"level":"error","message":"✘ Completions for node Return ([51:9, 51:58] - clase59.wlk/bebidas.wlk) failed: Error: [Return]{efb863} at clase59.wlk/bebidas.wlk:51 exhausted all cases without a match [Return]{efb863} at clase59.wlk/bebidas.wlk:51 exhausted all cases without a match","stack":"Error: [Return]{efb863} at clase59.wlk/bebidas.wlk:51 exhausted all cases without a match\n    at c:\\Users\\elias\\.vscode\\extensions\\uqbar.wollok-lsp-ide-0.5.5\\out\\server\\src\\server.js:38:6142\n    at L2 (c:\\Users\\elias\\.vscode\\extensions\\uqbar.wollok-lsp-ide-0.5.5\\out\\server\\src\\server.js:2421:42)\n    at Jh (c:\\Users\\elias\\.vscode\\extensions\\uqbar.wollok-lsp-ide-0.5.5\\out\\server\\src\\server.js:2421:1092)\n    at L2 (c:\\Users\\elias\\.vscode\\extensions\\uqbar.wollok-lsp-ide-0.5.5\\out\\server\\src\\server.js:2421:544)\n    at Jh (c:\\Users\\elias\\.vscode\\extensions\\uqbar.wollok-lsp-ide-0.5.5\\out\\server\\src\\server.js:2421:1092)\n    at y5n (c:\\Users\\elias\\.vscode\\extensions\\uqbar.wollok-lsp-ide-0.5.5\\out\\server\\src\\server.js:2421:818)\n    at c:\\Users\\elias\\.vscode\\extensions\\uqbar.wollok-lsp-ide-0.5.5\\out\\server\\src\\server.js:38:6131\n    at L2 (c:\\Users\\elias\\.vscode\\extensions\\uqbar.wollok-lsp-ide-0.5.5\\out\\server\\src\\server.js:2421:42)\n    at Jh (c:\\Users\\elias\\.vscode\\extensions\\uqbar.wollok-lsp-ide-0.5.5\\out\\server\\src\\server.js:2421:1092)\n    at L2 (c:\\Users\\elias\\.vscode\\extensions\\uqbar.wollok-lsp-ide-0.5.5\\out\\server\\src\\server.js:2421:544)","timestamp":"2026-09-05T14:08:08.022Z"}
{"level":"info","message":"⌛ Building environment","timeElapsed":194,"timestamp":"2026-09-05T14:08:08.224Z"}
{"level":"info","message":"⌛ Building environment","timeElapsed":176,"timestamp":"2026-09-05T14:08:08.457Z"}
{"level":"info","message":"⌛ Validating clase59.wlk/bebidas.wlk","timeElapsed":229,"timestamp":"2026-09-05T14:08:08.687Z"}
{"level":"info","message":"⌛ Validating clase59.wlk/bebidas.wlk","timeElapsed":195,"timestamp":"2026-09-05T14:08:08.907Z"}
{"level":"info","message":"⌛ Validating clase59.wlk/bebidas.wlk","timeElapsed":197,"timestamp":"2026-09-05T14:08:09.105Z"}
{"level":"info","message":"⌛ Building environment","timeElapsed":128,"timestamp":"2026-09-05T14:08:09.323Z"}
{"level":"info","message":"⌛ Validating clase59.wlk/bebidas.wlk","timeElapsed":175,"timestamp":"2026-09-05T14:08:09.500Z"}
{"level":"info","message":"⌛ Building environment","timeElapsed":151,"timestamp":"2026-09-05T14:08:11.087Z"}
{"level":"info","message":"⌛ Validating clase59.wlk/bebidas.wlk","timeElapsed":250,"timestamp":"2026-09-05T14:08:11.340Z"}
{"level":"info","message":"⌛ Building environment","timeElapsed":172,"timestamp":"2026-09-05T14:08:11.945Z"}
{"level":"info","message":"⌛ Building environment","timeElapsed":108,"timestamp":"2026-09-05T14:08:12.109Z"}
{"level":"info","message":"⌛ Validating clase59.wlk/bebidas.wlk","timeElapsed":149,"timestamp":"2026-09-05T14:08:12.259Z"}
{"level":"info","message":"⌛ Validating clase59.wlk/bebidas.wlk","timeElapsed":282,"timestamp":"2026-09-05T14:08:12.542Z"}
{"level":"info","message":"⌛ Building environment","timeElapsed":218,"timestamp":"2026-09-05T14:08:12.813Z"}
{"level":"info","message":"⌛ Building environment","timeElapsed":142,"timestamp":"2026-09-05T14:08:13.008Z"}
{"level":"info","message":"⌛ Validating clase59.wlk/bebidas.wlk","timeElapsed":170,"timestamp":"2026-09-05T14:08:13.179Z"}
{"level":"info","message":"⌛ Validating clase59.wlk/bebidas.wlk","timeElapsed":177,"timestamp":"2026-09-05T14:08:13.369Z"}
{"level":"info","message":"⌛ Building environment","timeElapsed":111,"timestamp":"2026-09-05T14:08:13.480Z"}
{"level":"info","message":"⌛ Validating clase59.wlk/bebidas.wlk","timeElapsed":140,"timestamp":"2026-09-05T14:08:13.638Z"}
{"level":"info","message":"⌛ Building environment","timeElapsed":115,"timestamp":"2026-09-05T14:08:16.495Z"}
{"level":"info","message":"⌛ Validating clase59.wlk/bebidas.wlk","timeElapsed":274,"timestamp":"2026-09-05T14:08:16.771Z"}
{"level":"info","message":"⌛ Building environment","timeElapsed":159,"timestamp":"2026-09-05T14:08:16.947Z"}
{"level":"info","message":"⌛ Validating clase59.wlk/bebidas.wlk","timeElapsed":230,"timestamp":"2026-09-05T14:08:17.189Z"}
{"level":"info","message":"⌛ Building environment","timeElapsed":164,"timestamp":"2026-09-05T14:08:30.201Z"}
{"level":"info","message":"⌛ Validating clase59.wlk/bebidas.wlk","timeElapsed":226,"timestamp":"2026-09-05T14:08:30.428Z"}
{"errors":{"errors":[null,["/*\r","Agregado al readme:\r","cianuro: el rendimiento sera cero si el peso del deportista es 70 o menos, si es mas\r","que 70 entoces el rendimiento es el 1% de la dosis consumida.\r"]]},"level":"error","message":"✘ Failed to get type description: Error: {\n  \"errors\": [\n    null,\n    [\n      \"/*\\r\",\n      \"Agregado al readme:\\r\",\n      \"cianuro: el rendimiento sera cero si el peso del deportista es 70 o menos, si es mas\\r\",\n      \"que 70 entoces el rendimiento es el 1% de la dosis consumida.\\r\"\n    ]\n  ]\n} {\n  \"errors\": [\n    null,\n    [\n      \"/*\\r\",\n      \"Agregado al readme:\\r\",\n      \"cianuro: el rendimiento sera cero si el peso del deportista es 70 o menos, si es mas\\r\",\n      \"que 70 entoces el rendimiento es el 1% de la dosis consumida.\\r\"\n    ]\n  ]\n}","stack":"Error: {\n  \"errors\": [\n    null,\n    [\n      \"/*\\r\",\n      \"Agregado al readme:\\r\",\n      \"cianuro: el rendimiento sera cero si el peso del deportista es 70 o menos, si es mas\\r\",\n      \"que 70 entoces el rendimiento es el 1% de la dosis consumida.\\r\"\n    ]\n  ]\n}\n    at lS (c:\\Users\\elias\\.vscode\\extensions\\uqbar.wollok-lsp-ide-0.5.5\\out\\server\\src\\server.js:64:34609)\n    at Q1 (c:\\Users\\elias\\.vscode\\extensions\\uqbar.wollok-lsp-ide-0.5.5\\out\\server\\src\\server.js:64:34682)\n    at c:\\Users\\elias\\.vscode\\extensions\\uqbar.wollok-lsp-ide-0.5.5\\out\\server\\src\\server.js:64:37949\n    at o.y1 (c:\\Users\\elias\\.vscode\\extensions\\uqbar.wollok-lsp-ide-0.5.5\\out\\server\\src\\server.js:57:59136)\n    at c:\\Users\\elias\\.vscode\\extensions\\uqbar.wollok-lsp-ide-0.5.5\\out\\server\\src\\server.js:64:37918\n    at c:\\Users\\elias\\.vscode\\extensions\\uqbar.wollok-lsp-ide-0.5.5\\out\\server\\src\\server.js:57:57176\n    at Dfn (c:\\Users\\elias\\.vscode\\extensions\\uqbar.wollok-lsp-ide-0.5.5\\out\\server\\src\\server.js:68:11324)\n    at c:\\Users\\elias\\.vscode\\extensions\\uqbar.wollok-lsp-ide-0.5.5\\out\\server\\src\\server.js:68:3629\n    at Array.map (<anonymous>)\n    at c:\\Users\\elias\\.vscode\\extensions\\uqbar.wollok-lsp-ide-0.5.5\\out\\server\\src\\server.js:68:4693","timestamp":"2026-09-05T14:14:32.456Z"}
{"errors":{"errors":[null,["/*\r","Agregado al readme:\r","cianuro: el rendimiento sera cero si el peso del deportista es 70 o menos, si es mas\r","que 70 entoces el rendimiento es el 1% de la dosis consumida.\r"]]},"level":"error","message":"✘ Failed to get type description: Error: {\n  \"errors\": [\n    null,\n    [\n      \"/*\\r\",\n      \"Agregado al readme:\\r\",\n      \"cianuro: el rendimiento sera cero si el peso del deportista es 70 o menos, si es mas\\r\",\n      \"que 70 entoces el rendimiento es el 1% de la dosis consumida.\\r\"\n    ]\n  ]\n} {\n  \"errors\": [\n    null,\n    [\n      \"/*\\r\",\n      \"Agregado al readme:\\r\",\n      \"cianuro: el rendimiento sera cero si el peso del deportista es 70 o menos, si es mas\\r\",\n      \"que 70 entoces el rendimiento es el 1% de la dosis consumida.\\r\"\n    ]\n  ]\n}","stack":"Error: {\n  \"errors\": [\n    null,\n    [\n      \"/*\\r\",\n      \"Agregado al readme:\\r\",\n      \"cianuro: el rendimiento sera cero si el peso del deportista es 70 o menos, si es mas\\r\",\n      \"que 70 entoces el rendimiento es el 1% de la dosis consumida.\\r\"\n    ]\n  ]\n}\n    at lS (c:\\Users\\elias\\.vscode\\extensions\\uqbar.wollok-lsp-ide-0.5.5\\out\\server\\src\\server.js:64:34609)\n    at Q1 (c:\\Users\\elias\\.vscode\\extensions\\uqbar.wollok-lsp-ide-0.5.5\\out\\server\\src\\server.js:64:34682)\n    at c:\\Users\\elias\\.vscode\\extensions\\uqbar.wollok-lsp-ide-0.5.5\\out\\server\\src\\server.js:64:37949\n    at o.y1 (c:\\Users\\elias\\.vscode\\extensions\\uqbar.wollok-lsp-ide-0.5.5\\out\\server\\src\\server.js:57:59136)\n    at c:\\Users\\elias\\.vscode\\extensions\\uqbar.wollok-lsp-ide-0.5.5\\out\\server\\src\\server.js:64:37918\n    at c:\\Users\\elias\\.vscode\\extensions\\uqbar.wollok-lsp-ide-0.5.5\\out\\server\\src\\server.js:57:57176\n    at Dfn (c:\\Users\\elias\\.vscode\\extensions\\uqbar.wollok-lsp-ide-0.5.5\\out\\server\\src\\server.js:68:11324)\n    at c:\\Users\\elias\\.vscode\\extensions\\uqbar.wollok-lsp-ide-0.5.5\\out\\server\\src\\server.js:68:3629\n    at Array.map (<anonymous>)\n    at c:\\Users\\elias\\.vscode\\extensions\\uqbar.wollok-lsp-ide-0.5.5\\out\\server\\src\\server.js:68:4693","timestamp":"2026-09-05T14:14:34.485Z"}
{"level":"info","message":"⌛ Building environment","timeElapsed":196,"timestamp":"2026-09-05T14:14:43.005Z"}
{"level":"info","message":"⌛ Validating clase59.wlk/bebidas.wlk","timeElapsed":245,"timestamp":"2026-09-05T14:14:43.350Z"}
{"level":"info","message":"⌛ Building environment","timeElapsed":150,"timestamp":"2026-09-05T14:14:44.159Z"}
{"level":"info","message":"⌛ Validating clase59.wlk/bebidas.wlk","timeElapsed":234,"timestamp":"2026-09-05T14:14:44.394Z"}
{"level":"info","message":"⌛ Building environment","timeElapsed":308,"timestamp":"2026-09-05T14:14:47.268Z"}
{"level":"info","message":"⌛ Building environment","timeElapsed":291,"timestamp":"2026-09-05T14:14:47.560Z"}
{"level":"info","message":"⌛ Validating clase59.wlk/bebidas.wlk","timeElapsed":202,"timestamp":"2026-09-05T14:14:47.809Z"}
{"level":"info","message":"⌛ Validating clase59.wlk/bebidas.wlk","timeElapsed":171,"timestamp":"2026-09-05T14:14:48.004Z"}
{"level":"info","message":"⌛ Building environment","timeElapsed":152,"timestamp":"2026-09-05T14:14:48.406Z"}
{"level":"info","message":"⌛ Validating clase59.wlk/bebidas.wlk","timeElapsed":221,"timestamp":"2026-09-05T14:14:48.627Z"}
{"level":"info","message":"⌛ Building environment","timeElapsed":182,"timestamp":"2026-09-05T14:14:48.827Z"}
{"level":"info","message":"⌛ Validating clase59.wlk/bebidas.wlk","timeElapsed":398,"timestamp":"2026-09-05T14:14:49.250Z"}
{"level":"info","message":"⌛ Building environment","timeElapsed":236,"timestamp":"2026-09-05T14:14:49.538Z"}
{"level":"info","message":"⌛ Building environment","timeElapsed":137,"timestamp":"2026-09-05T14:14:49.684Z"}
{"level":"info","message":"⌛ Validating clase59.wlk/bebidas.wlk","timeElapsed":173,"timestamp":"2026-09-05T14:14:49.867Z"}
{"level":"info","message":"⌛ Validating clase59.wlk/bebidas.wlk","timeElapsed":208,"timestamp":"2026-09-05T14:14:50.076Z"}
{"level":"info","message":"⌛ Building environment","timeElapsed":197,"timestamp":"2026-09-05T14:14:57.583Z"}
{"level":"error","message":"✘ Completions for node Return ([45:9, 45:18] - clase59.wlk/bebidas.wlk) failed: Error: [Return]{595de5} at clase59.wlk/bebidas.wlk:45 exhausted all cases without a match [Return]{595de5} at clase59.wlk/bebidas.wlk:45 exhausted all cases without a match","stack":"Error: [Return]{595de5} at clase59.wlk/bebidas.wlk:45 exhausted all cases without a match\n    at c:\\Users\\elias\\.vscode\\extensions\\uqbar.wollok-lsp-ide-0.5.5\\out\\server\\src\\server.js:38:6142\n    at L2 (c:\\Users\\elias\\.vscode\\extensions\\uqbar.wollok-lsp-ide-0.5.5\\out\\server\\src\\server.js:2421:42)\n    at Jh (c:\\Users\\elias\\.vscode\\extensions\\uqbar.wollok-lsp-ide-0.5.5\\out\\server\\src\\server.js:2421:1092)\n    at w5n (c:\\Users\\elias\\.vscode\\extensions\\uqbar.wollok-lsp-ide-0.5.5\\out\\server\\src\\server.js:2421:1248)\n    at c:\\Users\\elias\\.vscode\\extensions\\uqbar.wollok-lsp-ide-0.5.5\\out\\server\\src\\server.js:38:6131\n    at L2 (c:\\Users\\elias\\.vscode\\extensions\\uqbar.wollok-lsp-ide-0.5.5\\out\\server\\src\\server.js:2421:42)\n    at c:\\Users\\elias\\.vscode\\extensions\\uqbar.wollok-lsp-ide-0.5.5\\out\\server\\src\\server.js:2421:2988\n    at c:\\Users\\elias\\.vscode\\extensions\\uqbar.wollok-lsp-ide-0.5.5\\out\\server\\src\\server.js:2430:8440\n    at c:\\Users\\elias\\.vscode\\extensions\\uqbar.wollok-lsp-ide-0.5.5\\out\\server\\src\\server.js:37:74872\n    at Ke (c:\\Users\\elias\\.vscode\\extensions\\uqbar.wollok-lsp-ide-0.5.5\\out\\server\\src\\server.js:7:8527)","timestamp":"2026-09-05T14:14:57.657Z"}
{"level":"info","message":"⌛ Building environment","timeElapsed":217,"timestamp":"2026-09-05T14:14:57.891Z"}
{"level":"info","message":"⌛ Validating clase59.wlk/bebidas.wlk","timeElapsed":161,"timestamp":"2026-09-05T14:14:58.056Z"}
{"level":"info","message":"⌛ Building environment","timeElapsed":111,"timestamp":"2026-09-05T14:14:58.168Z"}
{"level":"info","message":"⌛ Validating clase59.wlk/bebidas.wlk","timeElapsed":191,"timestamp":"2026-09-05T14:14:58.368Z"}
{"level":"info","message":"⌛ Validating clase59.wlk/bebidas.wlk","timeElapsed":145,"timestamp":"2026-09-05T14:14:58.528Z"}
{"level":"info","message":"⌛ Building environment","timeElapsed":130,"timestamp":"2026-09-05T14:14:58.870Z"}
{"level":"info","message":"⌛ Validating clase59.wlk/bebidas.wlk","timeElapsed":311,"timestamp":"2026-09-05T14:14:59.185Z"}
{"level":"info","message":"⌛ Building environment","timeElapsed":158,"timestamp":"2026-09-05T14:15:00.052Z"}
{"level":"info","message":"⌛ Validating clase59.wlk/bebidas.wlk","timeElapsed":150,"timestamp":"2026-09-05T14:15:00.204Z"}
{"level":"info","message":"⌛ Building environment","timeElapsed":147,"timestamp":"2026-09-05T14:15:00.700Z"}
{"level":"info","message":"⌛ Validating clase59.wlk/bebidas.wlk","timeElapsed":179,"timestamp":"2026-09-05T14:15:00.880Z"}
{"level":"info","message":"⌛ Validating clase59.wlk/bebidas.wlk","timeElapsed":135,"timestamp":"2026-09-05T14:15:01.111Z"}
{"level":"info","message":"⌛ Building environment","timeElapsed":121,"timestamp":"2026-09-05T14:15:01.263Z"}
{"level":"info","message":"⌛ Validating clase59.wlk/bebidas.wlk","timeElapsed":137,"timestamp":"2026-09-05T14:15:01.410Z"}
{"level":"info","message":"⌛ Building environment","timeElapsed":107,"timestamp":"2026-09-05T14:15:04.108Z"}
{"level":"info","message":"⌛ Validating clase59.wlk/bebidas.wlk","timeElapsed":158,"timestamp":"2026-09-05T14:15:04.268Z"}
{"level":"info","message":"⌛ Validating clase59.wlk/bebidas.wlk","timeElapsed":255,"timestamp":"2026-09-05T14:15:05.961Z"}
{"level":"info","message":"⌛ Validating clase59.wlk/bebidas.wlk","timeElapsed":144,"timestamp":"2026-09-05T14:15:06.793Z"}
{"level":"info","message":"⌛ Building environment","timeElapsed":131,"timestamp":"2026-09-05T14:15:06.924Z"}
{"level":"info","message":"⌛ Validating clase59.wlk/bebidas.wlk","timeElapsed":167,"timestamp":"2026-09-05T14:15:07.106Z"}
{"level":"info","message":"⌛ Building environment","timeElapsed":176,"timestamp":"2026-09-05T14:15:08.463Z"}
{"level":"info","message":"⌛ Validating clase59.wlk/bebidas.wlk","timeElapsed":208,"timestamp":"2026-09-05T14:15:08.674Z"}
{"level":"info","message":"⌛ Building environment","timeElapsed":110,"timestamp":"2026-09-05T14:15:09.057Z"}
{"level":"info","message":"⌛ Validating clase59.wlk/bebidas.wlk","timeElapsed":176,"timestamp":"2026-09-05T14:15:09.235Z"}
{"level":"info","message":"⌛ Building environment","timeElapsed":317,"timestamp":"2026-09-05T14:15:11.501Z"}
{"level":"info","message":"⌛ Validating clase59.wlk/bebidas.wlk","timeElapsed":228,"timestamp":"2026-09-05T14:15:11.762Z"}
{"level":"info","message":"⌛ Building environment","timeElapsed":366,"timestamp":"2026-09-05T14:22:34.781Z"}
{"level":"info","message":"⌛ Building environment","timeElapsed":197,"timestamp":"2026-09-05T14:22:35.100Z"}
{"level":"info","message":"⌛ Building environment","timeElapsed":178,"timestamp":"2026-09-05T14:22:35.288Z"}
{"level":"info","message":"⌛ Validating clase59.wlk/bebidas.wlk","timeElapsed":439,"timestamp":"2026-09-05T14:22:35.747Z"}
{"level":"info","message":"⌛ Building environment","timeElapsed":230,"timestamp":"2026-09-05T14:22:35.986Z"}
{"level":"info","message":"⌛ Building environment","timeElapsed":218,"timestamp":"2026-09-05T14:22:36.219Z"}
{"level":"info","message":"⌛ Validating clase59.wlk/bebidas.wlk","timeElapsed":250,"timestamp":"2026-09-05T14:22:36.631Z"}
{"level":"info","message":"⌛ Building environment","timeElapsed":153,"timestamp":"2026-09-05T14:22:36.794Z"}
{"level":"info","message":"⌛ Validating clase59.wlk/bebidas.wlk","timeElapsed":187,"timestamp":"2026-09-05T14:22:36.984Z"}
{"level":"info","message":"⌛ Building environment","timeElapsed":118,"timestamp":"2026-09-05T14:22:37.102Z"}
{"level":"info","message":"⌛ Building environment","timeElapsed":125,"timestamp":"2026-09-05T14:22:37.230Z"}
{"level":"info","message":"⌛ Building environment","timeElapsed":126,"timestamp":"2026-09-05T14:22:37.480Z"}
{"level":"info","message":"⌛ Building environment","timeElapsed":286,"timestamp":"2026-09-05T14:22:37.834Z"}
{"level":"info","message":"⌛ Validating clase59.wlk/bebidas.wlk","timeElapsed":220,"timestamp":"2026-09-05T14:22:38.090Z"}
{"level":"info","message":"⌛ Building environment","timeElapsed":127,"timestamp":"2026-09-05T14:22:38.217Z"}
{"level":"info","message":"⌛ Validating clase59.wlk/bebidas.wlk","timeElapsed":172,"timestamp":"2026-09-05T14:22:38.391Z"}
{"level":"info","message":"⌛ Building environment","timeElapsed":154,"timestamp":"2026-09-05T14:22:38.546Z"}
{"level":"info","message":"⌛ Building environment","timeElapsed":114,"timestamp":"2026-09-05T14:22:38.670Z"}
{"level":"info","message":"⌛ Building environment","timeElapsed":125,"timestamp":"2026-09-05T14:22:38.797Z"}
{"level":"info","message":"⌛ Validating clase59.wlk/bebidas.wlk","timeElapsed":276,"timestamp":"2026-09-05T14:22:39.081Z"}
{"level":"info","message":"⌛ Validating clase59.wlk/bebidas.wlk","timeElapsed":378,"timestamp":"2026-09-05T14:22:39.478Z"}
{"level":"info","message":"⌛ Validating clase59.wlk/bebidas.wlk","timeElapsed":212,"timestamp":"2026-09-05T14:22:39.691Z"}
{"level":"info","message":"⌛ Validating clase59.wlk/bebidas.wlk","timeElapsed":209,"timestamp":"2026-09-05T14:22:39.900Z"}
{"level":"info","message":"⌛ Validating clase59.wlk/bebidas.wlk","timeElapsed":194,"timestamp":"2026-09-05T14:22:40.095Z"}
{"level":"info","message":"⌛ Validating clase59.wlk/bebidas.wlk","timeElapsed":213,"timestamp":"2026-09-05T14:22:40.308Z"}
{"level":"info","message":"⌛ Validating clase59.wlk/bebidas.wlk","timeElapsed":265,"timestamp":"2026-09-05T14:22:40.584Z"}
{"level":"info","message":"⌛ Building environment","timeElapsed":271,"timestamp":"2026-09-05T14:22:40.859Z"}
{"level":"info","message":"⌛ Validating clase59.wlk/bebidas.wlk","timeElapsed":158,"timestamp":"2026-09-05T14:22:41.018Z"}
{"level":"info","message":"⌛ Validating clase59.wlk/bebidas.wlk","timeElapsed":148,"timestamp":"2026-09-05T14:22:41.179Z"}
{"level":"info","message":"⌛ Validating clase59.wlk/bebidas.wlk","timeElapsed":156,"timestamp":"2026-09-05T14:22:41.338Z"}
{"level":"info","message":"⌛ Building environment","timeElapsed":151,"timestamp":"2026-09-05T14:22:41.586Z"}
{"level":"info","message":"⌛ Validating clase59.wlk/bebidas.wlk","timeElapsed":174,"timestamp":"2026-09-05T14:22:41.795Z"}
{"level":"info","message":"⌛ Building environment","timeElapsed":498,"timestamp":"2026-09-05T14:22:42.294Z"}
{"level":"info","message":"⌛ Validating clase59.wlk/bebidas.wlk","timeElapsed":375,"timestamp":"2026-09-05T14:22:42.754Z"}
{"level":"info","message":"⌛ Building environment","timeElapsed":264,"timestamp":"2026-09-05T14:22:43.020Z"}
{"level":"info","message":"⌛ Building environment","timeElapsed":212,"timestamp":"2026-09-05T14:22:43.233Z"}
{"level":"info","message":"⌛ Validating clase59.wlk/bebidas.wlk","timeElapsed":861,"timestamp":"2026-09-05T14:22:44.095Z"}
{"level":"info","message":"⌛ Building environment","timeElapsed":412,"timestamp":"2026-09-05T14:22:44.517Z"}
{"level":"info","message":"⌛ Building environment","timeElapsed":215,"timestamp":"2026-09-05T14:22:44.735Z"}
{"level":"info","message":"⌛ Building environment","timeElapsed":368,"timestamp":"2026-09-05T14:22:45.154Z"}
{"level":"info","message":"⌛ Building environment","timeElapsed":682,"timestamp":"2026-09-05T14:22:45.851Z"}
{"level":"info","message":"⌛ Validating clase59.wlk/bebidas.wlk","timeElapsed":585,"timestamp":"2026-09-05T14:22:46.488Z"}
{"level":"info","message":"⌛ Building environment","timeElapsed":266,"timestamp":"2026-09-05T14:22:46.772Z"}
{"level":"info","message":"⌛ Building environment","timeElapsed":383,"timestamp":"2026-09-05T14:22:47.160Z"}
{"level":"info","message":"⌛ Building environment","timeElapsed":247,"timestamp":"2026-09-05T14:22:47.431Z"}
{"level":"info","message":"⌛ Building environment","timeElapsed":583,"timestamp":"2026-09-05T14:22:48.050Z"}
{"level":"info","message":"⌛ Validating clase59.wlk/bebidas.wlk","timeElapsed":334,"timestamp":"2026-09-05T14:22:48.514Z"}
{"level":"info","message":"⌛ Validating clase59.wlk/bebidas.wlk","timeElapsed":269,"timestamp":"2026-09-05T14:22:48.796Z"}
{"level":"info","message":"⌛ Building environment","timeElapsed":360,"timestamp":"2026-09-05T14:22:49.164Z"}
{"level":"info","message":"⌛ Building environment","timeElapsed":387,"timestamp":"2026-09-05T14:22:49.571Z"}
{"level":"info","message":"⌛ Building environment","timeElapsed":408,"timestamp":"2026-09-05T14:22:50.063Z"}
{"level":"info","message":"⌛ Building environment","timeElapsed":297,"timestamp":"2026-09-05T14:22:50.365Z"}
{"level":"info","message":"⌛ Building environment","timeElapsed":212,"timestamp":"2026-09-05T14:22:50.645Z"}
{"level":"info","message":"⌛ Validating clase59.wlk/bebidas.wlk","timeElapsed":335,"timestamp":"2026-09-05T14:22:50.986Z"}
{"level":"info","message":"⌛ Building environment","timeElapsed":364,"timestamp":"2026-09-05T14:22:51.366Z"}
{"level":"info","message":"⌛ Validating clase59.wlk/bebidas.wlk","timeElapsed":408,"timestamp":"2026-09-05T14:22:51.802Z"}
{"level":"info","message":"⌛ Building environment","timeElapsed":178,"timestamp":"2026-09-05T14:22:51.982Z"}
{"level":"info","message":"⌛ Building environment","timeElapsed":215,"timestamp":"2026-09-05T14:22:52.199Z"}
{"level":"info","message":"⌛ Validating clase59.wlk/bebidas.wlk","timeElapsed":297,"timestamp":"2026-09-05T14:22:52.497Z"}
{"level":"info","message":"⌛ Building environment","timeElapsed":148,"timestamp":"2026-09-05T14:22:52.667Z"}
{"level":"info","message":"⌛ Building environment","timeElapsed":535,"timestamp":"2026-09-05T14:22:53.204Z"}
{"level":"info","message":"⌛ Validating clase59.wlk/bebidas.wlk","timeElapsed":214,"timestamp":"2026-09-05T14:22:53.420Z"}
{"level":"info","message":"⌛ Validating clase59.wlk/bebidas.wlk","timeElapsed":191,"timestamp":"2026-09-05T14:22:53.624Z"}
{"level":"info","message":"⌛ Validating clase59.wlk/bebidas.wlk","timeElapsed":189,"timestamp":"2026-09-05T14:22:53.813Z"}
{"level":"info","message":"⌛ Building environment","timeElapsed":304,"timestamp":"2026-09-05T14:22:54.119Z"}
{"level":"info","message":"⌛ Building environment","timeElapsed":664,"timestamp":"2026-09-05T14:22:54.785Z"}
{"level":"info","message":"⌛ Validating clase59.wlk/bebidas.wlk","timeElapsed":283,"timestamp":"2026-09-05T14:22:55.079Z"}
{"level":"info","message":"⌛ Building environment","timeElapsed":184,"timestamp":"2026-09-05T14:22:55.263Z"}
{"level":"info","message":"⌛ Building environment","timeElapsed":202,"timestamp":"2026-09-05T14:22:55.467Z"}
{"level":"info","message":"⌛ Building environment","timeElapsed":191,"timestamp":"2026-09-05T14:22:55.661Z"}
{"level":"info","message":"⌛ Building environment","timeElapsed":191,"timestamp":"2026-09-05T14:22:55.888Z"}
{"level":"info","message":"⌛ Validating clase59.wlk/bebidas.wlk","timeElapsed":748,"timestamp":"2026-09-05T14:22:56.648Z"}
{"level":"info","message":"⌛ Building environment","timeElapsed":235,"timestamp":"2026-09-05T14:22:56.885Z"}
{"level":"info","message":"⌛ Building environment","timeElapsed":264,"timestamp":"2026-09-05T14:22:57.150Z"}
{"level":"info","message":"⌛ Building environment","timeElapsed":118,"timestamp":"2026-09-05T14:22:57.281Z"}
{"level":"info","message":"⌛ Building environment","timeElapsed":255,"timestamp":"2026-09-05T14:22:57.749Z"}
{"level":"info","message":"⌛ Validating clase59.wlk/bebidas.wlk","timeElapsed":178,"timestamp":"2026-09-05T14:22:57.928Z"}
{"level":"info","message":"⌛ Building environment","timeElapsed":298,"timestamp":"2026-09-05T14:22:58.229Z"}
{"level":"info","message":"⌛ Validating clase59.wlk/bebidas.wlk","timeElapsed":298,"timestamp":"2026-09-05T14:22:58.527Z"}
{"level":"info","message":"⌛ Validating clase59.wlk/bebidas.wlk","timeElapsed":166,"timestamp":"2026-09-05T14:22:58.703Z"}
{"level":"info","message":"⌛ Validating clase59.wlk/bebidas.wlk","timeElapsed":193,"timestamp":"2026-09-05T14:22:58.897Z"}
{"level":"info","message":"⌛ Validating clase59.wlk/bebidas.wlk","timeElapsed":220,"timestamp":"2026-09-05T14:22:59.118Z"}
{"level":"info","message":"⌛ Building environment","timeElapsed":112,"timestamp":"2026-09-05T14:22:59.231Z"}
{"level":"info","message":"⌛ Building environment","timeElapsed":113,"timestamp":"2026-09-05T14:22:59.354Z"}
{"level":"info","message":"⌛ Validating clase59.wlk/bebidas.wlk","timeElapsed":215,"timestamp":"2026-09-05T14:22:59.575Z"}
{"level":"info","message":"⌛ Validating clase59.wlk/bebidas.wlk","timeElapsed":236,"timestamp":"2026-09-05T14:22:59.851Z"}
{"level":"info","message":"⌛ Validating clase59.wlk/bebidas.wlk","timeElapsed":151,"timestamp":"2026-09-05T14:23:00.012Z"}
{"level":"info","message":"⌛ Building environment","timeElapsed":142,"timestamp":"2026-09-05T14:23:00.168Z"}
{"level":"info","message":"⌛ Building environment","timeElapsed":143,"timestamp":"2026-09-05T14:23:00.312Z"}
{"level":"info","message":"⌛ Validating clase59.wlk/bebidas.wlk","timeElapsed":171,"timestamp":"2026-09-05T14:23:00.484Z"}
{"level":"info","message":"⌛ Building environment","timeElapsed":119,"timestamp":"2026-09-05T14:23:00.614Z"}
{"level":"info","message":"⌛ Validating clase59.wlk/bebidas.wlk","timeElapsed":150,"timestamp":"2026-09-05T14:23:00.765Z"}
{"level":"info","message":"⌛ Building environment","timeElapsed":199,"timestamp":"2026-09-05T14:23:00.964Z"}
{"level":"info","message":"⌛ Building environment","timeElapsed":258,"timestamp":"2026-09-05T14:23:01.228Z"}
{"level":"info","message":"⌛ Validating clase59.wlk/bebidas.wlk","timeElapsed":190,"timestamp":"2026-09-05T14:23:01.425Z"}
{"level":"info","message":"⌛ Building environment","timeElapsed":125,"timestamp":"2026-09-05T14:23:01.551Z"}
{"level":"info","message":"⌛ Validating clase59.wlk/bebidas.wlk","timeElapsed":163,"timestamp":"2026-09-05T14:23:01.848Z"}
{"level":"info","message":"⌛ Validating clase59.wlk/bebidas.wlk","timeElapsed":168,"timestamp":"2026-09-05T14:23:02.032Z"}
{"level":"info","message":"⌛ Validating clase59.wlk/bebidas.wlk","timeElapsed":251,"timestamp":"2026-09-05T14:23:02.303Z"}
{"level":"info","message":"⌛ Validating clase59.wlk/bebidas.wlk","timeElapsed":270,"timestamp":"2026-09-05T14:23:02.587Z"}
{"level":"info","message":"⌛ Validating clase59.wlk/bebidas.wlk","timeElapsed":224,"timestamp":"2026-09-05T14:23:02.831Z"}
{"level":"info","message":"⌛ Building environment","timeElapsed":163,"timestamp":"2026-09-05T14:23:02.999Z"}
{"level":"info","message":"⌛ Building environment","timeElapsed":144,"timestamp":"2026-09-05T14:23:03.153Z"}
{"level":"info","message":"⌛ Building environment","timeElapsed":154,"timestamp":"2026-09-05T14:23:03.316Z"}
{"level":"info","message":"⌛ Building environment","timeElapsed":257,"timestamp":"2026-09-05T14:23:03.573Z"}
{"level":"info","message":"⌛ Building environment","timeElapsed":123,"timestamp":"2026-09-05T14:23:03.719Z"}
{"level":"info","message":"⌛ Building environment","timeElapsed":181,"timestamp":"2026-09-05T14:23:03.907Z"}
{"level":"info","message":"⌛ Validating clase59.wlk/bebidas.wlk","timeElapsed":249,"timestamp":"2026-09-05T14:23:04.159Z"}
{"level":"info","message":"⌛ Building environment","timeElapsed":215,"timestamp":"2026-09-05T14:23:04.379Z"}
{"level":"info","message":"⌛ Validating clase59.wlk/bebidas.wlk","timeElapsed":200,"timestamp":"2026-09-05T14:23:04.582Z"}
{"level":"info","message":"⌛ Validating clase59.wlk/bebidas.wlk","timeElapsed":202,"timestamp":"2026-09-05T14:23:04.785Z"}
{"level":"info","message":"⌛ Validating clase59.wlk/bebidas.wlk","timeElapsed":267,"timestamp":"2026-09-05T14:23:05.070Z"}
{"level":"info","message":"⌛ Building environment","timeElapsed":324,"timestamp":"2026-09-05T14:23:05.408Z"}
{"level":"info","message":"⌛ Building environment","timeElapsed":223,"timestamp":"2026-09-05T14:23:05.632Z"}
{"level":"info","message":"⌛ Validating clase59.wlk/bebidas.wlk","timeElapsed":296,"timestamp":"2026-09-05T14:23:05.928Z"}
{"level":"info","message":"⌛ Building environment","timeElapsed":495,"timestamp":"2026-09-05T14:23:06.425Z"}
{"level":"info","message":"⌛ Building environment","timeElapsed":119,"timestamp":"2026-09-05T14:23:06.545Z"}
{"level":"info","message":"⌛ Building environment","timeElapsed":143,"timestamp":"2026-09-05T14:23:06.690Z"}
{"level":"info","message":"⌛ Building environment","timeElapsed":324,"timestamp":"2026-09-05T14:23:07.017Z"}
{"level":"info","message":"⌛ Building environment","timeElapsed":213,"timestamp":"2026-09-05T14:23:07.250Z"}
{"level":"info","message":"⌛ Validating clase59.wlk/bebidas.wlk","timeElapsed":184,"timestamp":"2026-09-05T14:23:07.435Z"}
{"level":"info","message":"⌛ Validating clase59.wlk/bebidas.wlk","timeElapsed":171,"timestamp":"2026-09-05T14:23:07.607Z"}
{"level":"info","message":"⌛ Building environment","timeElapsed":121,"timestamp":"2026-09-05T14:23:07.747Z"}
{"level":"info","message":"⌛ Validating clase59.wlk/bebidas.wlk","timeElapsed":174,"timestamp":"2026-09-05T14:23:07.936Z"}
{"level":"info","message":"⌛ Validating clase59.wlk/bebidas.wlk","timeElapsed":304,"timestamp":"2026-09-05T14:23:08.249Z"}
{"level":"info","message":"⌛ Building environment","timeElapsed":196,"timestamp":"2026-09-05T14:23:08.449Z"}
{"level":"info","message":"⌛ Validating clase59.wlk/bebidas.wlk","timeElapsed":292,"timestamp":"2026-09-05T14:23:08.742Z"}
{"level":"info","message":"⌛ Validating clase59.wlk/bebidas.wlk","timeElapsed":217,"timestamp":"2026-09-05T14:23:08.970Z"}
{"level":"info","message":"⌛ Validating clase59.wlk/bebidas.wlk","timeElapsed":220,"timestamp":"2026-09-05T14:23:09.193Z"}
{"level":"info","message":"⌛ Validating clase59.wlk/bebidas.wlk","timeElapsed":228,"timestamp":"2026-09-05T14:23:09.421Z"}
{"level":"info","message":"⌛ Validating clase59.wlk/bebidas.wlk","timeElapsed":204,"timestamp":"2026-09-05T14:23:09.627Z"}
{"level":"info","message":"⌛ Building environment","timeElapsed":140,"timestamp":"2026-09-05T14:23:09.783Z"}
{"level":"info","message":"⌛ Building environment","timeElapsed":261,"timestamp":"2026-09-05T14:23:10.046Z"}
{"level":"info","message":"⌛ Building environment","timeElapsed":224,"timestamp":"2026-09-05T14:23:10.274Z"}
{"level":"info","message":"⌛ Building environment","timeElapsed":155,"timestamp":"2026-09-05T14:23:10.430Z"}
{"level":"info","message":"⌛ Validating clase59.wlk/bebidas.wlk","timeElapsed":269,"timestamp":"2026-09-05T14:23:10.733Z"}
{"level":"info","message":"⌛ Validating clase59.wlk/bebidas.wlk","timeElapsed":180,"timestamp":"2026-09-05T14:23:10.913Z"}
{"level":"info","message":"⌛ Building environment","timeElapsed":206,"timestamp":"2026-09-05T14:23:11.129Z"}
{"level":"info","message":"⌛ Validating clase59.wlk/bebidas.wlk","timeElapsed":448,"timestamp":"2026-09-05T14:23:11.579Z"}
{"level":"info","message":"⌛ Building environment","timeElapsed":165,"timestamp":"2026-09-05T14:23:11.753Z"}
{"level":"info","message":"⌛ Validating clase59.wlk/bebidas.wlk","timeElapsed":146,"timestamp":"2026-09-05T14:23:11.900Z"}
{"level":"info","message":"⌛ Validating clase59.wlk/bebidas.wlk","timeElapsed":172,"timestamp":"2026-09-05T14:23:12.082Z"}
{"level":"info","message":"⌛ Building environment","timeElapsed":129,"timestamp":"2026-09-05T14:23:12.213Z"}
{"level":"info","message":"⌛ Validating clase59.wlk/bebidas.wlk","timeElapsed":137,"timestamp":"2026-09-05T14:23:12.368Z"}
{"level":"info","message":"⌛ Validating clase59.wlk/bebidas.wlk","timeElapsed":125,"timestamp":"2026-09-05T14:23:12.500Z"}
{"level":"info","message":"⌛ Building environment","timeElapsed":109,"timestamp":"2026-09-05T14:23:12.712Z"}
{"level":"info","message":"⌛ Building environment","timeElapsed":190,"timestamp":"2026-09-05T14:23:12.905Z"}
{"level":"info","message":"⌛ Building environment","timeElapsed":188,"timestamp":"2026-09-05T14:23:13.100Z"}
{"level":"info","message":"⌛ Building environment","timeElapsed":141,"timestamp":"2026-09-05T14:23:13.315Z"}
{"level":"info","message":"⌛ Validating clase59.wlk/bebidas.wlk","timeElapsed":183,"timestamp":"2026-09-05T14:23:13.511Z"}
{"level":"info","message":"⌛ Validating clase59.wlk/bebidas.wlk","timeElapsed":152,"timestamp":"2026-09-05T14:23:13.672Z"}
{"level":"info","message":"⌛ Validating clase59.wlk/bebidas.wlk","timeElapsed":160,"timestamp":"2026-09-05T14:23:13.832Z"}
{"level":"info","message":"⌛ Building environment","timeElapsed":134,"timestamp":"2026-09-05T14:23:13.967Z"}
{"level":"info","message":"⌛ Validating clase59.wlk/bebidas.wlk","timeElapsed":170,"timestamp":"2026-09-05T14:23:14.139Z"}
{"level":"info","message":"⌛ Validating clase59.wlk/bebidas.wlk","timeElapsed":141,"timestamp":"2026-09-05T14:23:14.281Z"}
{"level":"info","message":"⌛ Validating clase59.wlk/bebidas.wlk","timeElapsed":250,"timestamp":"2026-09-05T14:23:14.662Z"}
{"level":"info","message":"⌛ Validating clase59.wlk/bebidas.wlk","timeElapsed":165,"timestamp":"2026-09-05T14:23:14.842Z"}
{"level":"info","message":"⌛ Building environment","timeElapsed":142,"timestamp":"2026-09-05T14:23:15.086Z"}
{"level":"info","message":"⌛ Building environment","timeElapsed":184,"timestamp":"2026-09-05T14:23:15.276Z"}
{"level":"info","message":"⌛ Validating clase59.wlk/bebidas.wlk","timeElapsed":184,"timestamp":"2026-09-05T14:23:15.461Z"}
{"level":"info","message":"⌛ Building environment","timeElapsed":119,"timestamp":"2026-09-05T14:23:15.582Z"}
{"level":"info","message":"⌛ Building environment","timeElapsed":114,"timestamp":"2026-09-05T14:23:15.697Z"}
{"level":"info","message":"⌛ Building environment","timeElapsed":212,"timestamp":"2026-09-05T14:23:15.912Z"}
{"level":"info","message":"⌛ Validating clase59.wlk/bebidas.wlk","timeElapsed":289,"timestamp":"2026-09-05T14:23:16.202Z"}
{"level":"info","message":"⌛ Building environment","timeElapsed":139,"timestamp":"2026-09-05T14:23:16.342Z"}
{"level":"info","message":"⌛ Building environment","timeElapsed":109,"timestamp":"2026-09-05T14:23:16.481Z"}
{"level":"info","message":"⌛ Building environment","timeElapsed":126,"timestamp":"2026-09-05T14:23:16.608Z"}
{"level":"info","message":"⌛ Building environment","timeElapsed":160,"timestamp":"2026-09-05T14:23:16.770Z"}
{"level":"info","message":"⌛ Building environment","timeElapsed":103,"timestamp":"2026-09-05T14:23:16.877Z"}
{"level":"info","message":"⌛ Building environment","timeElapsed":133,"timestamp":"2026-09-05T14:23:17.033Z"}
{"level":"info","message":"⌛ Building environment","timeElapsed":396,"timestamp":"2026-09-05T14:23:17.430Z"}
{"level":"info","message":"⌛ Validating clase59.wlk/bebidas.wlk","timeElapsed":331,"timestamp":"2026-09-05T14:23:17.762Z"}
{"level":"info","message":"⌛ Building environment","timeElapsed":104,"timestamp":"2026-09-05T14:23:17.876Z"}
{"level":"info","message":"⌛ Validating clase59.wlk/bebidas.wlk","timeElapsed":143,"timestamp":"2026-09-05T14:23:18.020Z"}
{"level":"info","message":"⌛ Validating clase59.wlk/bebidas.wlk","timeElapsed":163,"timestamp":"2026-09-05T14:23:18.398Z"}
{"level":"info","message":"⌛ Building environment","timeElapsed":644,"timestamp":"2026-09-05T14:23:19.062Z"}
{"level":"info","message":"⌛ Validating clase59.wlk/bebidas.wlk","timeElapsed":197,"timestamp":"2026-09-05T14:23:19.263Z"}
{"level":"info","message":"⌛ Building environment","timeElapsed":110,"timestamp":"2026-09-05T14:23:19.374Z"}
{"level":"info","message":"⌛ Building environment","timeElapsed":110,"timestamp":"2026-09-05T14:23:19.486Z"}
{"level":"info","message":"⌛ Building environment","timeElapsed":111,"timestamp":"2026-09-05T14:23:19.599Z"}
{"level":"info","message":"⌛ Validating clase59.wlk/bebidas.wlk","timeElapsed":154,"timestamp":"2026-09-05T14:23:19.769Z"}
{"level":"info","message":"⌛ Building environment","timeElapsed":101,"timestamp":"2026-09-05T14:23:19.871Z"}
{"level":"info","message":"⌛ Building environment","timeElapsed":111,"timestamp":"2026-09-05T14:23:19.985Z"}
{"level":"info","message":"⌛ Validating clase59.wlk/bebidas.wlk","timeElapsed":182,"timestamp":"2026-09-05T14:23:20.183Z"}
{"level":"info","message":"⌛ Validating clase59.wlk/bebidas.wlk","timeElapsed":254,"timestamp":"2026-09-05T14:23:20.445Z"}
{"level":"info","message":"⌛ Validating clase59.wlk/bebidas.wlk","timeElapsed":148,"timestamp":"2026-09-05T14:23:20.593Z"}
{"level":"info","message":"⌛ Validating clase59.wlk/bebidas.wlk","timeElapsed":149,"timestamp":"2026-09-05T14:23:20.742Z"}
{"level":"info","message":"⌛ Validating clase59.wlk/bebidas.wlk","timeElapsed":159,"timestamp":"2026-09-05T14:23:20.902Z"}
{"level":"info","message":"⌛ Validating clase59.wlk/bebidas.wlk","timeElapsed":180,"timestamp":"2026-09-05T14:23:21.084Z"}
{"level":"info","message":"⌛ Validating clase59.wlk/bebidas.wlk","timeElapsed":183,"timestamp":"2026-09-05T14:23:21.267Z"}
{"level":"info","message":"⌛ Validating clase59.wlk/bebidas.wlk","timeElapsed":126,"timestamp":"2026-09-05T14:23:21.398Z"}
{"level":"info","message":"⌛ Validating clase59.wlk/bebidas.wlk","timeElapsed":149,"timestamp":"2026-09-05T14:23:21.559Z"}
{"level":"info","message":"⌛ Validating clase59.wlk/bebidas.wlk","timeElapsed":291,"timestamp":"2026-09-05T14:23:21.863Z"}
{"level":"info","message":"⌛ Validating clase59.wlk/bebidas.wlk","timeElapsed":180,"timestamp":"2026-09-05T14:23:22.060Z"}
{"level":"info","message":"⌛ Validating clase59.wlk/bebidas.wlk","timeElapsed":167,"timestamp":"2026-09-05T14:23:22.233Z"}
{"level":"info","message":"⌛ Building environment","timeElapsed":112,"timestamp":"2026-09-05T14:23:22.350Z"}
{"level":"info","message":"⌛ Building environment","timeElapsed":150,"timestamp":"2026-09-05T14:23:22.501Z"}
{"level":"info","message":"⌛ Validating clase59.wlk/bebidas.wlk","timeElapsed":216,"timestamp":"2026-09-05T14:23:22.717Z"}
{"level":"info","message":"⌛ Validating clase59.wlk/bebidas.wlk","timeElapsed":189,"timestamp":"2026-09-05T14:23:22.907Z"}
{"level":"info","message":"⌛ Building environment","timeElapsed":271,"timestamp":"2026-09-05T14:23:23.184Z"}
{"level":"info","message":"⌛ Validating clase59.wlk/bebidas.wlk","timeElapsed":259,"timestamp":"2026-09-05T14:23:23.544Z"}
{"level":"info","message":"⌛ Building environment","timeElapsed":117,"timestamp":"2026-09-05T14:23:23.751Z"}
{"level":"info","message":"⌛ Building environment","timeElapsed":118,"timestamp":"2026-09-05T14:23:23.869Z"}
{"level":"info","message":"⌛ Validating clase59.wlk/bebidas.wlk","timeElapsed":163,"timestamp":"2026-09-05T14:23:24.033Z"}
{"level":"info","message":"⌛ Validating clase59.wlk/bebidas.wlk","timeElapsed":145,"timestamp":"2026-09-05T14:23:24.296Z"}
{"level":"info","message":"⌛ Validating clase59.wlk/bebidas.wlk","timeElapsed":118,"timestamp":"2026-09-05T14:23:24.418Z"}
{"level":"info","message":"⌛ Building environment","timeElapsed":132,"timestamp":"2026-09-05T14:23:24.567Z"}
{"level":"info","message":"⌛ Building environment","timeElapsed":352,"timestamp":"2026-09-05T14:23:24.920Z"}
{"level":"info","message":"⌛ Validating clase59.wlk/bebidas.wlk","timeElapsed":363,"timestamp":"2026-09-05T14:23:25.284Z"}
{"level":"info","message":"⌛ Validating clase59.wlk/bebidas.wlk","timeElapsed":168,"timestamp":"2026-09-05T14:23:25.453Z"}
{"level":"info","message":"⌛ Building environment","timeElapsed":126,"timestamp":"2026-09-05T14:23:25.579Z"}
{"level":"info","message":"⌛ Validating clase59.wlk/bebidas.wlk","timeElapsed":145,"timestamp":"2026-09-05T14:23:25.726Z"}
{"level":"info","message":"⌛ Building environment","timeElapsed":101,"timestamp":"2026-09-05T14:23:25.832Z"}
{"level":"info","message":"⌛ Building environment","timeElapsed":118,"timestamp":"2026-09-05T14:23:25.951Z"}
{"level":"info","message":"⌛ Building environment","timeElapsed":130,"timestamp":"2026-09-05T14:23:26.082Z"}
{"level":"info","message":"⌛ Validating clase59.wlk/bebidas.wlk","timeElapsed":298,"timestamp":"2026-09-05T14:23:26.507Z"}
{"level":"info","message":"⌛ Building environment","timeElapsed":155,"timestamp":"2026-09-05T14:23:26.664Z"}
{"level":"info","message":"⌛ Building environment","timeElapsed":156,"timestamp":"2026-09-05T14:23:26.833Z"}
{"level":"info","message":"⌛ Validating clase59.wlk/bebidas.wlk","timeElapsed":182,"timestamp":"2026-09-05T14:23:27.019Z"}
{"level":"info","message":"⌛ Validating clase59.wlk/bebidas.wlk","timeElapsed":169,"timestamp":"2026-09-05T14:23:27.203Z"}
{"level":"info","message":"⌛ Validating clase59.wlk/bebidas.wlk","timeElapsed":261,"timestamp":"2026-09-05T14:23:27.465Z"}
{"level":"info","message":"⌛ Validating clase59.wlk/bebidas.wlk","timeElapsed":196,"timestamp":"2026-09-05T14:23:27.661Z"}
{"level":"info","message":"⌛ Validating clase59.wlk/bebidas.wlk","timeElapsed":297,"timestamp":"2026-09-05T14:23:27.978Z"}
{"level":"info","message":"⌛ Validating clase59.wlk/bebidas.wlk","timeElapsed":180,"timestamp":"2026-09-05T14:23:28.158Z"}
{"level":"info","message":"⌛ Validating clase59.wlk/bebidas.wlk","timeElapsed":178,"timestamp":"2026-09-05T14:23:28.342Z"}
{"level":"info","message":"⌛ Validating clase59.wlk/bebidas.wlk","timeElapsed":145,"timestamp":"2026-09-05T14:23:28.493Z"}
{"level":"info","message":"⌛ Validating clase59.wlk/bebidas.wlk","timeElapsed":168,"timestamp":"2026-09-05T14:23:28.666Z"}
{"level":"info","message":"⌛ Building environment","timeElapsed":114,"timestamp":"2026-09-05T14:23:28.880Z"}
{"level":"info","message":"⌛ Building environment","timeElapsed":123,"timestamp":"2026-09-05T14:23:29.003Z"}
{"level":"info","message":"⌛ Building environment","timeElapsed":145,"timestamp":"2026-09-05T14:23:29.149Z"}
{"level":"info","message":"⌛ Validating clase59.wlk/bebidas.wlk","timeElapsed":244,"timestamp":"2026-09-05T14:23:29.441Z"}
{"level":"info","message":"⌛ Building environment","timeElapsed":142,"timestamp":"2026-09-05T14:23:29.584Z"}
{"level":"info","message":"⌛ Validating clase59.wlk/bebidas.wlk","timeElapsed":197,"timestamp":"2026-09-05T14:23:29.781Z"}
{"level":"info","message":"⌛ Building environment","timeElapsed":582,"timestamp":"2026-09-05T14:23:30.364Z"}
{"level":"info","message":"⌛ Building environment","timeElapsed":153,"timestamp":"2026-09-05T14:23:30.519Z"}
{"level":"info","message":"⌛ Building environment","timeElapsed":177,"timestamp":"2026-09-05T14:23:30.712Z"}
{"level":"info","message":"⌛ Validating clase59.wlk/bebidas.wlk","timeElapsed":173,"timestamp":"2026-09-05T14:23:30.917Z"}
{"level":"info","message":"⌛ Validating clase59.wlk/bebidas.wlk","timeElapsed":145,"timestamp":"2026-09-05T14:23:31.078Z"}
{"level":"info","message":"⌛ Validating clase59.wlk/bebidas.wlk","timeElapsed":144,"timestamp":"2026-09-05T14:23:31.227Z"}
{"level":"info","message":"⌛ Validating clase59.wlk/bebidas.wlk","timeElapsed":139,"timestamp":"2026-09-05T14:23:31.371Z"}
{"level":"info","message":"⌛ Validating clase59.wlk/bebidas.wlk","timeElapsed":134,"timestamp":"2026-09-05T14:23:31.516Z"}
{"level":"info","message":"⌛ Validating clase59.wlk/bebidas.wlk","timeElapsed":150,"timestamp":"2026-09-05T14:23:31.765Z"}
{"level":"info","message":"⌛ Building environment","timeElapsed":119,"timestamp":"2026-09-05T14:23:31.886Z"}
{"level":"info","message":"⌛ Building environment","timeElapsed":160,"timestamp":"2026-09-05T14:23:32.058Z"}
{"level":"info","message":"⌛ Building environment","timeElapsed":184,"timestamp":"2026-09-05T14:23:32.283Z"}
{"level":"info","message":"⌛ Validating clase59.wlk/bebidas.wlk","timeElapsed":147,"timestamp":"2026-09-05T14:23:32.431Z"}
{"level":"info","message":"⌛ Building environment","timeElapsed":117,"timestamp":"2026-09-05T14:23:32.552Z"}
{"level":"info","message":"⌛ Building environment","timeElapsed":111,"timestamp":"2026-09-05T14:23:32.664Z"}
{"level":"info","message":"⌛ Building environment","timeElapsed":149,"timestamp":"2026-09-05T14:23:32.814Z"}
{"level":"info","message":"⌛ Validating clase59.wlk/bebidas.wlk","timeElapsed":171,"timestamp":"2026-09-05T14:23:32.985Z"}
{"level":"info","message":"⌛ Validating clase59.wlk/bebidas.wlk","timeElapsed":158,"timestamp":"2026-09-05T14:23:33.152Z"}
{"level":"info","message":"⌛ Validating clase59.wlk/bebidas.wlk","timeElapsed":229,"timestamp":"2026-09-05T14:23:33.383Z"}
{"level":"info","message":"⌛ Validating clase59.wlk/bebidas.wlk","timeElapsed":274,"timestamp":"2026-09-05T14:23:33.675Z"}
{"level":"info","message":"⌛ Validating clase59.wlk/bebidas.wlk","timeElapsed":169,"timestamp":"2026-09-05T14:23:33.849Z"}
{"level":"info","message":"⌛ Building environment","timeElapsed":103,"timestamp":"2026-09-05T14:23:33.958Z"}
{"level":"info","message":"⌛ Validating clase59.wlk/bebidas.wlk","timeElapsed":199,"timestamp":"2026-09-05T14:23:34.159Z"}
{"level":"info","message":"⌛ Building environment","timeElapsed":142,"timestamp":"2026-09-05T14:23:34.301Z"}
{"level":"info","message":"⌛ Building environment","timeElapsed":152,"timestamp":"2026-09-05T14:23:34.456Z"}
{"level":"info","message":"⌛ Validating clase59.wlk/bebidas.wlk","timeElapsed":161,"timestamp":"2026-09-05T14:23:34.634Z"}
{"level":"info","message":"⌛ Building environment","timeElapsed":188,"timestamp":"2026-09-05T14:23:34.823Z"}
{"level":"info","message":"⌛ Building environment","timeElapsed":189,"timestamp":"2026-09-05T14:23:35.015Z"}
{"level":"info","message":"⌛ Building environment","timeElapsed":180,"timestamp":"2026-09-05T14:23:35.197Z"}
{"level":"info","message":"⌛ Building environment","timeElapsed":130,"timestamp":"2026-09-05T14:23:35.330Z"}
{"level":"info","message":"⌛ Building environment","timeElapsed":132,"timestamp":"2026-09-05T14:23:35.586Z"}
{"level":"info","message":"⌛ Building environment","timeElapsed":137,"timestamp":"2026-09-05T14:23:35.724Z"}
{"level":"info","message":"⌛ Building environment","timeElapsed":125,"timestamp":"2026-09-05T14:23:35.850Z"}
{"level":"info","message":"⌛ Building environment","timeElapsed":110,"timestamp":"2026-09-05T14:23:35.986Z"}
{"level":"info","message":"⌛ Building environment","timeElapsed":171,"timestamp":"2026-09-05T14:23:36.158Z"}
{"level":"info","message":"⌛ Building environment","timeElapsed":199,"timestamp":"2026-09-05T14:23:36.360Z"}
{"level":"info","message":"⌛ Validating clase59.wlk/bebidas.wlk","timeElapsed":248,"timestamp":"2026-09-05T14:23:36.609Z"}
{"level":"info","message":"⌛ Validating clase59.wlk/bebidas.wlk","timeElapsed":224,"timestamp":"2026-09-05T14:23:36.833Z"}
{"level":"info","message":"⌛ Validating clase59.wlk/bebidas.wlk","timeElapsed":140,"timestamp":"2026-09-05T14:23:36.985Z"}
{"level":"info","message":"⌛ Validating clase59.wlk/bebidas.wlk","timeElapsed":141,"timestamp":"2026-09-05T14:23:37.127Z"}
{"level":"info","message":"⌛ Building environment","timeElapsed":106,"timestamp":"2026-09-05T14:23:37.335Z"}
{"level":"info","message":"⌛ Validating clase59.wlk/bebidas.wlk","timeElapsed":179,"timestamp":"2026-09-05T14:23:37.515Z"}
{"level":"info","message":"⌛ Building environment","timeElapsed":147,"timestamp":"2026-09-05T14:23:37.662Z"}
{"level":"info","message":"⌛ Validating clase59.wlk/bebidas.wlk","timeElapsed":200,"timestamp":"2026-09-05T14:23:37.873Z"}
{"level":"info","message":"⌛ Validating clase59.wlk/bebidas.wlk","timeElapsed":209,"timestamp":"2026-09-05T14:23:38.083Z"}
{"level":"info","message":"⌛ Validating clase59.wlk/bebidas.wlk","timeElapsed":143,"timestamp":"2026-09-05T14:23:38.226Z"}
{"level":"info","message":"⌛ Validating clase59.wlk/bebidas.wlk","timeElapsed":124,"timestamp":"2026-09-05T14:23:38.356Z"}
{"level":"info","message":"⌛ Validating clase59.wlk/bebidas.wlk","timeElapsed":124,"timestamp":"2026-09-05T14:23:38.488Z"}
{"level":"info","message":"⌛ Validating clase59.wlk/bebidas.wlk","timeElapsed":123,"timestamp":"2026-09-05T14:23:38.620Z"}
{"level":"info","message":"⌛ Validating clase59.wlk/bebidas.wlk","timeElapsed":117,"timestamp":"2026-09-05T14:23:38.744Z"}
{"level":"info","message":"⌛ Building environment","timeElapsed":134,"timestamp":"2026-09-05T14:23:38.884Z"}
{"level":"info","message":"⌛ Validating clase59.wlk/bebidas.wlk","timeElapsed":240,"timestamp":"2026-09-05T14:23:39.128Z"}
{"level":"info","message":"⌛ Validating clase59.wlk/bebidas.wlk","timeElapsed":285,"timestamp":"2026-09-05T14:23:39.430Z"}
{"level":"info","message":"⌛ Building environment","timeElapsed":139,"timestamp":"2026-09-05T14:23:39.570Z"}
{"level":"info","message":"⌛ Validating clase59.wlk/bebidas.wlk","timeElapsed":258,"timestamp":"2026-09-05T14:23:39.829Z"}
{"level":"info","message":"⌛ Building environment","timeElapsed":442,"timestamp":"2026-09-05T14:23:40.273Z"}
{"level":"info","message":"⌛ Building environment","timeElapsed":219,"timestamp":"2026-09-05T14:23:40.508Z"}
{"level":"info","message":"⌛ Building environment","timeElapsed":294,"timestamp":"2026-09-05T14:23:40.819Z"}
{"level":"info","message":"⌛ Building environment","timeElapsed":195,"timestamp":"2026-09-05T14:23:41.040Z"}
{"level":"info","message":"⌛ Building environment","timeElapsed":164,"timestamp":"2026-09-05T14:23:41.206Z"}
{"level":"info","message":"⌛ Building environment","timeElapsed":129,"timestamp":"2026-09-05T14:23:41.365Z"}
{"level":"info","message":"⌛ Building environment","timeElapsed":131,"timestamp":"2026-09-05T14:23:41.497Z"}
{"level":"info","message":"⌛ Validating clase59.wlk/bebidas.wlk","timeElapsed":161,"timestamp":"2026-09-05T14:23:41.661Z"}
{"level":"info","message":"⌛ Building environment","timeElapsed":163,"timestamp":"2026-09-05T14:23:41.825Z"}
{"level":"info","message":"⌛ Building environment","timeElapsed":147,"timestamp":"2026-09-05T14:23:41.984Z"}
{"level":"info","message":"⌛ Validating clase59.wlk/bebidas.wlk","timeElapsed":188,"timestamp":"2026-09-05T14:23:42.237Z"}
{"level":"info","message":"⌛ Building environment","timeElapsed":113,"timestamp":"2026-09-05T14:23:42.351Z"}
{"level":"info","message":"⌛ Validating clase59.wlk/bebidas.wlk","timeElapsed":179,"timestamp":"2026-09-05T14:23:42.530Z"}
{"level":"info","message":"⌛ Building environment","timeElapsed":127,"timestamp":"2026-09-05T14:23:42.658Z"}
{"level":"info","message":"⌛ Building environment","timeElapsed":915,"timestamp":"2026-09-05T14:23:43.601Z"}
{"level":"info","message":"⌛ Validating clase59.wlk/bebidas.wlk","timeElapsed":232,"timestamp":"2026-09-05T14:23:43.835Z"}
{"level":"info","message":"⌛ Building environment","timeElapsed":129,"timestamp":"2026-09-05T14:23:43.964Z"}
{"level":"info","message":"⌛ Validating clase59.wlk/bebidas.wlk","timeElapsed":197,"timestamp":"2026-09-05T14:23:44.162Z"}
{"level":"info","message":"⌛ Building environment","timeElapsed":116,"timestamp":"2026-09-05T14:23:44.279Z"}
{"level":"info","message":"⌛ Validating clase59.wlk/bebidas.wlk","timeElapsed":157,"timestamp":"2026-09-05T14:23:44.448Z"}
{"level":"info","message":"⌛ Validating clase59.wlk/bebidas.wlk","timeElapsed":150,"timestamp":"2026-09-05T14:23:44.600Z"}
{"level":"info","message":"⌛ Validating clase59.wlk/bebidas.wlk","timeElapsed":296,"timestamp":"2026-09-05T14:23:44.931Z"}
{"level":"info","message":"⌛ Building environment","timeElapsed":113,"timestamp":"2026-09-05T14:23:45.048Z"}
{"level":"info","message":"⌛ Validating clase59.wlk/bebidas.wlk","timeElapsed":172,"timestamp":"2026-09-05T14:23:45.221Z"}
{"level":"info","message":"⌛ Building environment","timeElapsed":122,"timestamp":"2026-09-05T14:23:45.345Z"}
{"level":"info","message":"⌛ Validating clase59.wlk/bebidas.wlk","timeElapsed":230,"timestamp":"2026-09-05T14:23:45.577Z"}
{"level":"info","message":"⌛ Building environment","timeElapsed":162,"timestamp":"2026-09-05T14:23:45.740Z"}
{"level":"info","message":"⌛ Validating clase59.wlk/bebidas.wlk","timeElapsed":145,"timestamp":"2026-09-05T14:23:45.895Z"}
{"level":"info","message":"⌛ Building environment","timeElapsed":120,"timestamp":"2026-09-05T14:23:46.016Z"}
{"level":"info","message":"⌛ Validating clase59.wlk/bebidas.wlk","timeElapsed":306,"timestamp":"2026-09-05T14:23:46.326Z"}
{"level":"info","message":"⌛ Building environment","timeElapsed":106,"timestamp":"2026-09-05T14:23:46.435Z"}
{"level":"info","message":"⌛ Validating clase59.wlk/bebidas.wlk","timeElapsed":144,"timestamp":"2026-09-05T14:23:46.581Z"}
{"level":"info","message":"⌛ Validating clase59.wlk/bebidas.wlk","timeElapsed":144,"timestamp":"2026-09-05T14:23:46.940Z"}
{"level":"info","message":"⌛ Building environment","timeElapsed":104,"timestamp":"2026-09-05T14:23:47.045Z"}
{"level":"info","message":"⌛ Building environment","timeElapsed":169,"timestamp":"2026-09-05T14:23:47.214Z"}
{"level":"info","message":"⌛ Building environment","timeElapsed":189,"timestamp":"2026-09-05T14:23:47.409Z"}
{"level":"info","message":"⌛ Validating clase59.wlk/bebidas.wlk","timeElapsed":229,"timestamp":"2026-09-05T14:23:47.750Z"}
{"level":"info","message":"⌛ Validating clase59.wlk/bebidas.wlk","timeElapsed":150,"timestamp":"2026-09-05T14:23:47.901Z"}
{"level":"info","message":"⌛ Validating clase59.wlk/bebidas.wlk","timeElapsed":157,"timestamp":"2026-09-05T14:23:48.064Z"}
{"level":"info","message":"⌛ Validating clase59.wlk/bebidas.wlk","timeElapsed":163,"timestamp":"2026-09-05T14:23:48.230Z"}
{"level":"info","message":"⌛ Building environment","timeElapsed":112,"timestamp":"2026-09-05T14:23:48.346Z"}
{"level":"info","message":"⌛ Building environment","timeElapsed":151,"timestamp":"2026-09-05T14:23:48.498Z"}
{"level":"info","message":"⌛ Validating clase59.wlk/bebidas.wlk","timeElapsed":152,"timestamp":"2026-09-05T14:23:48.652Z"}
{"level":"info","message":"⌛ Building environment","timeElapsed":154,"timestamp":"2026-09-05T14:23:48.818Z"}
{"level":"info","message":"⌛ Building environment","timeElapsed":194,"timestamp":"2026-09-05T14:23:49.045Z"}
{"level":"info","message":"⌛ Building environment","timeElapsed":183,"timestamp":"2026-09-05T14:23:49.265Z"}
{"level":"info","message":"⌛ Building environment","timeElapsed":192,"timestamp":"2026-09-05T14:23:49.462Z"}
{"level":"info","message":"⌛ Validating clase59.wlk/bebidas.wlk","timeElapsed":159,"timestamp":"2026-09-05T14:23:49.624Z"}
{"level":"info","message":"⌛ Building environment","timeElapsed":108,"timestamp":"2026-09-05T14:23:49.732Z"}
{"level":"info","message":"⌛ Validating clase59.wlk/bebidas.wlk","timeElapsed":126,"timestamp":"2026-09-05T14:23:49.976Z"}
{"level":"info","message":"⌛ Building environment","timeElapsed":122,"timestamp":"2026-09-05T14:23:50.196Z"}
{"level":"info","message":"⌛ Building environment","timeElapsed":180,"timestamp":"2026-09-05T14:23:50.377Z"}
{"level":"info","message":"⌛ Validating clase59.wlk/bebidas.wlk","timeElapsed":252,"timestamp":"2026-09-05T14:23:50.632Z"}
{"level":"info","message":"⌛ Building environment","timeElapsed":143,"timestamp":"2026-09-05T14:23:50.877Z"}
{"level":"info","message":"⌛ Validating clase59.wlk/bebidas.wlk","timeElapsed":263,"timestamp":"2026-09-05T14:23:51.142Z"}
{"level":"info","message":"⌛ Validating clase59.wlk/bebidas.wlk","timeElapsed":175,"timestamp":"2026-09-05T14:23:51.317Z"}
{"level":"info","message":"⌛ Validating clase59.wlk/bebidas.wlk","timeElapsed":184,"timestamp":"2026-09-05T14:23:51.501Z"}
{"level":"info","message":"⌛ Validating clase59.wlk/bebidas.wlk","timeElapsed":203,"timestamp":"2026-09-05T14:23:51.715Z"}
{"level":"info","message":"⌛ Validating clase59.wlk/bebidas.wlk","timeElapsed":286,"timestamp":"2026-09-05T14:23:52.003Z"}
{"level":"info","message":"⌛ Validating clase59.wlk/bebidas.wlk","timeElapsed":166,"timestamp":"2026-09-05T14:23:52.170Z"}
{"level":"info","message":"⌛ Validating clase59.wlk/bebidas.wlk","timeElapsed":143,"timestamp":"2026-09-05T14:23:52.314Z"}
{"level":"info","message":"⌛ Validating clase59.wlk/bebidas.wlk","timeElapsed":164,"timestamp":"2026-09-05T14:23:52.578Z"}
{"level":"info","message":"⌛ Building environment","timeElapsed":1038,"timestamp":"2026-09-05T14:23:53.617Z"}
{"level":"info","message":"⌛ Building environment","timeElapsed":114,"timestamp":"2026-09-05T14:23:53.733Z"}
{"level":"info","message":"⌛ Building environment","timeElapsed":108,"timestamp":"2026-09-05T14:23:53.841Z"}
{"level":"info","message":"⌛ Building environment","timeElapsed":119,"timestamp":"2026-09-05T14:23:54.065Z"}
{"level":"info","message":"⌛ Building environment","timeElapsed":130,"timestamp":"2026-09-05T14:23:54.197Z"}
{"level":"info","message":"⌛ Validating clase59.wlk/bebidas.wlk","timeElapsed":178,"timestamp":"2026-09-05T14:23:54.375Z"}
{"level":"info","message":"⌛ Validating clase59.wlk/bebidas.wlk","timeElapsed":124,"timestamp":"2026-09-05T14:23:54.509Z"}
{"level":"info","message":"⌛ Validating clase59.wlk/bebidas.wlk","timeElapsed":165,"timestamp":"2026-09-05T14:23:54.675Z"}
{"level":"info","message":"⌛ Building environment","timeElapsed":244,"timestamp":"2026-09-05T14:23:54.929Z"}
{"level":"info","message":"⌛ Building environment","timeElapsed":172,"timestamp":"2026-09-05T14:23:55.105Z"}
{"level":"info","message":"⌛ Validating clase59.wlk/bebidas.wlk","timeElapsed":247,"timestamp":"2026-09-05T14:23:55.353Z"}
{"level":"info","message":"⌛ Building environment","timeElapsed":143,"timestamp":"2026-09-05T14:23:55.506Z"}
{"level":"info","message":"⌛ Validating clase59.wlk/bebidas.wlk","timeElapsed":168,"timestamp":"2026-09-05T14:23:55.675Z"}
{"level":"info","message":"⌛ Validating clase59.wlk/bebidas.wlk","timeElapsed":180,"timestamp":"2026-09-05T14:23:55.861Z"}
{"level":"info","message":"⌛ Validating clase59.wlk/bebidas.wlk","timeElapsed":190,"timestamp":"2026-09-05T14:23:56.052Z"}
{"level":"info","message":"⌛ Validating clase59.wlk/bebidas.wlk","timeElapsed":424,"timestamp":"2026-09-05T14:23:56.481Z"}
{"level":"info","message":"⌛ Validating clase59.wlk/bebidas.wlk","timeElapsed":231,"timestamp":"2026-09-05T14:23:56.748Z"}
{"level":"info","message":"⌛ Validating clase59.wlk/bebidas.wlk","timeElapsed":170,"timestamp":"2026-09-05T14:23:56.922Z"}
{"level":"info","message":"⌛ Validating clase59.wlk/bebidas.wlk","timeElapsed":157,"timestamp":"2026-09-05T14:23:57.085Z"}
{"level":"info","message":"⌛ Validating clase59.wlk/bebidas.wlk","timeElapsed":247,"timestamp":"2026-09-05T14:23:57.345Z"}
{"level":"info","message":"⌛ Building environment","timeElapsed":138,"timestamp":"2026-09-05T14:23:57.490Z"}
{"level":"info","message":"⌛ Validating clase59.wlk/bebidas.wlk","timeElapsed":169,"timestamp":"2026-09-05T14:23:57.660Z"}
{"level":"info","message":"⌛ Building environment","timeElapsed":234,"timestamp":"2026-09-05T14:23:57.931Z"}
{"level":"info","message":"⌛ Building environment","timeElapsed":152,"timestamp":"2026-09-05T14:23:58.096Z"}
{"level":"info","message":"⌛ Validating clase59.wlk/bebidas.wlk","timeElapsed":160,"timestamp":"2026-09-05T14:23:58.256Z"}
{"level":"info","message":"⌛ Building environment","timeElapsed":124,"timestamp":"2026-09-05T14:23:58.381Z"}
{"level":"info","message":"⌛ Validating clase59.wlk/bebidas.wlk","timeElapsed":210,"timestamp":"2026-09-05T14:23:58.592Z"}
{"level":"info","message":"⌛ Building environment","timeElapsed":136,"timestamp":"2026-09-05T14:23:58.747Z"}
{"level":"info","message":"⌛ Validating clase59.wlk/bebidas.wlk","timeElapsed":174,"timestamp":"2026-09-05T14:23:58.926Z"}
{"level":"info","message":"⌛ Building environment","timeElapsed":108,"timestamp":"2026-09-05T14:23:59.036Z"}
{"level":"info","message":"⌛ Building environment","timeElapsed":332,"timestamp":"2026-09-05T14:23:59.377Z"}
{"level":"info","message":"⌛ Validating clase59.wlk/bebidas.wlk","timeElapsed":442,"timestamp":"2026-09-05T14:23:59.894Z"}
{"level":"info","message":"⌛ Building environment","timeElapsed":189,"timestamp":"2026-09-05T14:24:00.089Z"}
{"level":"info","message":"⌛ Validating clase59.wlk/bebidas.wlk","timeElapsed":391,"timestamp":"2026-09-05T14:24:00.482Z"}
{"level":"info","message":"⌛ Building environment","timeElapsed":116,"timestamp":"2026-09-05T14:24:00.599Z"}
{"level":"info","message":"⌛ Validating clase59.wlk/bebidas.wlk","timeElapsed":217,"timestamp":"2026-09-05T14:24:00.817Z"}
{"level":"info","message":"⌛ Validating clase59.wlk/bebidas.wlk","timeElapsed":363,"timestamp":"2026-09-05T14:24:01.193Z"}
{"level":"info","message":"⌛ Validating clase59.wlk/bebidas.wlk","timeElapsed":218,"timestamp":"2026-09-05T14:24:01.426Z"}
{"level":"info","message":"⌛ Validating clase59.wlk/bebidas.wlk","timeElapsed":290,"timestamp":"2026-09-05T14:24:01.721Z"}
{"level":"info","message":"⌛ Validating clase59.wlk/bebidas.wlk","timeElapsed":166,"timestamp":"2026-09-05T14:24:01.887Z"}
{"level":"info","message":"⌛ Validating clase59.wlk/bebidas.wlk","timeElapsed":182,"timestamp":"2026-09-05T14:24:02.073Z"}
{"level":"info","message":"⌛ Validating clase59.wlk/bebidas.wlk","timeElapsed":169,"timestamp":"2026-09-05T14:24:02.344Z"}
{"level":"info","message":"⌛ Validating clase59.wlk/bebidas.wlk","timeElapsed":194,"timestamp":"2026-09-05T14:24:02.556Z"}
{"level":"info","message":"⌛ Building environment","timeElapsed":196,"timestamp":"2026-09-05T14:24:02.759Z"}
{"level":"info","message":"⌛ Building environment","timeElapsed":135,"timestamp":"2026-09-05T14:24:02.897Z"}
{"level":"info","message":"⌛ Building environment","timeElapsed":106,"timestamp":"2026-09-05T14:24:03.030Z"}
{"level":"info","message":"⌛ Building environment","timeElapsed":136,"timestamp":"2026-09-05T14:24:03.167Z"}
{"level":"info","message":"⌛ Building environment","timeElapsed":229,"timestamp":"2026-09-05T14:24:03.397Z"}
{"level":"info","message":"⌛ Building environment","timeElapsed":130,"timestamp":"2026-09-05T14:24:03.546Z"}
{"level":"info","message":"⌛ Building environment","timeElapsed":152,"timestamp":"2026-09-05T14:24:03.725Z"}
{"level":"info","message":"⌛ Validating clase59.wlk/bebidas.wlk","timeElapsed":261,"timestamp":"2026-09-05T14:24:03.994Z"}
{"level":"info","message":"⌛ Building environment","timeElapsed":259,"timestamp":"2026-09-05T14:24:04.257Z"}
{"level":"info","message":"⌛ Building environment","timeElapsed":224,"timestamp":"2026-09-05T14:24:04.483Z"}
{"level":"info","message":"⌛ Building environment","timeElapsed":113,"timestamp":"2026-09-05T14:24:04.598Z"}
{"level":"info","message":"⌛ Building environment","timeElapsed":111,"timestamp":"2026-09-05T14:24:04.842Z"}
{"level":"info","message":"⌛ Validating clase59.wlk/bebidas.wlk","timeElapsed":198,"timestamp":"2026-09-05T14:24:05.049Z"}
{"level":"info","message":"⌛ Validating clase59.wlk/bebidas.wlk","timeElapsed":290,"timestamp":"2026-09-05T14:24:05.342Z"}
{"level":"info","message":"⌛ Validating clase59.wlk/bebidas.wlk","timeElapsed":292,"timestamp":"2026-09-05T14:24:05.651Z"}
{"level":"info","message":"⌛ Validating clase59.wlk/bebidas.wlk","timeElapsed":179,"timestamp":"2026-09-05T14:24:05.831Z"}
{"level":"info","message":"⌛ Validating clase59.wlk/bebidas.wlk","timeElapsed":158,"timestamp":"2026-09-05T14:24:06.092Z"}
{"level":"info","message":"⌛ Validating clase59.wlk/bebidas.wlk","timeElapsed":135,"timestamp":"2026-09-05T14:24:06.227Z"}
{"level":"info","message":"⌛ Building environment","timeElapsed":112,"timestamp":"2026-09-05T14:24:06.346Z"}
{"level":"info","message":"⌛ Building environment","timeElapsed":156,"timestamp":"2026-09-05T14:24:06.502Z"}
{"level":"info","message":"⌛ Building environment","timeElapsed":179,"timestamp":"2026-09-05T14:24:06.696Z"}
{"level":"info","message":"⌛ Validating clase59.wlk/bebidas.wlk","timeElapsed":251,"timestamp":"2026-09-05T14:24:06.948Z"}
{"level":"info","message":"⌛ Building environment","timeElapsed":140,"timestamp":"2026-09-05T14:24:07.089Z"}
{"level":"info","message":"⌛ Building environment","timeElapsed":107,"timestamp":"2026-09-05T14:24:07.198Z"}
{"level":"info","message":"⌛ Validating clase59.wlk/bebidas.wlk","timeElapsed":295,"timestamp":"2026-09-05T14:24:07.494Z"}
{"level":"info","message":"⌛ Validating clase59.wlk/bebidas.wlk","timeElapsed":433,"timestamp":"2026-09-05T14:24:07.946Z"}
{"level":"info","message":"⌛ Building environment","timeElapsed":152,"timestamp":"2026-09-05T14:24:08.100Z"}
{"level":"info","message":"⌛ Building environment","timeElapsed":180,"timestamp":"2026-09-05T14:24:08.351Z"}
{"level":"info","message":"⌛ Building environment","timeElapsed":149,"timestamp":"2026-09-05T14:24:08.527Z"}
{"level":"info","message":"⌛ Building environment","timeElapsed":167,"timestamp":"2026-09-05T14:24:08.695Z"}
{"level":"info","message":"⌛ Building environment","timeElapsed":151,"timestamp":"2026-09-05T14:24:08.847Z"}
{"level":"info","message":"⌛ Building environment","timeElapsed":130,"timestamp":"2026-09-05T14:24:08.980Z"}
{"level":"info","message":"⌛ Building environment","timeElapsed":1377,"timestamp":"2026-09-05T14:24:10.480Z"}
{"level":"info","message":"⌛ Building environment","timeElapsed":151,"timestamp":"2026-09-05T14:24:10.634Z"}
{"level":"info","message":"⌛ Building environment","timeElapsed":128,"timestamp":"2026-09-05T14:24:10.762Z"}
{"level":"info","message":"⌛ Building environment","timeElapsed":105,"timestamp":"2026-09-05T14:24:10.996Z"}
{"level":"info","message":"⌛ Validating clase59.wlk/bebidas.wlk","timeElapsed":328,"timestamp":"2026-09-05T14:24:11.326Z"}
{"level":"info","message":"⌛ Validating clase59.wlk/bebidas.wlk","timeElapsed":222,"timestamp":"2026-09-05T14:24:11.582Z"}
{"level":"info","message":"⌛ Validating clase59.wlk/bebidas.wlk","timeElapsed":168,"timestamp":"2026-09-05T14:24:11.751Z"}
{"level":"info","message":"⌛ Validating clase59.wlk/bebidas.wlk","timeElapsed":191,"timestamp":"2026-09-05T14:24:11.942Z"}
{"level":"info","message":"⌛ Validating clase59.wlk/bebidas.wlk","timeElapsed":147,"timestamp":"2026-09-05T14:24:12.093Z"}
{"errors":{"errors":[null,["/*\r","Agregado al readme:\r","cianuro: el rendimiento sera cero si el peso del deportista es 70 o menos, si es mas\r","que 70 entoces el rendimiento es el 1% de la dosis consumida.\r","agregar a pepe, otro voluntario, que pesa 80, tiene 30 años, pepe debe\r","poder cumplir anios y se diferencia de tito en que puede calcular su \r","velocidad si tiene mas de 30 entonces resta 10 de velocidad\r"]]},"level":"error","message":"✘ Failed to get type description: Error: {\n  \"errors\": [\n    null,\n    [\n      \"/*\\r\",\n      \"Agregado al readme:\\r\",\n      \"cianuro: el rendimiento sera cero si el peso del deportista es 70 o menos, si es mas\\r\",\n      \"que 70 entoces el rendimiento es el 1% de la dosis consumida.\\r\",\n      \"agregar a pepe, otro voluntario, que pesa 80, tiene 30 años, pepe debe\\r\",\n      \"poder cumplir anios y se diferencia de tito en que puede calcular su \\r\",\n      \"velocidad si tiene mas de 30 entonces resta 10 de velocidad\\r\"\n    ]\n  ]\n} {\n  \"errors\": [\n    null,\n    [\n      \"/*\\r\",\n      \"Agregado al readme:\\r\",\n      \"cianuro: el rendimiento sera cero si el peso del deportista es 70 o menos, si es mas\\r\",\n      \"que 70 entoces el rendimiento es el 1% de la dosis consumida.\\r\",\n      \"agregar a pepe, otro voluntario, que pesa 80, tiene 30 años, pepe debe\\r\",\n      \"poder cumplir anios y se diferencia de tito en que puede calcular su \\r\",\n      \"velocidad si tiene mas de 30 entonces resta 10 de velocidad\\r\"\n    ]\n  ]\n}","stack":"Error: {\n  \"errors\": [\n    null,\n    [\n      \"/*\\r\",\n      \"Agregado al readme:\\r\",\n      \"cianuro: el rendimiento sera cero si el peso del deportista es 70 o menos, si es mas\\r\",\n      \"que 70 entoces el rendimiento es el 1% de la dosis consumida.\\r\",\n      \"agregar a pepe, otro voluntario, que pesa 80, tiene 30 años, pepe debe\\r\",\n      \"poder cumplir anios y se diferencia de tito en que puede calcular su \\r\",\n      \"velocidad si tiene mas de 30 entonces resta 10 de velocidad\\r\"\n    ]\n  ]\n}\n    at lS (c:\\Users\\elias\\.vscode\\extensions\\uqbar.wollok-lsp-ide-0.5.5\\out\\server\\src\\server.js:64:34609)\n    at Q1 (c:\\Users\\elias\\.vscode\\extensions\\uqbar.wollok-lsp-ide-0.5.5\\out\\server\\src\\server.js:64:34682)\n    at c:\\Users\\elias\\.vscode\\extensions\\uqbar.wollok-lsp-ide-0.5.5\\out\\server\\src\\server.js:64:37949\n    at o.y1 (c:\\Users\\elias\\.vscode\\extensions\\uqbar.wollok-lsp-ide-0.5.5\\out\\server\\src\\server.js:57:59136)\n    at c:\\Users\\elias\\.vscode\\extensions\\uqbar.wollok-lsp-ide-0.5.5\\out\\server\\src\\server.js:64:37918\n    at c:\\Users\\elias\\.vscode\\extensions\\uqbar.wollok-lsp-ide-0.5.5\\out\\server\\src\\server.js:57:57176\n    at Dfn (c:\\Users\\elias\\.vscode\\extensions\\uqbar.wollok-lsp-ide-0.5.5\\out\\server\\src\\server.js:68:11324)\n    at c:\\Users\\elias\\.vscode\\extensions\\uqbar.wollok-lsp-ide-0.5.5\\out\\server\\src\\server.js:68:3629\n    at Ybn (c:\\Users\\elias\\.vscode\\extensions\\uqbar.wollok-lsp-ide-0.5.5\\out\\server\\src\\server.js:68:3396)\n    at c:\\Users\\elias\\.vscode\\extensions\\uqbar.wollok-lsp-ide-0.5.5\\out\\server\\src\\server.js:2430:847","timestamp":"2026-09-05T14:24:12.127Z"}
{"level":"info","message":"⌛ Validating clase59.wlk/bebidas.wlk","timeElapsed":205,"timestamp":"2026-09-05T14:24:12.335Z"}
{"level":"info","message":"⌛ Validating clase59.wlk/bebidas.wlk","timeElapsed":531,"timestamp":"2026-09-05T14:24:12.877Z"}
{"level":"info","message":"⌛ Validating clase59.wlk/bebidas.wlk","timeElapsed":368,"timestamp":"2026-09-05T14:24:13.245Z"}
{"level":"info","message":"⌛ Validating clase59.wlk/bebidas.wlk","timeElapsed":173,"timestamp":"2026-09-05T14:24:13.420Z"}
{"level":"info","message":"⌛ Validating clase59.wlk/bebidas.wlk","timeElapsed":227,"timestamp":"2026-09-05T14:24:13.648Z"}
{"level":"info","message":"⌛ Validating clase59.wlk/bebidas.wlk","timeElapsed":175,"timestamp":"2026-09-05T14:24:13.826Z"}
{"level":"info","message":"⌛ Validating clase59.wlk/bebidas.wlk","timeElapsed":146,"timestamp":"2026-09-05T14:24:13.977Z"}
{"level":"info","message":"⌛ Validating clase59.wlk/bebidas.wlk","timeElapsed":140,"timestamp":"2026-09-05T14:24:14.124Z"}
{"level":"info","message":"⌛ Validating clase59.wlk/bebidas.wlk","timeElapsed":225,"timestamp":"2026-09-05T14:24:14.353Z"}
{"level":"info","message":"⌛ Validating clase59.wlk/bebidas.wlk","timeElapsed":179,"timestamp":"2026-09-05T14:24:14.564Z"}
{"level":"info","message":"⌛ Validating clase59.wlk/bebidas.wlk","timeElapsed":148,"timestamp":"2026-09-05T14:24:14.717Z"}
{"level":"info","message":"⌛ Validating clase59.wlk/bebidas.wlk","timeElapsed":150,"timestamp":"2026-09-05T14:24:14.873Z"}
{"level":"info","message":"⌛ Validating clase59.wlk/bebidas.wlk","timeElapsed":134,"timestamp":"2026-09-05T14:24:15.012Z"}
{"level":"info","message":"⌛ Validating clase59.wlk/bebidas.wlk","timeElapsed":138,"timestamp":"2026-09-05T14:24:15.156Z"}
{"level":"info","message":"⌛ Validating clase59.wlk/bebidas.wlk","timeElapsed":138,"timestamp":"2026-09-05T14:24:15.297Z"}
{"level":"info","message":"⌛ Validating clase59.wlk/bebidas.wlk","timeElapsed":142,"timestamp":"2026-09-05T14:24:15.444Z"}
{"level":"info","message":"⌛ Validating clase59.wlk/bebidas.wlk","timeElapsed":221,"timestamp":"2026-09-05T14:24:15.682Z"}
{"level":"info","message":"⌛ Validating clase59.wlk/bebidas.wlk","timeElapsed":217,"timestamp":"2026-09-05T14:24:15.909Z"}
{"level":"info","message":"⌛ Validating clase59.wlk/bebidas.wlk","timeElapsed":140,"timestamp":"2026-09-05T14:24:16.059Z"}
{"level":"info","message":"⌛ Validating clase59.wlk/bebidas.wlk","timeElapsed":165,"timestamp":"2026-09-05T14:24:16.230Z"}
{"level":"info","message":"⌛ Validating clase59.wlk/bebidas.wlk","timeElapsed":153,"timestamp":"2026-09-05T14:24:16.387Z"}
{"level":"info","message":"⌛ Validating clase59.wlk/bebidas.wlk","timeElapsed":158,"timestamp":"2026-09-05T14:24:16.550Z"}
{"level":"info","message":"⌛ Validating clase59.wlk/bebidas.wlk","timeElapsed":177,"timestamp":"2026-09-05T14:24:16.731Z"}
{"level":"info","message":"⌛ Validating clase59.wlk/bebidas.wlk","timeElapsed":172,"timestamp":"2026-09-05T14:24:16.922Z"}
{"level":"info","message":"⌛ Validating clase59.wlk/bebidas.wlk","timeElapsed":211,"timestamp":"2026-09-05T14:24:17.158Z"}
{"level":"info","message":"⌛ Validating clase59.wlk/bebidas.wlk","timeElapsed":140,"timestamp":"2026-09-05T14:24:17.327Z"}
{"level":"info","message":"⌛ Validating clase59.wlk/bebidas.wlk","timeElapsed":135,"timestamp":"2026-09-05T14:24:17.468Z"}
{"level":"info","message":"⌛ Validating clase59.wlk/bebidas.wlk","timeElapsed":132,"timestamp":"2026-09-05T14:24:17.606Z"}
{"level":"info","message":"⌛ Validating clase59.wlk/bebidas.wlk","timeElapsed":139,"timestamp":"2026-09-05T14:24:17.752Z"}
{"level":"info","message":"⌛ Validating clase59.wlk/bebidas.wlk","timeElapsed":172,"timestamp":"2026-09-05T14:24:17.928Z"}
{"errors":{"errors":[null,["/*\r","Agregado al readme:\r","cianuro: el rendimiento sera cero si el peso del deportista es 70 o menos, si es mas\r","que 70 entoces el rendimiento es el 1% de la dosis consumida.\r","agregar a pepe, otro voluntario, que pesa 80, tiene 30 años, pepe debe\r","poder cumplir anios y se diferencia de tito en que puede calcular su \r","velocidad si tiene mas de 30 entonces resta 10 de velocidad\r"]]},"level":"error","message":"✘ Failed to get type description: Error: {\n  \"errors\": [\n    null,\n    [\n      \"/*\\r\",\n      \"Agregado al readme:\\r\",\n      \"cianuro: el rendimiento sera cero si el peso del deportista es 70 o menos, si es mas\\r\",\n      \"que 70 entoces el rendimiento es el 1% de la dosis consumida.\\r\",\n      \"agregar a pepe, otro voluntario, que pesa 80, tiene 30 años, pepe debe\\r\",\n      \"poder cumplir anios y se diferencia de tito en que puede calcular su \\r\",\n      \"velocidad si tiene mas de 30 entonces resta 10 de velocidad\\r\"\n    ]\n  ]\n} {\n  \"errors\": [\n    null,\n    [\n      \"/*\\r\",\n      \"Agregado al readme:\\r\",\n      \"cianuro: el rendimiento sera cero si el peso del deportista es 70 o menos, si es mas\\r\",\n      \"que 70 entoces el rendimiento es el 1% de la dosis consumida.\\r\",\n      \"agregar a pepe, otro voluntario, que pesa 80, tiene 30 años, pepe debe\\r\",\n      \"poder cumplir anios y se diferencia de tito en que puede calcular su \\r\",\n      \"velocidad si tiene mas de 30 entonces resta 10 de velocidad\\r\"\n    ]\n  ]\n}","stack":"Error: {\n  \"errors\": [\n    null,\n    [\n      \"/*\\r\",\n      \"Agregado al readme:\\r\",\n      \"cianuro: el rendimiento sera cero si el peso del deportista es 70 o menos, si es mas\\r\",\n      \"que 70 entoces el rendimiento es el 1% de la dosis consumida.\\r\",\n      \"agregar a pepe, otro voluntario, que pesa 80, tiene 30 años, pepe debe\\r\",\n      \"poder cumplir anios y se diferencia de tito en que puede calcular su \\r\",\n      \"velocidad si tiene mas de 30 entonces resta 10 de velocidad\\r\"\n    ]\n  ]\n}\n    at lS (c:\\Users\\elias\\.vscode\\extensions\\uqbar.wollok-lsp-ide-0.5.5\\out\\server\\src\\server.js:64:34609)\n    at Q1 (c:\\Users\\elias\\.vscode\\extensions\\uqbar.wollok-lsp-ide-0.5.5\\out\\server\\src\\server.js:64:34682)\n    at c:\\Users\\elias\\.vscode\\extensions\\uqbar.wollok-lsp-ide-0.5.5\\out\\server\\src\\server.js:64:37949\n    at o.y1 (c:\\Users\\elias\\.vscode\\extensions\\uqbar.wollok-lsp-ide-0.5.5\\out\\server\\src\\server.js:57:59136)\n    at c:\\Users\\elias\\.vscode\\extensions\\uqbar.wollok-lsp-ide-0.5.5\\out\\server\\src\\server.js:64:37918\n    at c:\\Users\\elias\\.vscode\\extensions\\uqbar.wollok-lsp-ide-0.5.5\\out\\server\\src\\server.js:57:57176\n    at Dfn (c:\\Users\\elias\\.vscode\\extensions\\uqbar.wollok-lsp-ide-0.5.5\\out\\server\\src\\server.js:68:11324)\n    at c:\\Users\\elias\\.vscode\\extensions\\uqbar.wollok-lsp-ide-0.5.5\\out\\server\\src\\server.js:68:3629\n    at Ybn (c:\\Users\\elias\\.vscode\\extensions\\uqbar.wollok-lsp-ide-0.5.5\\out\\server\\src\\server.js:68:3396)\n    at c:\\Users\\elias\\.vscode\\extensions\\uqbar.wollok-lsp-ide-0.5.5\\out\\server\\src\\server.js:2430:847","timestamp":"2026-09-05T14:24:17.973Z"}
{"level":"info","message":"⌛ Validating clase59.wlk/bebidas.wlk","timeElapsed":206,"timestamp":"2026-09-05T14:24:18.180Z"}
{"level":"info","message":"⌛ Validating clase59.wlk/bebidas.wlk","timeElapsed":259,"timestamp":"2026-09-05T14:24:18.440Z"}
{"level":"info","message":"⌛ Validating clase59.wlk/bebidas.wlk","timeElapsed":187,"timestamp":"2026-09-05T14:24:18.638Z"}
{"level":"info","message":"⌛ Validating clase59.wlk/bebidas.wlk","timeElapsed":145,"timestamp":"2026-09-05T14:24:18.788Z"}
{"level":"info","message":"⌛ Validating clase59.wlk/bebidas.wlk","timeElapsed":133,"timestamp":"2026-09-05T14:24:18.927Z"}
{"level":"info","message":"⌛ Building environment","timeElapsed":143,"timestamp":"2026-09-05T14:24:19.077Z"}
{"level":"info","message":"⌛ Building environment","timeElapsed":132,"timestamp":"2026-09-05T14:24:19.215Z"}
{"level":"info","message":"⌛ Validating clase59.wlk/bebidas.wlk","timeElapsed":169,"timestamp":"2026-09-05T14:24:19.384Z"}
{"level":"info","message":"⌛ Validating clase59.wlk/bebidas.wlk","timeElapsed":162,"timestamp":"2026-09-05T14:24:19.546Z"}
{"level":"info","message":"⌛ Building environment","timeElapsed":117,"timestamp":"2026-09-05T14:24:21.451Z"}
{"level":"info","message":"⌛ Validating clase59.wlk/bebidas.wlk","timeElapsed":147,"timestamp":"2026-09-05T14:24:21.667Z"}
{"level":"info","message":"⌛ Building environment","timeElapsed":187,"timestamp":"2026-09-05T14:24:21.855Z"}
{"level":"info","message":"⌛ Building environment","timeElapsed":124,"timestamp":"2026-09-05T14:24:21.982Z"}
{"level":"info","message":"⌛ Building environment","timeElapsed":131,"timestamp":"2026-09-05T14:24:22.114Z"}
{"level":"info","message":"⌛ Validating clase59.wlk/bebidas.wlk","timeElapsed":182,"timestamp":"2026-09-05T14:24:22.334Z"}
{"level":"info","message":"⌛ Validating clase59.wlk/bebidas.wlk","timeElapsed":348,"timestamp":"2026-09-05T14:24:22.684Z"}
{"level":"info","message":"⌛ Validating clase59.wlk/bebidas.wlk","timeElapsed":201,"timestamp":"2026-09-05T14:24:22.895Z"}
{"level":"info","message":"⌛ Building environment","timeElapsed":146,"timestamp":"2026-09-05T14:24:26.756Z"}
{"level":"info","message":"⌛ Validating clase59.wlk/bebidas.wlk","timeElapsed":172,"timestamp":"2026-09-05T14:24:26.959Z"}
{"level":"info","message":"⌛ Validating clase59.wlk/bebidas.wlk","timeElapsed":163,"timestamp":"2026-09-05T14:24:27.256Z"}
{"level":"info","message":"⌛ Building environment","timeElapsed":110,"timestamp":"2026-09-05T14:24:30.440Z"}
{"level":"info","message":"⌛ Validating clase59.wlk/bebidas.wlk","timeElapsed":178,"timestamp":"2026-09-05T14:24:30.631Z"}
{"level":"info","message":"⌛ Building environment","timeElapsed":139,"timestamp":"2026-09-05T14:24:31.074Z"}
{"level":"info","message":"⌛ Building environment","timeElapsed":152,"timestamp":"2026-09-05T14:24:31.315Z"}
{"level":"info","message":"⌛ Validating clase59.wlk/bebidas.wlk","timeElapsed":146,"timestamp":"2026-09-05T14:24:31.477Z"}
{"level":"error","message":"✘ Failed to rebuild document Failed to parse clase59.wlk/bebidas.wlk: \n-- PARSING FAILED --------------------------------------------------\n\n  51 |         return bebidaConsumida.rendimientoQueOtorga(dosis)\n  52 |          * 430 / peso\n> 53 |     }\n     |     ^\n  54 | \n  55 |     method peso(){\n\nExpected one of the following: \n\n'@', 'class', 'const', 'describe', 'mixin', 'object', 'only', 'package', 'program', 'test', 'var', '{', EOF, comment, not \"}\r\n\r\n    \", whitespace\n","stack":"Error: Failed to parse clase59.wlk/bebidas.wlk: \n-- PARSING FAILED --------------------------------------------------\n\n  51 |         return bebidaConsumida.rendimientoQueOtorga(dosis)\n  52 |          * 430 / peso\n> 53 |     }\n     |     ^\n  54 | \n  55 |     method peso(){\n\nExpected one of the following: \n\n'@', 'class', 'const', 'describe', 'mixin', 'object', 'only', 'package', 'program', 'test', 'var', '{', EOF, comment, not \"}\r\n\r\n    \", whitespace\n\n    at c:\\Users\\elias\\.vscode\\extensions\\uqbar.wollok-lsp-ide-0.5.5\\out\\server\\src\\server.js:2385:13026\n    at Array.map (<anonymous>)\n    at z1n (c:\\Users\\elias\\.vscode\\extensions\\uqbar.wollok-lsp-ide-0.5.5\\out\\server\\src\\server.js:2385:12950)\n    at H2.buildEnvironmentFrom (c:\\Users\\elias\\.vscode\\extensions\\uqbar.wollok-lsp-ide-0.5.5\\out\\server\\src\\server.js:2430:5254)\n    at H2.updateEnvironmentWith (c:\\Users\\elias\\.vscode\\extensions\\uqbar.wollok-lsp-ide-0.5.5\\out\\server\\src\\server.js:2430:4989)\n    at QF (c:\\Users\\elias\\.vscode\\extensions\\uqbar.wollok-lsp-ide-0.5.5\\out\\server\\src\\server.js:2430:7383)\n    at V3.invoke (c:\\Users\\elias\\.vscode\\extensions\\uqbar.wollok-lsp-ide-0.5.5\\out\\server\\src\\server.js:3:157330)\n    at o.fire (c:\\Users\\elias\\.vscode\\extensions\\uqbar.wollok-lsp-ide-0.5.5\\out\\server\\src\\server.js:3:158100)\n    at c:\\Users\\elias\\.vscode\\extensions\\uqbar.wollok-lsp-ide-0.5.5\\out\\server\\src\\server.js:37:57871\n    at nd (c:\\Users\\elias\\.vscode\\extensions\\uqbar.wollok-lsp-ide-0.5.5\\out\\server\\src\\server.js:8:1561)","timestamp":"2026-09-05T14:24:31.491Z"}
{"level":"info","message":"⌛ Validating clase59.wlk/bebidas.wlk","timeElapsed":176,"timestamp":"2026-09-05T14:24:31.667Z"}
{"level":"error","message":"✘ Failed to rebuild document Failed to parse clase59.wlk/bebidas.wlk: \n-- PARSING FAILED --------------------------------------------------\n\n  51 |         return bebidaConsumida.rendimientoQueOtorga(dosis)\n  52 |          * 430 / peso\n> 53 |     }\n     |     ^\n  54 | \n  55 |     method peso(){\n\nExpected one of the following: \n\n'@', 'class', 'const', 'describe', 'mixin', 'object', 'only', 'package', 'program', 'test', 'var', '{', EOF, comment, not \"}\r\n\r\n    \", whitespace\n","stack":"Error: Failed to parse clase59.wlk/bebidas.wlk: \n-- PARSING FAILED --------------------------------------------------\n\n  51 |         return bebidaConsumida.rendimientoQueOtorga(dosis)\n  52 |          * 430 / peso\n> 53 |     }\n     |     ^\n  54 | \n  55 |     method peso(){\n\nExpected one of the following: \n\n'@', 'class', 'const', 'describe', 'mixin', 'object', 'only', 'package', 'program', 'test', 'var', '{', EOF, comment, not \"}\r\n\r\n    \", whitespace\n\n    at c:\\Users\\elias\\.vscode\\extensions\\uqbar.wollok-lsp-ide-0.5.5\\out\\server\\src\\server.js:2385:13026\n    at Array.map (<anonymous>)\n    at z1n (c:\\Users\\elias\\.vscode\\extensions\\uqbar.wollok-lsp-ide-0.5.5\\out\\server\\src\\server.js:2385:12950)\n    at H2.buildEnvironmentFrom (c:\\Users\\elias\\.vscode\\extensions\\uqbar.wollok-lsp-ide-0.5.5\\out\\server\\src\\server.js:2430:5254)\n    at H2.updateEnvironmentWith (c:\\Users\\elias\\.vscode\\extensions\\uqbar.wollok-lsp-ide-0.5.5\\out\\server\\src\\server.js:2430:4989)\n    at QF (c:\\Users\\elias\\.vscode\\extensions\\uqbar.wollok-lsp-ide-0.5.5\\out\\server\\src\\server.js:2430:7383)\n    at V3.invoke (c:\\Users\\elias\\.vscode\\extensions\\uqbar.wollok-lsp-ide-0.5.5\\out\\server\\src\\server.js:3:157330)\n    at o.fire (c:\\Users\\elias\\.vscode\\extensions\\uqbar.wollok-lsp-ide-0.5.5\\out\\server\\src\\server.js:3:158100)\n    at c:\\Users\\elias\\.vscode\\extensions\\uqbar.wollok-lsp-ide-0.5.5\\out\\server\\src\\server.js:37:57871\n    at nd (c:\\Users\\elias\\.vscode\\extensions\\uqbar.wollok-lsp-ide-0.5.5\\out\\server\\src\\server.js:8:1561)","timestamp":"2026-09-05T14:24:31.746Z"}
{"level":"info","message":"⌛ Building environment","timeElapsed":261,"timestamp":"2026-09-05T14:24:32.217Z"}
{"level":"info","message":"⌛ Building environment","timeElapsed":223,"timestamp":"2026-09-05T14:24:32.446Z"}
{"level":"info","message":"⌛ Validating clase59.wlk/bebidas.wlk","timeElapsed":154,"timestamp":"2026-09-05T14:24:32.657Z"}
{"level":"info","message":"⌛ Building environment","timeElapsed":132,"timestamp":"2026-09-05T14:24:32.792Z"}
{"level":"info","message":"⌛ Building environment","timeElapsed":107,"timestamp":"2026-09-05T14:24:32.921Z"}
{"level":"info","message":"⌛ Validating clase59.wlk/bebidas.wlk","timeElapsed":153,"timestamp":"2026-09-05T14:24:33.086Z"}
{"level":"info","message":"⌛ Building environment","timeElapsed":119,"timestamp":"2026-09-05T14:24:33.220Z"}
{"level":"info","message":"⌛ Validating clase59.wlk/bebidas.wlk","timeElapsed":205,"timestamp":"2026-09-05T14:24:33.434Z"}
{"level":"info","message":"⌛ Validating clase59.wlk/bebidas.wlk","timeElapsed":305,"timestamp":"2026-09-05T14:24:33.747Z"}
{"level":"info","message":"⌛ Validating clase59.wlk/bebidas.wlk","timeElapsed":165,"timestamp":"2026-09-05T14:24:33.980Z"}
{"level":"info","message":"⌛ Building environment","timeElapsed":112,"timestamp":"2026-09-05T14:24:34.098Z"}
{"level":"info","message":"⌛ Validating clase59.wlk/bebidas.wlk","timeElapsed":145,"timestamp":"2026-09-05T14:24:34.267Z"}
{"level":"info","message":"⌛ Validating clase59.wlk/bebidas.wlk","timeElapsed":149,"timestamp":"2026-09-05T14:24:34.515Z"}
{"level":"error","message":"✘ Failed to rebuild document Failed to parse clase59.wlk/bebidas.wlk: \n-- PARSING FAILED --------------------------------------------------\n\n  51 |         return bebidaConsumida.rendimientoQueOtorga(dosis)\n  52 |          * 430 / peso\n> 53 |     }\n     |     ^\n  54 | \n  55 |     method peso(){\n\nExpected one of the following: \n\n'@', 'class', 'const', 'describe', 'mixin', 'object', 'only', 'package', 'program', 'test', 'var', '{', EOF, comment, not \"}\r\n\r\n    \", whitespace\n","stack":"Error: Failed to parse clase59.wlk/bebidas.wlk: \n-- PARSING FAILED --------------------------------------------------\n\n  51 |         return bebidaConsumida.rendimientoQueOtorga(dosis)\n  52 |          * 430 / peso\n> 53 |     }\n     |     ^\n  54 | \n  55 |     method peso(){\n\nExpected one of the following: \n\n'@', 'class', 'const', 'describe', 'mixin', 'object', 'only', 'package', 'program', 'test', 'var', '{', EOF, comment, not \"}\r\n\r\n    \", whitespace\n\n    at c:\\Users\\elias\\.vscode\\extensions\\uqbar.wollok-lsp-ide-0.5.5\\out\\server\\src\\server.js:2385:13026\n    at Array.map (<anonymous>)\n    at z1n (c:\\Users\\elias\\.vscode\\extensions\\uqbar.wollok-lsp-ide-0.5.5\\out\\server\\src\\server.js:2385:12950)\n    at H2.buildEnvironmentFrom (c:\\Users\\elias\\.vscode\\extensions\\uqbar.wollok-lsp-ide-0.5.5\\out\\server\\src\\server.js:2430:5254)\n    at H2.updateEnvironmentWith (c:\\Users\\elias\\.vscode\\extensions\\uqbar.wollok-lsp-ide-0.5.5\\out\\server\\src\\server.js:2430:4989)\n    at QF (c:\\Users\\elias\\.vscode\\extensions\\uqbar.wollok-lsp-ide-0.5.5\\out\\server\\src\\server.js:2430:7383)\n    at V3.invoke (c:\\Users\\elias\\.vscode\\extensions\\uqbar.wollok-lsp-ide-0.5.5\\out\\server\\src\\server.js:3:157330)\n    at o.fire (c:\\Users\\elias\\.vscode\\extensions\\uqbar.wollok-lsp-ide-0.5.5\\out\\server\\src\\server.js:3:158100)\n    at c:\\Users\\elias\\.vscode\\extensions\\uqbar.wollok-lsp-ide-0.5.5\\out\\server\\src\\server.js:37:57871\n    at nd (c:\\Users\\elias\\.vscode\\extensions\\uqbar.wollok-lsp-ide-0.5.5\\out\\server\\src\\server.js:8:1561)","timestamp":"2026-09-05T14:24:34.599Z"}
{"level":"error","message":"✘ Failed to rebuild document Failed to parse clase59.wlk/bebidas.wlk: \n-- PARSING FAILED --------------------------------------------------\n\n  51 |         return bebidaConsumida.rendimientoQueOtorga(dosis)\n  52 |          * 430 / peso\n> 53 |     }\n     |     ^\n  54 | \n  55 |     method peso(){\n\nExpected one of the following: \n\n'@', 'class', 'const', 'describe', 'mixin', 'object', 'only', 'package', 'program', 'test', 'var', '{', EOF, comment, not \"}\r\n\r\n    \", whitespace\n","stack":"Error: Failed to parse clase59.wlk/bebidas.wlk: \n-- PARSING FAILED --------------------------------------------------\n\n  51 |         return bebidaConsumida.rendimientoQueOtorga(dosis)\n  52 |          * 430 / peso\n> 53 |     }\n     |     ^\n  54 | \n  55 |     method peso(){\n\nExpected one of the following: \n\n'@', 'class', 'const', 'describe', 'mixin', 'object', 'only', 'package', 'program', 'test', 'var', '{', EOF, comment, not \"}\r\n\r\n    \", whitespace\n\n    at c:\\Users\\elias\\.vscode\\extensions\\uqbar.wollok-lsp-ide-0.5.5\\out\\server\\src\\server.js:2385:13026\n    at Array.map (<anonymous>)\n    at z1n (c:\\Users\\elias\\.vscode\\extensions\\uqbar.wollok-lsp-ide-0.5.5\\out\\server\\src\\server.js:2385:12950)\n    at H2.buildEnvironmentFrom (c:\\Users\\elias\\.vscode\\extensions\\uqbar.wollok-lsp-ide-0.5.5\\out\\server\\src\\server.js:2430:5254)\n    at H2.updateEnvironmentWith (c:\\Users\\elias\\.vscode\\extensions\\uqbar.wollok-lsp-ide-0.5.5\\out\\server\\src\\server.js:2430:4989)\n    at QF (c:\\Users\\elias\\.vscode\\extensions\\uqbar.wollok-lsp-ide-0.5.5\\out\\server\\src\\server.js:2430:7383)\n    at V3.invoke (c:\\Users\\elias\\.vscode\\extensions\\uqbar.wollok-lsp-ide-0.5.5\\out\\server\\src\\server.js:3:157330)\n    at o.fire (c:\\Users\\elias\\.vscode\\extensions\\uqbar.wollok-lsp-ide-0.5.5\\out\\server\\src\\server.js:3:158100)\n    at c:\\Users\\elias\\.vscode\\extensions\\uqbar.wollok-lsp-ide-0.5.5\\out\\server\\src\\server.js:37:57871\n    at nd (c:\\Users\\elias\\.vscode\\extensions\\uqbar.wollok-lsp-ide-0.5.5\\out\\server\\src\\server.js:8:1561)","timestamp":"2026-09-05T14:24:34.913Z"}
{"level":"info","message":"⌛ Building environment","timeElapsed":212,"timestamp":"2026-09-05T14:24:35.279Z"}
{"level":"info","message":"⌛ Validating clase59.wlk/bebidas.wlk","timeElapsed":192,"timestamp":"2026-09-05T14:24:35.473Z"}
{"level":"error","message":"✘ Failed to rebuild document Failed to parse clase59.wlk/bebidas.wlk: \n-- PARSING FAILED --------------------------------------------------\n\n  51 |         return bebidaConsumida.rendimientoQueOtorga(dosis)\n  52 |          * 430 / peso\n> 53 |     }\n     |     ^\n  54 | \n  55 |     method peso(){\n\nExpected one of the following: \n\n'@', 'class', 'const', 'describe', 'mixin', 'object', 'only', 'package', 'program', 'test', 'var', '{', EOF, comment, not \"}\r\n\r\n    \", whitespace\n","stack":"Error: Failed to parse clase59.wlk/bebidas.wlk: \n-- PARSING FAILED --------------------------------------------------\n\n  51 |         return bebidaConsumida.rendimientoQueOtorga(dosis)\n  52 |          * 430 / peso\n> 53 |     }\n     |     ^\n  54 | \n  55 |     method peso(){\n\nExpected one of the following: \n\n'@', 'class', 'const', 'describe', 'mixin', 'object', 'only', 'package', 'program', 'test', 'var', '{', EOF, comment, not \"}\r\n\r\n    \", whitespace\n\n    at c:\\Users\\elias\\.vscode\\extensions\\uqbar.wollok-lsp-ide-0.5.5\\out\\server\\src\\server.js:2385:13026\n    at Array.map (<anonymous>)\n    at z1n (c:\\Users\\elias\\.vscode\\extensions\\uqbar.wollok-lsp-ide-0.5.5\\out\\server\\src\\server.js:2385:12950)\n    at H2.buildEnvironmentFrom (c:\\Users\\elias\\.vscode\\extensions\\uqbar.wollok-lsp-ide-0.5.5\\out\\server\\src\\server.js:2430:5254)\n    at H2.updateEnvironmentWith (c:\\Users\\elias\\.vscode\\extensions\\uqbar.wollok-lsp-ide-0.5.5\\out\\server\\src\\server.js:2430:4989)\n    at QF (c:\\Users\\elias\\.vscode\\extensions\\uqbar.wollok-lsp-ide-0.5.5\\out\\server\\src\\server.js:2430:7383)\n    at V3.invoke (c:\\Users\\elias\\.vscode\\extensions\\uqbar.wollok-lsp-ide-0.5.5\\out\\server\\src\\server.js:3:157330)\n    at o.fire (c:\\Users\\elias\\.vscode\\extensions\\uqbar.wollok-lsp-ide-0.5.5\\out\\server\\src\\server.js:3:158100)\n    at c:\\Users\\elias\\.vscode\\extensions\\uqbar.wollok-lsp-ide-0.5.5\\out\\server\\src\\server.js:37:57871\n    at nd (c:\\Users\\elias\\.vscode\\extensions\\uqbar.wollok-lsp-ide-0.5.5\\out\\server\\src\\server.js:8:1561)","timestamp":"2026-09-05T14:24:35.961Z"}
{"level":"info","message":"⌛ Building environment","timeElapsed":120,"timestamp":"2026-09-05T14:24:36.291Z"}
{"level":"info","message":"⌛ Validating clase59.wlk/bebidas.wlk","timeElapsed":312,"timestamp":"2026-09-05T14:24:36.612Z"}
{"level":"info","message":"⌛ Building environment","timeElapsed":176,"timestamp":"2026-09-05T14:24:36.821Z"}
{"level":"info","message":"⌛ Validating clase59.wlk/bebidas.wlk","timeElapsed":150,"timestamp":"2026-09-05T14:24:36.995Z"}
{"level":"info","message":"⌛ Building environment","timeElapsed":124,"timestamp":"2026-09-05T14:24:37.283Z"}
{"level":"info","message":"⌛ Validating clase59.wlk/bebidas.wlk","timeElapsed":199,"timestamp":"2026-09-05T14:24:37.484Z"}
{"level":"info","message":"⌛ Building environment","timeElapsed":140,"timestamp":"2026-09-05T14:24:37.639Z"}
{"level":"info","message":"⌛ Validating clase59.wlk/bebidas.wlk","timeElapsed":304,"timestamp":"2026-09-05T14:24:37.960Z"}
{"level":"info","message":"⌛ Building environment","timeElapsed":369,"timestamp":"2026-09-05T14:24:49.776Z"}
{"level":"info","message":"⌛ Validating clase59.wlk/bebidas.wlk","timeElapsed":212,"timestamp":"2026-09-05T14:24:49.995Z"}
{"level":"info","message":"⌛ Building environment","timeElapsed":182,"timestamp":"2026-09-05T14:24:50.298Z"}
{"level":"info","message":"⌛ Building environment","timeElapsed":154,"timestamp":"2026-09-05T14:24:50.496Z"}
{"level":"info","message":"⌛ Validating clase59.wlk/bebidas.wlk","timeElapsed":285,"timestamp":"2026-09-05T14:24:50.799Z"}
{"level":"info","message":"⌛ Building environment","timeElapsed":236,"timestamp":"2026-09-05T14:24:51.036Z"}
{"level":"info","message":"⌛ Validating clase59.wlk/bebidas.wlk","timeElapsed":219,"timestamp":"2026-09-05T14:24:51.281Z"}
{"level":"info","message":"⌛ Building environment","timeElapsed":130,"timestamp":"2026-09-05T14:24:51.412Z"}
{"level":"info","message":"⌛ Building environment","timeElapsed":136,"timestamp":"2026-09-05T14:24:51.577Z"}
{"level":"error","message":"✘ Failed to rebuild document Failed to parse clase59.wlk/bebidas.wlk: \n-- PARSING FAILED --------------------------------------------------\n\n  60 |     }\n  61 |     method\n> 62 | }\n     | ^\n  63 | \n  64 | object whisky {\n\nExpected one of the following: \n\n'!=', '!==', '%', '&&', '*', '**', '+', '-', '->', '..', '..<', '/', '<', '<<', '<<<', '<=', '<=>', '<>', '==', '===', '>', '>..', '>=', '>>', '>>>', '?:', 'and', 'invert', 'negate', 'or', 'plus', '||', identifier, whitespace\n","stack":"Error: Failed to parse clase59.wlk/bebidas.wlk: \n-- PARSING FAILED --------------------------------------------------\n\n  60 |     }\n  61 |     method\n> 62 | }\n     | ^\n  63 | \n  64 | object whisky {\n\nExpected one of the following: \n\n'!=', '!==', '%', '&&', '*', '**', '+', '-', '->', '..', '..<', '/', '<', '<<', '<<<', '<=', '<=>', '<>', '==', '===', '>', '>..', '>=', '>>', '>>>', '?:', 'and', 'invert', 'negate', 'or', 'plus', '||', identifier, whitespace\n\n    at c:\\Users\\elias\\.vscode\\extensions\\uqbar.wollok-lsp-ide-0.5.5\\out\\server\\src\\server.js:2385:13026\n    at Array.map (<anonymous>)\n    at z1n (c:\\Users\\elias\\.vscode\\extensions\\uqbar.wollok-lsp-ide-0.5.5\\out\\server\\src\\server.js:2385:12950)\n    at H2.buildEnvironmentFrom (c:\\Users\\elias\\.vscode\\extensions\\uqbar.wollok-lsp-ide-0.5.5\\out\\server\\src\\server.js:2430:5254)\n    at H2.updateEnvironmentWith (c:\\Users\\elias\\.vscode\\extensions\\uqbar.wollok-lsp-ide-0.5.5\\out\\server\\src\\server.js:2430:4989)\n    at QF (c:\\Users\\elias\\.vscode\\extensions\\uqbar.wollok-lsp-ide-0.5.5\\out\\server\\src\\server.js:2430:7383)\n    at V3.invoke (c:\\Users\\elias\\.vscode\\extensions\\uqbar.wollok-lsp-ide-0.5.5\\out\\server\\src\\server.js:3:157330)\n    at o.fire (c:\\Users\\elias\\.vscode\\extensions\\uqbar.wollok-lsp-ide-0.5.5\\out\\server\\src\\server.js:3:158100)\n    at c:\\Users\\elias\\.vscode\\extensions\\uqbar.wollok-lsp-ide-0.5.5\\out\\server\\src\\server.js:37:57871\n    at nd (c:\\Users\\elias\\.vscode\\extensions\\uqbar.wollok-lsp-ide-0.5.5\\out\\server\\src\\server.js:8:1561)","timestamp":"2026-09-05T14:24:51.632Z"}
{"level":"info","message":"⌛ Validating clase59.wlk/bebidas.wlk","timeElapsed":216,"timestamp":"2026-09-05T14:24:51.849Z"}
{"level":"error","message":"✘ Failed to rebuild document Failed to parse clase59.wlk/bebidas.wlk: \n-- PARSING FAILED --------------------------------------------------\n\n  60 |     }\n  61 |     method \n> 62 | }\n     | ^\n  63 | \n  64 | object whisky {\n\nExpected one of the following: \n\n'!=', '!==', '%', '&&', '*', '**', '+', '-', '->', '..', '..<', '/', '<', '<<', '<<<', '<=', '<=>', '<>', '==', '===', '>', '>..', '>=', '>>', '>>>', '?:', 'and', 'invert', 'negate', 'or', 'plus', '||', identifier, whitespace\n","stack":"Error: Failed to parse clase59.wlk/bebidas.wlk: \n-- PARSING FAILED --------------------------------------------------\n\n  60 |     }\n  61 |     method \n> 62 | }\n     | ^\n  63 | \n  64 | object whisky {\n\nExpected one of the following: \n\n'!=', '!==', '%', '&&', '*', '**', '+', '-', '->', '..', '..<', '/', '<', '<<', '<<<', '<=', '<=>', '<>', '==', '===', '>', '>..', '>=', '>>', '>>>', '?:', 'and', 'invert', 'negate', 'or', 'plus', '||', identifier, whitespace\n\n    at c:\\Users\\elias\\.vscode\\extensions\\uqbar.wollok-lsp-ide-0.5.5\\out\\server\\src\\server.js:2385:13026\n    at Array.map (<anonymous>)\n    at z1n (c:\\Users\\elias\\.vscode\\extensions\\uqbar.wollok-lsp-ide-0.5.5\\out\\server\\src\\server.js:2385:12950)\n    at H2.buildEnvironmentFrom (c:\\Users\\elias\\.vscode\\extensions\\uqbar.wollok-lsp-ide-0.5.5\\out\\server\\src\\server.js:2430:5254)\n    at H2.updateEnvironmentWith (c:\\Users\\elias\\.vscode\\extensions\\uqbar.wollok-lsp-ide-0.5.5\\out\\server\\src\\server.js:2430:4989)\n    at QF (c:\\Users\\elias\\.vscode\\extensions\\uqbar.wollok-lsp-ide-0.5.5\\out\\server\\src\\server.js:2430:7383)\n    at V3.invoke (c:\\Users\\elias\\.vscode\\extensions\\uqbar.wollok-lsp-ide-0.5.5\\out\\server\\src\\server.js:3:157330)\n    at o.fire (c:\\Users\\elias\\.vscode\\extensions\\uqbar.wollok-lsp-ide-0.5.5\\out\\server\\src\\server.js:3:158100)\n    at c:\\Users\\elias\\.vscode\\extensions\\uqbar.wollok-lsp-ide-0.5.5\\out\\server\\src\\server.js:37:57871\n    at nd (c:\\Users\\elias\\.vscode\\extensions\\uqbar.wollok-lsp-ide-0.5.5\\out\\server\\src\\server.js:8:1561)","timestamp":"2026-09-05T14:24:51.877Z"}
{"level":"info","message":"⌛ Validating clase59.wlk/bebidas.wlk","timeElapsed":303,"timestamp":"2026-09-05T14:24:52.182Z"}
{"level":"info","message":"⌛ Validating clase59.wlk/bebidas.wlk","timeElapsed":275,"timestamp":"2026-09-05T14:24:52.474Z"}
{"level":"info","message":"⌛ Building environment","timeElapsed":170,"timestamp":"2026-09-05T14:24:52.644Z"}
{"level":"info","message":"⌛ Building environment","timeElapsed":200,"timestamp":"2026-09-05T14:24:52.846Z"}
{"level":"info","message":"⌛ Building environment","timeElapsed":119,"timestamp":"2026-09-05T14:24:53.006Z"}
{"level":"info","message":"⌛ Building environment","timeElapsed":159,"timestamp":"2026-09-05T14:24:53.199Z"}
{"level":"info","message":"⌛ Validating clase59.wlk/bebidas.wlk","timeElapsed":221,"timestamp":"2026-09-05T14:24:53.442Z"}
{"level":"info","message":"⌛ Building environment","timeElapsed":234,"timestamp":"2026-09-05T14:24:53.677Z"}
{"level":"info","message":"⌛ Validating clase59.wlk/bebidas.wlk","timeElapsed":252,"timestamp":"2026-09-05T14:24:53.931Z"}
{"level":"info","message":"⌛ Building environment","timeElapsed":140,"timestamp":"2026-09-05T14:24:54.077Z"}
{"level":"info","message":"⌛ Validating clase59.wlk/bebidas.wlk","timeElapsed":192,"timestamp":"2026-09-05T14:24:54.269Z"}
{"level":"info","message":"⌛ Validating clase59.wlk/bebidas.wlk","timeElapsed":245,"timestamp":"2026-09-05T14:24:54.660Z"}
{"level":"info","message":"⌛ Building environment","timeElapsed":196,"timestamp":"2026-09-05T14:24:54.880Z"}
{"level":"info","message":"⌛ Validating clase59.wlk/bebidas.wlk","timeElapsed":299,"timestamp":"2026-09-05T14:24:55.179Z"}
{"level":"info","message":"⌛ Building environment","timeElapsed":145,"timestamp":"2026-09-05T14:24:55.324Z"}
{"level":"info","message":"⌛ Building environment","timeElapsed":156,"timestamp":"2026-09-05T14:24:55.481Z"}
{"level":"info","message":"⌛ Validating clase59.wlk/bebidas.wlk","timeElapsed":220,"timestamp":"2026-09-05T14:24:55.707Z"}
{"level":"info","message":"⌛ Validating clase59.wlk/bebidas.wlk","timeElapsed":200,"timestamp":"2026-09-05T14:24:55.913Z"}
{"level":"info","message":"⌛ Building environment","timeElapsed":227,"timestamp":"2026-09-05T14:24:56.149Z"}
{"level":"info","message":"⌛ Building environment","timeElapsed":225,"timestamp":"2026-09-05T14:24:56.429Z"}
{"level":"info","message":"⌛ Validating clase59.wlk/bebidas.wlk","timeElapsed":268,"timestamp":"2026-09-05T14:24:56.712Z"}
{"level":"info","message":"⌛ Validating clase59.wlk/bebidas.wlk","timeElapsed":266,"timestamp":"2026-09-05T14:24:56.999Z"}
{"level":"info","message":"⌛ Building environment","timeElapsed":162,"timestamp":"2026-09-05T14:24:57.163Z"}
{"level":"info","message":"⌛ Validating clase59.wlk/bebidas.wlk","timeElapsed":198,"timestamp":"2026-09-05T14:24:57.377Z"}
{"level":"info","message":"⌛ Validating clase59.wlk/bebidas.wlk","timeElapsed":155,"timestamp":"2026-09-05T14:24:57.641Z"}
{"level":"info","message":"⌛ Validating clase59.wlk/bebidas.wlk","timeElapsed":261,"timestamp":"2026-09-05T14:24:57.912Z"}
{"level":"info","message":"⌛ Validating clase59.wlk/bebidas.wlk","timeElapsed":169,"timestamp":"2026-09-05T14:24:58.109Z"}
{"level":"info","message":"⌛ Validating clase59.wlk/bebidas.wlk","timeElapsed":142,"timestamp":"2026-09-05T14:24:58.265Z"}
{"level":"info","message":"⌛ Building environment","timeElapsed":106,"timestamp":"2026-09-05T14:24:59.581Z"}
{"level":"info","message":"⌛ Validating clase59.wlk/bebidas.wlk","timeElapsed":142,"timestamp":"2026-09-05T14:24:59.740Z"}
{"level":"info","message":"⌛ Building environment","timeElapsed":115,"timestamp":"2026-09-05T14:25:00.026Z"}
{"level":"info","message":"⌛ Validating clase59.wlk/bebidas.wlk","timeElapsed":141,"timestamp":"2026-09-05T14:25:00.187Z"}
{"level":"info","message":"⌛ Building environment","timeElapsed":156,"timestamp":"2026-09-05T14:25:01.377Z"}
{"level":"info","message":"⌛ Building environment","timeElapsed":124,"timestamp":"2026-09-05T14:25:01.556Z"}
{"level":"info","message":"⌛ Validating clase59.wlk/bebidas.wlk","timeElapsed":241,"timestamp":"2026-09-05T14:25:01.827Z"}
{"level":"info","message":"⌛ Building environment","timeElapsed":214,"timestamp":"2026-09-05T14:25:02.057Z"}
{"level":"info","message":"⌛ Validating clase59.wlk/bebidas.wlk","timeElapsed":171,"timestamp":"2026-09-05T14:25:02.233Z"}
{"level":"info","message":"⌛ Building environment","timeElapsed":125,"timestamp":"2026-09-05T14:25:02.459Z"}
{"level":"info","message":"⌛ Validating clase59.wlk/bebidas.wlk","timeElapsed":184,"timestamp":"2026-09-05T14:25:02.662Z"}
{"level":"info","message":"⌛ Validating clase59.wlk/bebidas.wlk","timeElapsed":192,"timestamp":"2026-09-05T14:25:02.860Z"}
{"level":"info","message":"⌛ Building environment","timeElapsed":270,"timestamp":"2026-09-05T14:25:06.332Z"}
{"level":"info","message":"⌛ Building environment","timeElapsed":195,"timestamp":"2026-09-05T14:25:06.535Z"}
{"level":"info","message":"⌛ Validating clase59.wlk/bebidas.wlk","timeElapsed":176,"timestamp":"2026-09-05T14:25:06.725Z"}
{"level":"info","message":"⌛ Building environment","timeElapsed":187,"timestamp":"2026-09-05T14:25:06.912Z"}
{"level":"info","message":"⌛ Validating clase59.wlk/bebidas.wlk","timeElapsed":214,"timestamp":"2026-09-05T14:25:07.145Z"}
{"level":"info","message":"⌛ Building environment","timeElapsed":166,"timestamp":"2026-09-05T14:25:07.330Z"}
{"level":"info","message":"⌛ Building environment","timeElapsed":183,"timestamp":"2026-09-05T14:25:07.526Z"}
{"level":"info","message":"⌛ Validating clase59.wlk/bebidas.wlk","timeElapsed":307,"timestamp":"2026-09-05T14:25:08.003Z"}
{"level":"info","message":"⌛ Building environment","timeElapsed":134,"timestamp":"2026-09-05T14:25:08.137Z"}
{"level":"info","message":"⌛ Building environment","timeElapsed":146,"timestamp":"2026-09-05T14:25:08.295Z"}
{"level":"info","message":"⌛ Validating clase59.wlk/bebidas.wlk","timeElapsed":158,"timestamp":"2026-09-05T14:25:08.470Z"}
{"level":"info","message":"⌛ Building environment","timeElapsed":102,"timestamp":"2026-09-05T14:25:08.572Z"}
{"level":"info","message":"⌛ Validating clase59.wlk/bebidas.wlk","timeElapsed":152,"timestamp":"2026-09-05T14:25:08.725Z"}
{"level":"info","message":"⌛ Validating clase59.wlk/bebidas.wlk","timeElapsed":169,"timestamp":"2026-09-05T14:25:08.915Z"}
{"level":"info","message":"⌛ Validating clase59.wlk/bebidas.wlk","timeElapsed":235,"timestamp":"2026-09-05T14:25:09.158Z"}
{"level":"info","message":"⌛ Validating clase59.wlk/bebidas.wlk","timeElapsed":185,"timestamp":"2026-09-05T14:25:09.356Z"}
{"level":"info","message":"⌛ Building environment","timeElapsed":109,"timestamp":"2026-09-05T14:25:15.109Z"}
{"level":"info","message":"⌛ Validating clase59.wlk/bebidas.wlk","timeElapsed":265,"timestamp":"2026-09-05T14:25:15.504Z"}
{"level":"info","message":"⌛ Validating clase59.wlk/bebidas.wlk","timeElapsed":313,"timestamp":"2026-09-05T14:25:15.842Z"}
{"level":"info","message":"⌛ Building environment","timeElapsed":129,"timestamp":"2026-09-05T14:25:16.840Z"}
{"level":"info","message":"⌛ Validating clase59.wlk/bebidas.wlk","timeElapsed":261,"timestamp":"2026-09-05T14:25:17.114Z"}
{"level":"info","message":"⌛ Building environment","timeElapsed":206,"timestamp":"2026-09-05T14:25:17.329Z"}
{"level":"info","message":"⌛ Building environment","timeElapsed":142,"timestamp":"2026-09-05T14:25:17.512Z"}
{"level":"info","message":"⌛ Building environment","timeElapsed":182,"timestamp":"2026-09-05T14:25:17.726Z"}
{"level":"info","message":"⌛ Validating clase59.wlk/bebidas.wlk","timeElapsed":195,"timestamp":"2026-09-05T14:25:17.944Z"}
{"level":"info","message":"⌛ Validating clase59.wlk/bebidas.wlk","timeElapsed":237,"timestamp":"2026-09-05T14:25:18.197Z"}
{"level":"info","message":"⌛ Validating clase59.wlk/bebidas.wlk","timeElapsed":207,"timestamp":"2026-09-05T14:25:18.410Z"}
{"level":"info","message":"⌛ Building environment","timeElapsed":515,"timestamp":"2026-09-05T14:25:18.942Z"}
{"level":"info","message":"⌛ Building environment","timeElapsed":185,"timestamp":"2026-09-05T14:25:19.141Z"}
{"level":"info","message":"⌛ Building environment","timeElapsed":162,"timestamp":"2026-09-05T14:25:19.304Z"}
{"level":"info","message":"⌛ Building environment","timeElapsed":186,"timestamp":"2026-09-05T14:25:19.500Z"}
{"level":"info","message":"⌛ Validating clase59.wlk/bebidas.wlk","timeElapsed":193,"timestamp":"2026-09-05T14:25:19.693Z"}
{"level":"info","message":"⌛ Validating clase59.wlk/bebidas.wlk","timeElapsed":210,"timestamp":"2026-09-05T14:25:19.923Z"}
{"level":"info","message":"⌛ Validating clase59.wlk/bebidas.wlk","timeElapsed":561,"timestamp":"2026-09-05T14:25:20.490Z"}
{"level":"info","message":"⌛ Building environment","timeElapsed":159,"timestamp":"2026-09-05T14:25:20.664Z"}
{"level":"info","message":"⌛ Validating clase59.wlk/bebidas.wlk","timeElapsed":193,"timestamp":"2026-09-05T14:25:20.873Z"}
{"level":"info","message":"⌛ Validating clase59.wlk/bebidas.wlk","timeElapsed":163,"timestamp":"2026-09-05T14:25:21.056Z"}
{"level":"info","message":"⌛ Building environment","timeElapsed":133,"timestamp":"2026-09-05T14:25:51.912Z"}
{"level":"info","message":"⌛ Validating clase59.wlk/bebidas.wlk","timeElapsed":163,"timestamp":"2026-09-05T14:25:52.077Z"}
{"level":"info","message":"⌛ Building environment","timeElapsed":171,"timestamp":"2026-09-05T14:25:52.344Z"}
{"level":"info","message":"⌛ Validating clase59.wlk/bebidas.wlk","timeElapsed":223,"timestamp":"2026-09-05T14:25:52.569Z"}
{"errors":{"errors":[null,["/*\r","Agregado al readme:\r","cianuro: el rendimiento sera cero si el peso del deportista es 70 o menos, si es mas\r","que 70 entoces el rendimiento es el 1% de la dosis consumida.\r","agregar a pepe, otro voluntario, que pesa 80, tiene 30 años, pepe debe\r","poder cumplir anios y se diferencia de tito en que puede calcular su \r","velocidad si tiene mas de 30 entonces resta 10 de velocidad\r"]]},"level":"error","message":"✘ Failed to get type description: Error: {\n  \"errors\": [\n    null,\n    [\n      \"/*\\r\",\n      \"Agregado al readme:\\r\",\n      \"cianuro: el rendimiento sera cero si el peso del deportista es 70 o menos, si es mas\\r\",\n      \"que 70 entoces el rendimiento es el 1% de la dosis consumida.\\r\",\n      \"agregar a pepe, otro voluntario, que pesa 80, tiene 30 años, pepe debe\\r\",\n      \"poder cumplir anios y se diferencia de tito en que puede calcular su \\r\",\n      \"velocidad si tiene mas de 30 entonces resta 10 de velocidad\\r\"\n    ]\n  ]\n} {\n  \"errors\": [\n    null,\n    [\n      \"/*\\r\",\n      \"Agregado al readme:\\r\",\n      \"cianuro: el rendimiento sera cero si el peso del deportista es 70 o menos, si es mas\\r\",\n      \"que 70 entoces el rendimiento es el 1% de la dosis consumida.\\r\",\n      \"agregar a pepe, otro voluntario, que pesa 80, tiene 30 años, pepe debe\\r\",\n      \"poder cumplir anios y se diferencia de tito en que puede calcular su \\r\",\n      \"velocidad si tiene mas de 30 entonces resta 10 de velocidad\\r\"\n    ]\n  ]\n}","stack":"Error: {\n  \"errors\": [\n    null,\n    [\n      \"/*\\r\",\n      \"Agregado al readme:\\r\",\n      \"cianuro: el rendimiento sera cero si el peso del deportista es 70 o menos, si es mas\\r\",\n      \"que 70 entoces el rendimiento es el 1% de la dosis consumida.\\r\",\n      \"agregar a pepe, otro voluntario, que pesa 80, tiene 30 años, pepe debe\\r\",\n      \"poder cumplir anios y se diferencia de tito en que puede calcular su \\r\",\n      \"velocidad si tiene mas de 30 entonces resta 10 de velocidad\\r\"\n    ]\n  ]\n}\n    at lS (c:\\Users\\elias\\.vscode\\extensions\\uqbar.wollok-lsp-ide-0.5.5\\out\\server\\src\\server.js:64:34609)\n    at Q1 (c:\\Users\\elias\\.vscode\\extensions\\uqbar.wollok-lsp-ide-0.5.5\\out\\server\\src\\server.js:64:34682)\n    at c:\\Users\\elias\\.vscode\\extensions\\uqbar.wollok-lsp-ide-0.5.5\\out\\server\\src\\server.js:64:37949\n    at o.y1 (c:\\Users\\elias\\.vscode\\extensions\\uqbar.wollok-lsp-ide-0.5.5\\out\\server\\src\\server.js:57:59136)\n    at c:\\Users\\elias\\.vscode\\extensions\\uqbar.wollok-lsp-ide-0.5.5\\out\\server\\src\\server.js:64:37918\n    at c:\\Users\\elias\\.vscode\\extensions\\uqbar.wollok-lsp-ide-0.5.5\\out\\server\\src\\server.js:57:57176\n    at Dfn (c:\\Users\\elias\\.vscode\\extensions\\uqbar.wollok-lsp-ide-0.5.5\\out\\server\\src\\server.js:68:11324)\n    at c:\\Users\\elias\\.vscode\\extensions\\uqbar.wollok-lsp-ide-0.5.5\\out\\server\\src\\server.js:68:3629\n    at Array.map (<anonymous>)\n    at c:\\Users\\elias\\.vscode\\extensions\\uqbar.wollok-lsp-ide-0.5.5\\out\\server\\src\\server.js:68:4693","timestamp":"2026-09-05T14:25:59.036Z"}
{"errors":{"errors":[null,["/*\r","Agregado al readme:\r","cianuro: el rendimiento sera cero si el peso del deportista es 70 o menos, si es mas\r","que 70 entoces el rendimiento es el 1% de la dosis consumida.\r","agregar a pepe, otro voluntario, que pesa 80, tiene 30 años, pepe debe\r","poder cumplir anios y se diferencia de tito en que puede calcular su \r","velocidad si tiene mas de 30 entonces resta 10 de velocidad\r"]]},"level":"error","message":"✘ Failed to get type description: Error: {\n  \"errors\": [\n    null,\n    [\n      \"/*\\r\",\n      \"Agregado al readme:\\r\",\n      \"cianuro: el rendimiento sera cero si el peso del deportista es 70 o menos, si es mas\\r\",\n      \"que 70 entoces el rendimiento es el 1% de la dosis consumida.\\r\",\n      \"agregar a pepe, otro voluntario, que pesa 80, tiene 30 años, pepe debe\\r\",\n      \"poder cumplir anios y se diferencia de tito en que puede calcular su \\r\",\n      \"velocidad si tiene mas de 30 entonces resta 10 de velocidad\\r\"\n    ]\n  ]\n} {\n  \"errors\": [\n    null,\n    [\n      \"/*\\r\",\n      \"Agregado al readme:\\r\",\n      \"cianuro: el rendimiento sera cero si el peso del deportista es 70 o menos, si es mas\\r\",\n      \"que 70 entoces el rendimiento es el 1% de la dosis consumida.\\r\",\n      \"agregar a pepe, otro voluntario, que pesa 80, tiene 30 años, pepe debe\\r\",\n      \"poder cumplir anios y se diferencia de tito en que puede calcular su \\r\",\n      \"velocidad si tiene mas de 30 entonces resta 10 de velocidad\\r\"\n    ]\n  ]\n}","stack":"Error: {\n  \"errors\": [\n    null,\n    [\n      \"/*\\r\",\n      \"Agregado al readme:\\r\",\n      \"cianuro: el rendimiento sera cero si el peso del deportista es 70 o menos, si es mas\\r\",\n      \"que 70 entoces el rendimiento es el 1% de la dosis consumida.\\r\",\n      \"agregar a pepe, otro voluntario, que pesa 80, tiene 30 años, pepe debe\\r\",\n      \"poder cumplir anios y se diferencia de tito en que puede calcular su \\r\",\n      \"velocidad si tiene mas de 30 entonces resta 10 de velocidad\\r\"\n    ]\n  ]\n}\n    at lS (c:\\Users\\elias\\.vscode\\extensions\\uqbar.wollok-lsp-ide-0.5.5\\out\\server\\src\\server.js:64:34609)\n    at Q1 (c:\\Users\\elias\\.vscode\\extensions\\uqbar.wollok-lsp-ide-0.5.5\\out\\server\\src\\server.js:64:34682)\n    at c:\\Users\\elias\\.vscode\\extensions\\uqbar.wollok-lsp-ide-0.5.5\\out\\server\\src\\server.js:64:37949\n    at o.y1 (c:\\Users\\elias\\.vscode\\extensions\\uqbar.wollok-lsp-ide-0.5.5\\out\\server\\src\\server.js:57:59136)\n    at c:\\Users\\elias\\.vscode\\extensions\\uqbar.wollok-lsp-ide-0.5.5\\out\\server\\src\\server.js:64:37918\n    at c:\\Users\\elias\\.vscode\\extensions\\uqbar.wollok-lsp-ide-0.5.5\\out\\server\\src\\server.js:57:57176\n    at Dfn (c:\\Users\\elias\\.vscode\\extensions\\uqbar.wollok-lsp-ide-0.5.5\\out\\server\\src\\server.js:68:11324)\n    at c:\\Users\\elias\\.vscode\\extensions\\uqbar.wollok-lsp-ide-0.5.5\\out\\server\\src\\server.js:68:3629\n    at Array.map (<anonymous>)\n    at c:\\Users\\elias\\.vscode\\extensions\\uqbar.wollok-lsp-ide-0.5.5\\out\\server\\src\\server.js:68:4693","timestamp":"2026-09-05T14:25:59.902Z"}
{"errors":{"errors":[null,["/*\r","Agregado al readme:\r","cianuro: el rendimiento sera cero si el peso del deportista es 70 o menos, si es mas\r","que 70 entoces el rendimiento es el 1% de la dosis consumida.\r","agregar a pepe, otro voluntario, que pesa 80, tiene 30 años, pepe debe\r","poder cumplir anios y se diferencia de tito en que puede calcular su \r","velocidad si tiene mas de 30 entonces resta 10 de velocidad\r"]]},"level":"error","message":"✘ Failed to get type description: Error: {\n  \"errors\": [\n    null,\n    [\n      \"/*\\r\",\n      \"Agregado al readme:\\r\",\n      \"cianuro: el rendimiento sera cero si el peso del deportista es 70 o menos, si es mas\\r\",\n      \"que 70 entoces el rendimiento es el 1% de la dosis consumida.\\r\",\n      \"agregar a pepe, otro voluntario, que pesa 80, tiene 30 años, pepe debe\\r\",\n      \"poder cumplir anios y se diferencia de tito en que puede calcular su \\r\",\n      \"velocidad si tiene mas de 30 entonces resta 10 de velocidad\\r\"\n    ]\n  ]\n} {\n  \"errors\": [\n    null,\n    [\n      \"/*\\r\",\n      \"Agregado al readme:\\r\",\n      \"cianuro: el rendimiento sera cero si el peso del deportista es 70 o menos, si es mas\\r\",\n      \"que 70 entoces el rendimiento es el 1% de la dosis consumida.\\r\",\n      \"agregar a pepe, otro voluntario, que pesa 80, tiene 30 años, pepe debe\\r\",\n      \"poder cumplir anios y se diferencia de tito en que puede calcular su \\r\",\n      \"velocidad si tiene mas de 30 entonces resta 10 de velocidad\\r\"\n    ]\n  ]\n}","stack":"Error: {\n  \"errors\": [\n    null,\n    [\n      \"/*\\r\",\n      \"Agregado al readme:\\r\",\n      \"cianuro: el rendimiento sera cero si el peso del deportista es 70 o menos, si es mas\\r\",\n      \"que 70 entoces el rendimiento es el 1% de la dosis consumida.\\r\",\n      \"agregar a pepe, otro voluntario, que pesa 80, tiene 30 años, pepe debe\\r\",\n      \"poder cumplir anios y se diferencia de tito en que puede calcular su \\r\",\n      \"velocidad si tiene mas de 30 entonces resta 10 de velocidad\\r\"\n    ]\n  ]\n}\n    at lS (c:\\Users\\elias\\.vscode\\extensions\\uqbar.wollok-lsp-ide-0.5.5\\out\\server\\src\\server.js:64:34609)\n    at Q1 (c:\\Users\\elias\\.vscode\\extensions\\uqbar.wollok-lsp-ide-0.5.5\\out\\server\\src\\server.js:64:34682)\n    at c:\\Users\\elias\\.vscode\\extensions\\uqbar.wollok-lsp-ide-0.5.5\\out\\server\\src\\server.js:64:37949\n    at o.y1 (c:\\Users\\elias\\.vscode\\extensions\\uqbar.wollok-lsp-ide-0.5.5\\out\\server\\src\\server.js:57:59136)\n    at c:\\Users\\elias\\.vscode\\extensions\\uqbar.wollok-lsp-ide-0.5.5\\out\\server\\src\\server.js:64:37918\n    at c:\\Users\\elias\\.vscode\\extensions\\uqbar.wollok-lsp-ide-0.5.5\\out\\server\\src\\server.js:57:57176\n    at Dfn (c:\\Users\\elias\\.vscode\\extensions\\uqbar.wollok-lsp-ide-0.5.5\\out\\server\\src\\server.js:68:11324)\n    at c:\\Users\\elias\\.vscode\\extensions\\uqbar.wollok-lsp-ide-0.5.5\\out\\server\\src\\server.js:68:3629\n    at Array.map (<anonymous>)\n    at c:\\Users\\elias\\.vscode\\extensions\\uqbar.wollok-lsp-ide-0.5.5\\out\\server\\src\\server.js:68:4693","timestamp":"2026-09-05T14:26:00.292Z"}
{"errors":{"errors":[null,["/*\r","Agregado al readme:\r","cianuro: el rendimiento sera cero si el peso del deportista es 70 o menos, si es mas\r","que 70 entoces el rendimiento es el 1% de la dosis consumida.\r","agregar a pepe, otro voluntario, que pesa 80, tiene 30 años, pepe debe\r","poder cumplir anios y se diferencia de tito en que puede calcular su \r","velocidad si tiene mas de 30 entonces resta 10 de velocidad\r"]]},"level":"error","message":"✘ Failed to get type description: Error: {\n  \"errors\": [\n    null,\n    [\n      \"/*\\r\",\n      \"Agregado al readme:\\r\",\n      \"cianuro: el rendimiento sera cero si el peso del deportista es 70 o menos, si es mas\\r\",\n      \"que 70 entoces el rendimiento es el 1% de la dosis consumida.\\r\",\n      \"agregar a pepe, otro voluntario, que pesa 80, tiene 30 años, pepe debe\\r\",\n      \"poder cumplir anios y se diferencia de tito en que puede calcular su \\r\",\n      \"velocidad si tiene mas de 30 entonces resta 10 de velocidad\\r\"\n    ]\n  ]\n} {\n  \"errors\": [\n    null,\n    [\n      \"/*\\r\",\n      \"Agregado al readme:\\r\",\n      \"cianuro: el rendimiento sera cero si el peso del deportista es 70 o menos, si es mas\\r\",\n      \"que 70 entoces el rendimiento es el 1% de la dosis consumida.\\r\",\n      \"agregar a pepe, otro voluntario, que pesa 80, tiene 30 años, pepe debe\\r\",\n      \"poder cumplir anios y se diferencia de tito en que puede calcular su \\r\",\n      \"velocidad si tiene mas de 30 entonces resta 10 de velocidad\\r\"\n    ]\n  ]\n}","stack":"Error: {\n  \"errors\": [\n    null,\n    [\n      \"/*\\r\",\n      \"Agregado al readme:\\r\",\n      \"cianuro: el rendimiento sera cero si el peso del deportista es 70 o menos, si es mas\\r\",\n      \"que 70 entoces el rendimiento es el 1% de la dosis consumida.\\r\",\n      \"agregar a pepe, otro voluntario, que pesa 80, tiene 30 años, pepe debe\\r\",\n      \"poder cumplir anios y se diferencia de tito en que puede calcular su \\r\",\n      \"velocidad si tiene mas de 30 entonces resta 10 de velocidad\\r\"\n    ]\n  ]\n}\n    at lS (c:\\Users\\elias\\.vscode\\extensions\\uqbar.wollok-lsp-ide-0.5.5\\out\\server\\src\\server.js:64:34609)\n    at Q1 (c:\\Users\\elias\\.vscode\\extensions\\uqbar.wollok-lsp-ide-0.5.5\\out\\server\\src\\server.js:64:34682)\n    at c:\\Users\\elias\\.vscode\\extensions\\uqbar.wollok-lsp-ide-0.5.5\\out\\server\\src\\server.js:64:37949\n    at o.y1 (c:\\Users\\elias\\.vscode\\extensions\\uqbar.wollok-lsp-ide-0.5.5\\out\\server\\src\\server.js:57:59136)\n    at c:\\Users\\elias\\.vscode\\extensions\\uqbar.wollok-lsp-ide-0.5.5\\out\\server\\src\\server.js:64:37918\n    at c:\\Users\\elias\\.vscode\\extensions\\uqbar.wollok-lsp-ide-0.5.5\\out\\server\\src\\server.js:57:57176\n    at Dfn (c:\\Users\\elias\\.vscode\\extensions\\uqbar.wollok-lsp-ide-0.5.5\\out\\server\\src\\server.js:68:11324)\n    at c:\\Users\\elias\\.vscode\\extensions\\uqbar.wollok-lsp-ide-0.5.5\\out\\server\\src\\server.js:68:3629\n    at Array.map (<anonymous>)\n    at c:\\Users\\elias\\.vscode\\extensions\\uqbar.wollok-lsp-ide-0.5.5\\out\\server\\src\\server.js:68:4693","timestamp":"2026-09-05T14:26:00.634Z"}
{"errors":{"errors":[null,["/*\r","Agregado al readme:\r","cianuro: el rendimiento sera cero si el peso del deportista es 70 o menos, si es mas\r","que 70 entoces el rendimiento es el 1% de la dosis consumida.\r","agregar a pepe, otro voluntario, que pesa 80, tiene 30 años, pepe debe\r","poder cumplir anios y se diferencia de tito en que puede calcular su \r","velocidad si tiene mas de 30 entonces resta 10 de velocidad\r"]]},"level":"error","message":"✘ Failed to get type description: Error: {\n  \"errors\": [\n    null,\n    [\n      \"/*\\r\",\n      \"Agregado al readme:\\r\",\n      \"cianuro: el rendimiento sera cero si el peso del deportista es 70 o menos, si es mas\\r\",\n      \"que 70 entoces el rendimiento es el 1% de la dosis consumida.\\r\",\n      \"agregar a pepe, otro voluntario, que pesa 80, tiene 30 años, pepe debe\\r\",\n      \"poder cumplir anios y se diferencia de tito en que puede calcular su \\r\",\n      \"velocidad si tiene mas de 30 entonces resta 10 de velocidad\\r\"\n    ]\n  ]\n} {\n  \"errors\": [\n    null,\n    [\n      \"/*\\r\",\n      \"Agregado al readme:\\r\",\n      \"cianuro: el rendimiento sera cero si el peso del deportista es 70 o menos, si es mas\\r\",\n      \"que 70 entoces el rendimiento es el 1% de la dosis consumida.\\r\",\n      \"agregar a pepe, otro voluntario, que pesa 80, tiene 30 años, pepe debe\\r\",\n      \"poder cumplir anios y se diferencia de tito en que puede calcular su \\r\",\n      \"velocidad si tiene mas de 30 entonces resta 10 de velocidad\\r\"\n    ]\n  ]\n}","stack":"Error: {\n  \"errors\": [\n    null,\n    [\n      \"/*\\r\",\n      \"Agregado al readme:\\r\",\n      \"cianuro: el rendimiento sera cero si el peso del deportista es 70 o menos, si es mas\\r\",\n      \"que 70 entoces el rendimiento es el 1% de la dosis consumida.\\r\",\n      \"agregar a pepe, otro voluntario, que pesa 80, tiene 30 años, pepe debe\\r\",\n      \"poder cumplir anios y se diferencia de tito en que puede calcular su \\r\",\n      \"velocidad si tiene mas de 30 entonces resta 10 de velocidad\\r\"\n    ]\n  ]\n}\n    at lS (c:\\Users\\elias\\.vscode\\extensions\\uqbar.wollok-lsp-ide-0.5.5\\out\\server\\src\\server.js:64:34609)\n    at Q1 (c:\\Users\\elias\\.vscode\\extensions\\uqbar.wollok-lsp-ide-0.5.5\\out\\server\\src\\server.js:64:34682)\n    at c:\\Users\\elias\\.vscode\\extensions\\uqbar.wollok-lsp-ide-0.5.5\\out\\server\\src\\server.js:64:37949\n    at o.y1 (c:\\Users\\elias\\.vscode\\extensions\\uqbar.wollok-lsp-ide-0.5.5\\out\\server\\src\\server.js:57:59136)\n    at c:\\Users\\elias\\.vscode\\extensions\\uqbar.wollok-lsp-ide-0.5.5\\out\\server\\src\\server.js:64:37918\n    at c:\\Users\\elias\\.vscode\\extensions\\uqbar.wollok-lsp-ide-0.5.5\\out\\server\\src\\server.js:57:57176\n    at Dfn (c:\\Users\\elias\\.vscode\\extensions\\uqbar.wollok-lsp-ide-0.5.5\\out\\server\\src\\server.js:68:11324)\n    at c:\\Users\\elias\\.vscode\\extensions\\uqbar.wollok-lsp-ide-0.5.5\\out\\server\\src\\server.js:68:3629\n    at Array.map (<anonymous>)\n    at c:\\Users\\elias\\.vscode\\extensions\\uqbar.wollok-lsp-ide-0.5.5\\out\\server\\src\\server.js:68:4693","timestamp":"2026-09-05T14:26:01.494Z"}
{"level":"info","message":"⌛ Building environment","timeElapsed":137,"timestamp":"2026-09-05T14:26:02.995Z"}
{"level":"info","message":"⌛ Validating clase59.wlk/bebidas.wlk","timeElapsed":150,"timestamp":"2026-09-05T14:26:03.146Z"}
{"level":"info","message":"⌛ Building environment","timeElapsed":120,"timestamp":"2026-09-05T14:26:03.607Z"}
{"level":"info","message":"⌛ Validating clase59.wlk/bebidas.wlk","timeElapsed":177,"timestamp":"2026-09-05T14:26:03.785Z"}
{"errors":{"errors":[null,["/*\r","Agregado al readme:\r","cianuro: el rendimiento sera cero si el peso del deportista es 70 o menos, si es mas\r","que 70 entoces el rendimiento es el 1% de la dosis consumida.\r","agregar a pepe, otro voluntario, que pesa 70, tiene 30 años, pepe debe\r","poder cumplir anios y se diferencia de tito en que puede calcular su \r","velocidad si tiene mas de 30 entonces resta 10 de velocidad\r"]]},"level":"error","message":"✘ Failed to get type description: Error: {\n  \"errors\": [\n    null,\n    [\n      \"/*\\r\",\n      \"Agregado al readme:\\r\",\n      \"cianuro: el rendimiento sera cero si el peso del deportista es 70 o menos, si es mas\\r\",\n      \"que 70 entoces el rendimiento es el 1% de la dosis consumida.\\r\",\n      \"agregar a pepe, otro voluntario, que pesa 70, tiene 30 años, pepe debe\\r\",\n      \"poder cumplir anios y se diferencia de tito en que puede calcular su \\r\",\n      \"velocidad si tiene mas de 30 entonces resta 10 de velocidad\\r\"\n    ]\n  ]\n} {\n  \"errors\": [\n    null,\n    [\n      \"/*\\r\",\n      \"Agregado al readme:\\r\",\n      \"cianuro: el rendimiento sera cero si el peso del deportista es 70 o menos, si es mas\\r\",\n      \"que 70 entoces el rendimiento es el 1% de la dosis consumida.\\r\",\n      \"agregar a pepe, otro voluntario, que pesa 70, tiene 30 años, pepe debe\\r\",\n      \"poder cumplir anios y se diferencia de tito en que puede calcular su \\r\",\n      \"velocidad si tiene mas de 30 entonces resta 10 de velocidad\\r\"\n    ]\n  ]\n}","stack":"Error: {\n  \"errors\": [\n    null,\n    [\n      \"/*\\r\",\n      \"Agregado al readme:\\r\",\n      \"cianuro: el rendimiento sera cero si el peso del deportista es 70 o menos, si es mas\\r\",\n      \"que 70 entoces el rendimiento es el 1% de la dosis consumida.\\r\",\n      \"agregar a pepe, otro voluntario, que pesa 70, tiene 30 años, pepe debe\\r\",\n      \"poder cumplir anios y se diferencia de tito en que puede calcular su \\r\",\n      \"velocidad si tiene mas de 30 entonces resta 10 de velocidad\\r\"\n    ]\n  ]\n}\n    at lS (c:\\Users\\elias\\.vscode\\extensions\\uqbar.wollok-lsp-ide-0.5.5\\out\\server\\src\\server.js:64:34609)\n    at Q1 (c:\\Users\\elias\\.vscode\\extensions\\uqbar.wollok-lsp-ide-0.5.5\\out\\server\\src\\server.js:64:34682)\n    at c:\\Users\\elias\\.vscode\\extensions\\uqbar.wollok-lsp-ide-0.5.5\\out\\server\\src\\server.js:64:37949\n    at o.y1 (c:\\Users\\elias\\.vscode\\extensions\\uqbar.wollok-lsp-ide-0.5.5\\out\\server\\src\\server.js:57:59136)\n    at c:\\Users\\elias\\.vscode\\extensions\\uqbar.wollok-lsp-ide-0.5.5\\out\\server\\src\\server.js:64:37918\n    at c:\\Users\\elias\\.vscode\\extensions\\uqbar.wollok-lsp-ide-0.5.5\\out\\server\\src\\server.js:57:57176\n    at Dfn (c:\\Users\\elias\\.vscode\\extensions\\uqbar.wollok-lsp-ide-0.5.5\\out\\server\\src\\server.js:68:11324)\n    at c:\\Users\\elias\\.vscode\\extensions\\uqbar.wollok-lsp-ide-0.5.5\\out\\server\\src\\server.js:68:3629\n    at Array.map (<anonymous>)\n    at c:\\Users\\elias\\.vscode\\extensions\\uqbar.wollok-lsp-ide-0.5.5\\out\\server\\src\\server.js:68:4693","timestamp":"2026-09-05T14:26:16.829Z"}
{"errors":{"errors":[null,["/*\r","Agregado al readme:\r","cianuro: el rendimiento sera cero si el peso del deportista es 70 o menos, si es mas\r","que 70 entoces el rendimiento es el 1% de la dosis consumida.\r","agregar a pepe, otro voluntario, que pesa 70, tiene 30 años, pepe debe\r","poder cumplir anios y se diferencia de tito en que puede calcular su \r","velocidad si tiene mas de 30 entonces resta 10 de velocidad\r"]]},"level":"error","message":"✘ Failed to get type description: Error: {\n  \"errors\": [\n    null,\n    [\n      \"/*\\r\",\n      \"Agregado al readme:\\r\",\n      \"cianuro: el rendimiento sera cero si el peso del deportista es 70 o menos, si es mas\\r\",\n      \"que 70 entoces el rendimiento es el 1% de la dosis consumida.\\r\",\n      \"agregar a pepe, otro voluntario, que pesa 70, tiene 30 años, pepe debe\\r\",\n      \"poder cumplir anios y se diferencia de tito en que puede calcular su \\r\",\n      \"velocidad si tiene mas de 30 entonces resta 10 de velocidad\\r\"\n    ]\n  ]\n} {\n  \"errors\": [\n    null,\n    [\n      \"/*\\r\",\n      \"Agregado al readme:\\r\",\n      \"cianuro: el rendimiento sera cero si el peso del deportista es 70 o menos, si es mas\\r\",\n      \"que 70 entoces el rendimiento es el 1% de la dosis consumida.\\r\",\n      \"agregar a pepe, otro voluntario, que pesa 70, tiene 30 años, pepe debe\\r\",\n      \"poder cumplir anios y se diferencia de tito en que puede calcular su \\r\",\n      \"velocidad si tiene mas de 30 entonces resta 10 de velocidad\\r\"\n    ]\n  ]\n}","stack":"Error: {\n  \"errors\": [\n    null,\n    [\n      \"/*\\r\",\n      \"Agregado al readme:\\r\",\n      \"cianuro: el rendimiento sera cero si el peso del deportista es 70 o menos, si es mas\\r\",\n      \"que 70 entoces el rendimiento es el 1% de la dosis consumida.\\r\",\n      \"agregar a pepe, otro voluntario, que pesa 70, tiene 30 años, pepe debe\\r\",\n      \"poder cumplir anios y se diferencia de tito en que puede calcular su \\r\",\n      \"velocidad si tiene mas de 30 entonces resta 10 de velocidad\\r\"\n    ]\n  ]\n}\n    at lS (c:\\Users\\elias\\.vscode\\extensions\\uqbar.wollok-lsp-ide-0.5.5\\out\\server\\src\\server.js:64:34609)\n    at Q1 (c:\\Users\\elias\\.vscode\\extensions\\uqbar.wollok-lsp-ide-0.5.5\\out\\server\\src\\server.js:64:34682)\n    at c:\\Users\\elias\\.vscode\\extensions\\uqbar.wollok-lsp-ide-0.5.5\\out\\server\\src\\server.js:64:37949\n    at o.y1 (c:\\Users\\elias\\.vscode\\extensions\\uqbar.wollok-lsp-ide-0.5.5\\out\\server\\src\\server.js:57:59136)\n    at c:\\Users\\elias\\.vscode\\extensions\\uqbar.wollok-lsp-ide-0.5.5\\out\\server\\src\\server.js:64:37918\n    at c:\\Users\\elias\\.vscode\\extensions\\uqbar.wollok-lsp-ide-0.5.5\\out\\server\\src\\server.js:57:57176\n    at Dfn (c:\\Users\\elias\\.vscode\\extensions\\uqbar.wollok-lsp-ide-0.5.5\\out\\server\\src\\server.js:68:11324)\n    at c:\\Users\\elias\\.vscode\\extensions\\uqbar.wollok-lsp-ide-0.5.5\\out\\server\\src\\server.js:68:3629\n    at Array.map (<anonymous>)\n    at c:\\Users\\elias\\.vscode\\extensions\\uqbar.wollok-lsp-ide-0.5.5\\out\\server\\src\\server.js:68:4693","timestamp":"2026-09-05T14:26:17.191Z"}
{"errors":{"errors":[null,["/*\r","Agregado al readme:\r","cianuro: el rendimiento sera cero si el peso del deportista es 70 o menos, si es mas\r","que 70 entoces el rendimiento es el 1% de la dosis consumida.\r","agregar a pepe, otro voluntario, que pesa 70, tiene 30 años, pepe debe\r","poder cumplir anios y se diferencia de tito en que puede calcular su \r","velocidad si tiene mas de 30 entonces resta 10 de velocidad\r"]]},"level":"error","message":"✘ Failed to get type description: Error: {\n  \"errors\": [\n    null,\n    [\n      \"/*\\r\",\n      \"Agregado al readme:\\r\",\n      \"cianuro: el rendimiento sera cero si el peso del deportista es 70 o menos, si es mas\\r\",\n      \"que 70 entoces el rendimiento es el 1% de la dosis consumida.\\r\",\n      \"agregar a pepe, otro voluntario, que pesa 70, tiene 30 años, pepe debe\\r\",\n      \"poder cumplir anios y se diferencia de tito en que puede calcular su \\r\",\n      \"velocidad si tiene mas de 30 entonces resta 10 de velocidad\\r\"\n    ]\n  ]\n} {\n  \"errors\": [\n    null,\n    [\n      \"/*\\r\",\n      \"Agregado al readme:\\r\",\n      \"cianuro: el rendimiento sera cero si el peso del deportista es 70 o menos, si es mas\\r\",\n      \"que 70 entoces el rendimiento es el 1% de la dosis consumida.\\r\",\n      \"agregar a pepe, otro voluntario, que pesa 70, tiene 30 años, pepe debe\\r\",\n      \"poder cumplir anios y se diferencia de tito en que puede calcular su \\r\",\n      \"velocidad si tiene mas de 30 entonces resta 10 de velocidad\\r\"\n    ]\n  ]\n}","stack":"Error: {\n  \"errors\": [\n    null,\n    [\n      \"/*\\r\",\n      \"Agregado al readme:\\r\",\n      \"cianuro: el rendimiento sera cero si el peso del deportista es 70 o menos, si es mas\\r\",\n      \"que 70 entoces el rendimiento es el 1% de la dosis consumida.\\r\",\n      \"agregar a pepe, otro voluntario, que pesa 70, tiene 30 años, pepe debe\\r\",\n      \"poder cumplir anios y se diferencia de tito en que puede calcular su \\r\",\n      \"velocidad si tiene mas de 30 entonces resta 10 de velocidad\\r\"\n    ]\n  ]\n}\n    at lS (c:\\Users\\elias\\.vscode\\extensions\\uqbar.wollok-lsp-ide-0.5.5\\out\\server\\src\\server.js:64:34609)\n    at Q1 (c:\\Users\\elias\\.vscode\\extensions\\uqbar.wollok-lsp-ide-0.5.5\\out\\server\\src\\server.js:64:34682)\n    at c:\\Users\\elias\\.vscode\\extensions\\uqbar.wollok-lsp-ide-0.5.5\\out\\server\\src\\server.js:64:37949\n    at o.y1 (c:\\Users\\elias\\.vscode\\extensions\\uqbar.wollok-lsp-ide-0.5.5\\out\\server\\src\\server.js:57:59136)\n    at c:\\Users\\elias\\.vscode\\extensions\\uqbar.wollok-lsp-ide-0.5.5\\out\\server\\src\\server.js:64:37918\n    at c:\\Users\\elias\\.vscode\\extensions\\uqbar.wollok-lsp-ide-0.5.5\\out\\server\\src\\server.js:57:57176\n    at Dfn (c:\\Users\\elias\\.vscode\\extensions\\uqbar.wollok-lsp-ide-0.5.5\\out\\server\\src\\server.js:68:11324)\n    at c:\\Users\\elias\\.vscode\\extensions\\uqbar.wollok-lsp-ide-0.5.5\\out\\server\\src\\server.js:68:3629\n    at Array.map (<anonymous>)\n    at c:\\Users\\elias\\.vscode\\extensions\\uqbar.wollok-lsp-ide-0.5.5\\out\\server\\src\\server.js:68:4693","timestamp":"2026-09-05T14:26:17.537Z"}
{"level":"info","message":"⌛ Building environment","timeElapsed":157,"timestamp":"2026-09-05T14:26:18.206Z"}
{"level":"info","message":"⌛ Validating clase59.wlk/bebidas.wlk","timeElapsed":206,"timestamp":"2026-09-05T14:26:18.426Z"}
{"level":"info","message":"⌛ Building environment","timeElapsed":230,"timestamp":"2026-09-05T14:26:18.743Z"}
{"level":"info","message":"⌛ Validating clase59.wlk/bebidas.wlk","timeElapsed":245,"timestamp":"2026-09-05T14:26:18.990Z"}
{"errors":{"errors":[null,["/*\r","Agregado al readme:\r","cianuro: el rendimiento sera cero si el peso del deportista es 70 o menos, si es mas\r","que 70 entoces el rendimiento es el 1% de la dosis consumida.\r","agregar a pepe, otro voluntario, que pesa 80, tiene 30 años, pepe debe\r","poder cumplir anios y se diferencia de tito en que puede calcular su \r","velocidad si tiene mas de 30 entonces resta 10 de velocidad\r"]]},"level":"error","message":"✘ Failed to get type description: Error: {\n  \"errors\": [\n    null,\n    [\n      \"/*\\r\",\n      \"Agregado al readme:\\r\",\n      \"cianuro: el rendimiento sera cero si el peso del deportista es 70 o menos, si es mas\\r\",\n      \"que 70 entoces el rendimiento es el 1% de la dosis consumida.\\r\",\n      \"agregar a pepe, otro voluntario, que pesa 80, tiene 30 años, pepe debe\\r\",\n      \"poder cumplir anios y se diferencia de tito en que puede calcular su \\r\",\n      \"velocidad si tiene mas de 30 entonces resta 10 de velocidad\\r\"\n    ]\n  ]\n} {\n  \"errors\": [\n    null,\n    [\n      \"/*\\r\",\n      \"Agregado al readme:\\r\",\n      \"cianuro: el rendimiento sera cero si el peso del deportista es 70 o menos, si es mas\\r\",\n      \"que 70 entoces el rendimiento es el 1% de la dosis consumida.\\r\",\n      \"agregar a pepe, otro voluntario, que pesa 80, tiene 30 años, pepe debe\\r\",\n      \"poder cumplir anios y se diferencia de tito en que puede calcular su \\r\",\n      \"velocidad si tiene mas de 30 entonces resta 10 de velocidad\\r\"\n    ]\n  ]\n}","stack":"Error: {\n  \"errors\": [\n    null,\n    [\n      \"/*\\r\",\n      \"Agregado al readme:\\r\",\n      \"cianuro: el rendimiento sera cero si el peso del deportista es 70 o menos, si es mas\\r\",\n      \"que 70 entoces el rendimiento es el 1% de la dosis consumida.\\r\",\n      \"agregar a pepe, otro voluntario, que pesa 80, tiene 30 años, pepe debe\\r\",\n      \"poder cumplir anios y se diferencia de tito en que puede calcular su \\r\",\n      \"velocidad si tiene mas de 30 entonces resta 10 de velocidad\\r\"\n    ]\n  ]\n}\n    at lS (c:\\Users\\elias\\.vscode\\extensions\\uqbar.wollok-lsp-ide-0.5.5\\out\\server\\src\\server.js:64:34609)\n    at Q1 (c:\\Users\\elias\\.vscode\\extensions\\uqbar.wollok-lsp-ide-0.5.5\\out\\server\\src\\server.js:64:34682)\n    at c:\\Users\\elias\\.vscode\\extensions\\uqbar.wollok-lsp-ide-0.5.5\\out\\server\\src\\server.js:64:37949\n    at o.y1 (c:\\Users\\elias\\.vscode\\extensions\\uqbar.wollok-lsp-ide-0.5.5\\out\\server\\src\\server.js:57:59136)\n    at c:\\Users\\elias\\.vscode\\extensions\\uqbar.wollok-lsp-ide-0.5.5\\out\\server\\src\\server.js:64:37918\n    at c:\\Users\\elias\\.vscode\\extensions\\uqbar.wollok-lsp-ide-0.5.5\\out\\server\\src\\server.js:57:57176\n    at Dfn (c:\\Users\\elias\\.vscode\\extensions\\uqbar.wollok-lsp-ide-0.5.5\\out\\server\\src\\server.js:68:11324)\n    at c:\\Users\\elias\\.vscode\\extensions\\uqbar.wollok-lsp-ide-0.5.5\\out\\server\\src\\server.js:68:3629\n    at Array.map (<anonymous>)\n    at c:\\Users\\elias\\.vscode\\extensions\\uqbar.wollok-lsp-ide-0.5.5\\out\\server\\src\\server.js:68:4693","timestamp":"2026-09-05T14:26:19.428Z"}
{"errors":{"errors":[null,["/*\r","Agregado al readme:\r","cianuro: el rendimiento sera cero si el peso del deportista es 70 o menos, si es mas\r","que 70 entoces el rendimiento es el 1% de la dosis consumida.\r","agregar a pepe, otro voluntario, que pesa 80, tiene 30 años, pepe debe\r","poder cumplir anios y se diferencia de tito en que puede calcular su \r","velocidad si tiene mas de 30 entonces resta 10 de velocidad\r"]]},"level":"error","message":"✘ Failed to get type description: Error: {\n  \"errors\": [\n    null,\n    [\n      \"/*\\r\",\n      \"Agregado al readme:\\r\",\n      \"cianuro: el rendimiento sera cero si el peso del deportista es 70 o menos, si es mas\\r\",\n      \"que 70 entoces el rendimiento es el 1% de la dosis consumida.\\r\",\n      \"agregar a pepe, otro voluntario, que pesa 80, tiene 30 años, pepe debe\\r\",\n      \"poder cumplir anios y se diferencia de tito en que puede calcular su \\r\",\n      \"velocidad si tiene mas de 30 entonces resta 10 de velocidad\\r\"\n    ]\n  ]\n} {\n  \"errors\": [\n    null,\n    [\n      \"/*\\r\",\n      \"Agregado al readme:\\r\",\n      \"cianuro: el rendimiento sera cero si el peso del deportista es 70 o menos, si es mas\\r\",\n      \"que 70 entoces el rendimiento es el 1% de la dosis consumida.\\r\",\n      \"agregar a pepe, otro voluntario, que pesa 80, tiene 30 años, pepe debe\\r\",\n      \"poder cumplir anios y se diferencia de tito en que puede calcular su \\r\",\n      \"velocidad si tiene mas de 30 entonces resta 10 de velocidad\\r\"\n    ]\n  ]\n}","stack":"Error: {\n  \"errors\": [\n    null,\n    [\n      \"/*\\r\",\n      \"Agregado al readme:\\r\",\n      \"cianuro: el rendimiento sera cero si el peso del deportista es 70 o menos, si es mas\\r\",\n      \"que 70 entoces el rendimiento es el 1% de la dosis consumida.\\r\",\n      \"agregar a pepe, otro voluntario, que pesa 80, tiene 30 años, pepe debe\\r\",\n      \"poder cumplir anios y se diferencia de tito en que puede calcular su \\r\",\n      \"velocidad si tiene mas de 30 entonces resta 10 de velocidad\\r\"\n    ]\n  ]\n}\n    at lS (c:\\Users\\elias\\.vscode\\extensions\\uqbar.wollok-lsp-ide-0.5.5\\out\\server\\src\\server.js:64:34609)\n    at Q1 (c:\\Users\\elias\\.vscode\\extensions\\uqbar.wollok-lsp-ide-0.5.5\\out\\server\\src\\server.js:64:34682)\n    at c:\\Users\\elias\\.vscode\\extensions\\uqbar.wollok-lsp-ide-0.5.5\\out\\server\\src\\server.js:64:37949\n    at o.y1 (c:\\Users\\elias\\.vscode\\extensions\\uqbar.wollok-lsp-ide-0.5.5\\out\\server\\src\\server.js:57:59136)\n    at c:\\Users\\elias\\.vscode\\extensions\\uqbar.wollok-lsp-ide-0.5.5\\out\\server\\src\\server.js:64:37918\n    at c:\\Users\\elias\\.vscode\\extensions\\uqbar.wollok-lsp-ide-0.5.5\\out\\server\\src\\server.js:57:57176\n    at Dfn (c:\\Users\\elias\\.vscode\\extensions\\uqbar.wollok-lsp-ide-0.5.5\\out\\server\\src\\server.js:68:11324)\n    at c:\\Users\\elias\\.vscode\\extensions\\uqbar.wollok-lsp-ide-0.5.5\\out\\server\\src\\server.js:68:3629\n    at Array.map (<anonymous>)\n    at c:\\Users\\elias\\.vscode\\extensions\\uqbar.wollok-lsp-ide-0.5.5\\out\\server\\src\\server.js:68:4693","timestamp":"2026-09-05T14:26:19.824Z"}
{"level":"info","message":"⌛ Building environment","timeElapsed":156,"timestamp":"2026-09-05T14:26:20.550Z"}
{"level":"info","message":"⌛ Building environment","timeElapsed":168,"timestamp":"2026-09-05T14:26:20.719Z"}
{"level":"info","message":"⌛ Validating clase59.wlk/bebidas.wlk","timeElapsed":190,"timestamp":"2026-09-05T14:26:20.910Z"}
{"level":"info","message":"⌛ Building environment","timeElapsed":168,"timestamp":"2026-09-05T14:26:21.079Z"}
{"level":"info","message":"⌛ Validating clase59.wlk/bebidas.wlk","timeElapsed":231,"timestamp":"2026-09-05T14:26:21.313Z"}
{"level":"info","message":"⌛ Building environment","timeElapsed":334,"timestamp":"2026-09-05T14:26:21.650Z"}
{"level":"info","message":"⌛ Building environment","timeElapsed":228,"timestamp":"2026-09-05T14:26:21.912Z"}
{"level":"info","message":"⌛ Validating clase59.wlk/bebidas.wlk","timeElapsed":205,"timestamp":"2026-09-05T14:26:22.147Z"}
{"level":"info","message":"⌛ Building environment","timeElapsed":115,"timestamp":"2026-09-05T14:26:22.263Z"}
{"level":"info","message":"⌛ Building environment","timeElapsed":177,"timestamp":"2026-09-05T14:26:22.448Z"}
{"level":"info","message":"⌛ Validating clase59.wlk/bebidas.wlk","timeElapsed":162,"timestamp":"2026-09-05T14:26:22.624Z"}
{"level":"info","message":"⌛ Validating clase59.wlk/bebidas.wlk","timeElapsed":181,"timestamp":"2026-09-05T14:26:22.806Z"}
{"level":"info","message":"⌛ Validating clase59.wlk/bebidas.wlk","timeElapsed":216,"timestamp":"2026-09-05T14:26:23.028Z"}
{"level":"info","message":"⌛ Validating clase59.wlk/bebidas.wlk","timeElapsed":273,"timestamp":"2026-09-05T14:26:23.318Z"}
{"level":"info","message":"⌛ Building environment","timeElapsed":132,"timestamp":"2026-09-05T14:26:23.451Z"}
{"level":"info","message":"⌛ Building environment","timeElapsed":125,"timestamp":"2026-09-05T14:26:23.578Z"}
{"level":"info","message":"⌛ Validating clase59.wlk/bebidas.wlk","timeElapsed":142,"timestamp":"2026-09-05T14:26:23.733Z"}
{"level":"info","message":"⌛ Validating clase59.wlk/bebidas.wlk","timeElapsed":208,"timestamp":"2026-09-05T14:26:23.941Z"}
{"level":"info","message":"⌛ Building environment","timeElapsed":159,"timestamp":"2026-09-05T14:26:24.104Z"}
{"level":"info","message":"⌛ Building environment","timeElapsed":142,"timestamp":"2026-09-05T14:26:24.256Z"}
{"level":"info","message":"⌛ Validating clase59.wlk/bebidas.wlk","timeElapsed":313,"timestamp":"2026-09-05T14:26:24.592Z"}
{"level":"info","message":"⌛ Building environment","timeElapsed":200,"timestamp":"2026-09-05T14:26:24.810Z"}
{"level":"info","message":"⌛ Validating clase59.wlk/bebidas.wlk","timeElapsed":197,"timestamp":"2026-09-05T14:26:25.007Z"}
{"level":"info","message":"⌛ Building environment","timeElapsed":140,"timestamp":"2026-09-05T14:26:25.155Z"}
{"level":"info","message":"⌛ Building environment","timeElapsed":139,"timestamp":"2026-09-05T14:26:25.295Z"}
{"level":"info","message":"⌛ Building environment","timeElapsed":152,"timestamp":"2026-09-05T14:26:25.452Z"}
{"level":"info","message":"⌛ Building environment","timeElapsed":287,"timestamp":"2026-09-05T14:26:25.739Z"}
{"level":"info","message":"⌛ Validating clase59.wlk/bebidas.wlk","timeElapsed":500,"timestamp":"2026-09-05T14:26:26.239Z"}
{"level":"info","message":"⌛ Validating clase59.wlk/bebidas.wlk","timeElapsed":187,"timestamp":"2026-09-05T14:26:26.440Z"}
{"level":"info","message":"⌛ Validating clase59.wlk/bebidas.wlk","timeElapsed":178,"timestamp":"2026-09-05T14:26:26.623Z"}
{"errors":{"errors":[null,["/*\r","Agregado al readme:\r","cianuro: el rendimiento sera cero si el peso del deportista es 70 o menos, si es mas\r","que 70 entoces el rendimiento es el 1% de la dosis consumida.\r","agregar a pepe, otro voluntario, que pesa inicialmente80, tiene 30 años, pepe debe\r","poder cumplir anios y se diferencia de tito en que puede calcular su \r","velocidad si tiene mas de 30 entonces resta 10 de velocidad\r"]]},"level":"error","message":"✘ Failed to get type description: Error: {\n  \"errors\": [\n    null,\n    [\n      \"/*\\r\",\n      \"Agregado al readme:\\r\",\n      \"cianuro: el rendimiento sera cero si el peso del deportista es 70 o menos, si es mas\\r\",\n      \"que 70 entoces el rendimiento es el 1% de la dosis consumida.\\r\",\n      \"agregar a pepe, otro voluntario, que pesa inicialmente80, tiene 30 años, pepe debe\\r\",\n      \"poder cumplir anios y se diferencia de tito en que puede calcular su \\r\",\n      \"velocidad si tiene mas de 30 entonces resta 10 de velocidad\\r\"\n    ]\n  ]\n} {\n  \"errors\": [\n    null,\n    [\n      \"/*\\r\",\n      \"Agregado al readme:\\r\",\n      \"cianuro: el rendimiento sera cero si el peso del deportista es 70 o menos, si es mas\\r\",\n      \"que 70 entoces el rendimiento es el 1% de la dosis consumida.\\r\",\n      \"agregar a pepe, otro voluntario, que pesa inicialmente80, tiene 30 años, pepe debe\\r\",\n      \"poder cumplir anios y se diferencia de tito en que puede calcular su \\r\",\n      \"velocidad si tiene mas de 30 entonces resta 10 de velocidad\\r\"\n    ]\n  ]\n}","stack":"Error: {\n  \"errors\": [\n    null,\n    [\n      \"/*\\r\",\n      \"Agregado al readme:\\r\",\n      \"cianuro: el rendimiento sera cero si el peso del deportista es 70 o menos, si es mas\\r\",\n      \"que 70 entoces el rendimiento es el 1% de la dosis consumida.\\r\",\n      \"agregar a pepe, otro voluntario, que pesa inicialmente80, tiene 30 años, pepe debe\\r\",\n      \"poder cumplir anios y se diferencia de tito en que puede calcular su \\r\",\n      \"velocidad si tiene mas de 30 entonces resta 10 de velocidad\\r\"\n    ]\n  ]\n}\n    at lS (c:\\Users\\elias\\.vscode\\extensions\\uqbar.wollok-lsp-ide-0.5.5\\out\\server\\src\\server.js:64:34609)\n    at Q1 (c:\\Users\\elias\\.vscode\\extensions\\uqbar.wollok-lsp-ide-0.5.5\\out\\server\\src\\server.js:64:34682)\n    at c:\\Users\\elias\\.vscode\\extensions\\uqbar.wollok-lsp-ide-0.5.5\\out\\server\\src\\server.js:64:37949\n    at o.y1 (c:\\Users\\elias\\.vscode\\extensions\\uqbar.wollok-lsp-ide-0.5.5\\out\\server\\src\\server.js:57:59136)\n    at c:\\Users\\elias\\.vscode\\extensions\\uqbar.wollok-lsp-ide-0.5.5\\out\\server\\src\\server.js:64:37918\n    at c:\\Users\\elias\\.vscode\\extensions\\uqbar.wollok-lsp-ide-0.5.5\\out\\server\\src\\server.js:57:57176\n    at Dfn (c:\\Users\\elias\\.vscode\\extensions\\uqbar.wollok-lsp-ide-0.5.5\\out\\server\\src\\server.js:68:11324)\n    at c:\\Users\\elias\\.vscode\\extensions\\uqbar.wollok-lsp-ide-0.5.5\\out\\server\\src\\server.js:68:3629\n    at Array.map (<anonymous>)\n    at c:\\Users\\elias\\.vscode\\extensions\\uqbar.wollok-lsp-ide-0.5.5\\out\\server\\src\\server.js:68:4693","timestamp":"2026-09-05T14:26:26.656Z"}
{"level":"info","message":"⌛ Building environment","timeElapsed":128,"timestamp":"2026-09-05T14:26:26.786Z"}
{"level":"info","message":"⌛ Validating clase59.wlk/bebidas.wlk","timeElapsed":174,"timestamp":"2026-09-05T14:26:26.962Z"}
{"level":"info","message":"⌛ Validating clase59.wlk/bebidas.wlk","timeElapsed":208,"timestamp":"2026-09-05T14:26:27.189Z"}
{"errors":{"errors":[null,["/*\r","Agregado al readme:\r","cianuro: el rendimiento sera cero si el peso del deportista es 70 o menos, si es mas\r","que 70 entoces el rendimiento es el 1% de la dosis consumida.\r","agregar a pepe, otro voluntario, que pesa inicialmente 80, tiene 30 años, pepe debe\r","poder cumplir anios y se diferencia de tito en que puede calcular su \r","velocidad si tiene mas de 30 entonces resta 10 de velocidad\r"]]},"level":"error","message":"✘ Failed to get type description: Error: {\n  \"errors\": [\n    null,\n    [\n      \"/*\\r\",\n      \"Agregado al readme:\\r\",\n      \"cianuro: el rendimiento sera cero si el peso del deportista es 70 o menos, si es mas\\r\",\n      \"que 70 entoces el rendimiento es el 1% de la dosis consumida.\\r\",\n      \"agregar a pepe, otro voluntario, que pesa inicialmente 80, tiene 30 años, pepe debe\\r\",\n      \"poder cumplir anios y se diferencia de tito en que puede calcular su \\r\",\n      \"velocidad si tiene mas de 30 entonces resta 10 de velocidad\\r\"\n    ]\n  ]\n} {\n  \"errors\": [\n    null,\n    [\n      \"/*\\r\",\n      \"Agregado al readme:\\r\",\n      \"cianuro: el rendimiento sera cero si el peso del deportista es 70 o menos, si es mas\\r\",\n      \"que 70 entoces el rendimiento es el 1% de la dosis consumida.\\r\",\n      \"agregar a pepe, otro voluntario, que pesa inicialmente 80, tiene 30 años, pepe debe\\r\",\n      \"poder cumplir anios y se diferencia de tito en que puede calcular su \\r\",\n      \"velocidad si tiene mas de 30 entonces resta 10 de velocidad\\r\"\n    ]\n  ]\n}","stack":"Error: {\n  \"errors\": [\n    null,\n    [\n      \"/*\\r\",\n      \"Agregado al readme:\\r\",\n      \"cianuro: el rendimiento sera cero si el peso del deportista es 70 o menos, si es mas\\r\",\n      \"que 70 entoces el rendimiento es el 1% de la dosis consumida.\\r\",\n      \"agregar a pepe, otro voluntario, que pesa inicialmente 80, tiene 30 años, pepe debe\\r\",\n      \"poder cumplir anios y se diferencia de tito en que puede calcular su \\r\",\n      \"velocidad si tiene mas de 30 entonces resta 10 de velocidad\\r\"\n    ]\n  ]\n}\n    at lS (c:\\Users\\elias\\.vscode\\extensions\\uqbar.wollok-lsp-ide-0.5.5\\out\\server\\src\\server.js:64:34609)\n    at Q1 (c:\\Users\\elias\\.vscode\\extensions\\uqbar.wollok-lsp-ide-0.5.5\\out\\server\\src\\server.js:64:34682)\n    at c:\\Users\\elias\\.vscode\\extensions\\uqbar.wollok-lsp-ide-0.5.5\\out\\server\\src\\server.js:64:37949\n    at o.y1 (c:\\Users\\elias\\.vscode\\extensions\\uqbar.wollok-lsp-ide-0.5.5\\out\\server\\src\\server.js:57:59136)\n    at c:\\Users\\elias\\.vscode\\extensions\\uqbar.wollok-lsp-ide-0.5.5\\out\\server\\src\\server.js:64:37918\n    at c:\\Users\\elias\\.vscode\\extensions\\uqbar.wollok-lsp-ide-0.5.5\\out\\server\\src\\server.js:57:57176\n    at Dfn (c:\\Users\\elias\\.vscode\\extensions\\uqbar.wollok-lsp-ide-0.5.5\\out\\server\\src\\server.js:68:11324)\n    at c:\\Users\\elias\\.vscode\\extensions\\uqbar.wollok-lsp-ide-0.5.5\\out\\server\\src\\server.js:68:3629\n    at Array.map (<anonymous>)\n    at c:\\Users\\elias\\.vscode\\extensions\\uqbar.wollok-lsp-ide-0.5.5\\out\\server\\src\\server.js:68:4693","timestamp":"2026-09-05T14:26:27.226Z"}
{"level":"info","message":"⌛ Validating clase59.wlk/bebidas.wlk","timeElapsed":199,"timestamp":"2026-09-05T14:26:27.425Z"}
{"errors":{"errors":[null,["/*\r","Agregado al readme:\r","cianuro: el rendimiento sera cero si el peso del deportista es 70 o menos, si es mas\r","que 70 entoces el rendimiento es el 1% de la dosis consumida.\r","agregar a pepe, otro voluntario, que pesa inicialmente 80, tiene 30 años, pepe debe\r","poder cumplir anios y se diferencia de tito en que puede calcular su \r","velocidad si tiene mas de 30 entonces resta 10 de velocidad\r"]]},"level":"error","message":"✘ Failed to get type description: Error: {\n  \"errors\": [\n    null,\n    [\n      \"/*\\r\",\n      \"Agregado al readme:\\r\",\n      \"cianuro: el rendimiento sera cero si el peso del deportista es 70 o menos, si es mas\\r\",\n      \"que 70 entoces el rendimiento es el 1% de la dosis consumida.\\r\",\n      \"agregar a pepe, otro voluntario, que pesa inicialmente 80, tiene 30 años, pepe debe\\r\",\n      \"poder cumplir anios y se diferencia de tito en que puede calcular su \\r\",\n      \"velocidad si tiene mas de 30 entonces resta 10 de velocidad\\r\"\n    ]\n  ]\n} {\n  \"errors\": [\n    null,\n    [\n      \"/*\\r\",\n      \"Agregado al readme:\\r\",\n      \"cianuro: el rendimiento sera cero si el peso del deportista es 70 o menos, si es mas\\r\",\n      \"que 70 entoces el rendimiento es el 1% de la dosis consumida.\\r\",\n      \"agregar a pepe, otro voluntario, que pesa inicialmente 80, tiene 30 años, pepe debe\\r\",\n      \"poder cumplir anios y se diferencia de tito en que puede calcular su \\r\",\n      \"velocidad si tiene mas de 30 entonces resta 10 de velocidad\\r\"\n    ]\n  ]\n}","stack":"Error: {\n  \"errors\": [\n    null,\n    [\n      \"/*\\r\",\n      \"Agregado al readme:\\r\",\n      \"cianuro: el rendimiento sera cero si el peso del deportista es 70 o menos, si es mas\\r\",\n      \"que 70 entoces el rendimiento es el 1% de la dosis consumida.\\r\",\n      \"agregar a pepe, otro voluntario, que pesa inicialmente 80, tiene 30 años, pepe debe\\r\",\n      \"poder cumplir anios y se diferencia de tito en que puede calcular su \\r\",\n      \"velocidad si tiene mas de 30 entonces resta 10 de velocidad\\r\"\n    ]\n  ]\n}\n    at lS (c:\\Users\\elias\\.vscode\\extensions\\uqbar.wollok-lsp-ide-0.5.5\\out\\server\\src\\server.js:64:34609)\n    at Q1 (c:\\Users\\elias\\.vscode\\extensions\\uqbar.wollok-lsp-ide-0.5.5\\out\\server\\src\\server.js:64:34682)\n    at c:\\Users\\elias\\.vscode\\extensions\\uqbar.wollok-lsp-ide-0.5.5\\out\\server\\src\\server.js:64:37949\n    at o.y1 (c:\\Users\\elias\\.vscode\\extensions\\uqbar.wollok-lsp-ide-0.5.5\\out\\server\\src\\server.js:57:59136)\n    at c:\\Users\\elias\\.vscode\\extensions\\uqbar.wollok-lsp-ide-0.5.5\\out\\server\\src\\server.js:64:37918\n    at c:\\Users\\elias\\.vscode\\extensions\\uqbar.wollok-lsp-ide-0.5.5\\out\\server\\src\\server.js:57:57176\n    at Dfn (c:\\Users\\elias\\.vscode\\extensions\\uqbar.wollok-lsp-ide-0.5.5\\out\\server\\src\\server.js:68:11324)\n    at c:\\Users\\elias\\.vscode\\extensions\\uqbar.wollok-lsp-ide-0.5.5\\out\\server\\src\\server.js:68:3629\n    at Array.map (<anonymous>)\n    at c:\\Users\\elias\\.vscode\\extensions\\uqbar.wollok-lsp-ide-0.5.5\\out\\server\\src\\server.js:68:4693","timestamp":"2026-09-05T14:26:27.827Z"}
{"level":"info","message":"⌛ Building environment","timeElapsed":150,"timestamp":"2026-09-05T14:26:28.204Z"}
{"level":"info","message":"⌛ Validating clase59.wlk/bebidas.wlk","timeElapsed":189,"timestamp":"2026-09-05T14:26:28.395Z"}
{"errors":{"errors":[null,["/*\r","Agregado al readme:\r","cianuro: el rendimiento sera cero si el peso del deportista es 70 o menos, si es mas\r","que 70 entoces el rendimiento es el 1% de la dosis consumida.\r","agregar a pepe, otro voluntario, que pesa inicialmente 80, \r","tiene 30 años, pepe debe\r","poder cumplir anios y se diferencia de tito en que puede calcular su \r","velocidad si tiene mas de 30 entonces resta 10 de velocidad\r"]]},"level":"error","message":"✘ Failed to get type description: Error: {\n  \"errors\": [\n    null,\n    [\n      \"/*\\r\",\n      \"Agregado al readme:\\r\",\n      \"cianuro: el rendimiento sera cero si el peso del deportista es 70 o menos, si es mas\\r\",\n      \"que 70 entoces el rendimiento es el 1% de la dosis consumida.\\r\",\n      \"agregar a pepe, otro voluntario, que pesa inicialmente 80, \\r\",\n      \"tiene 30 años, pepe debe\\r\",\n      \"poder cumplir anios y se diferencia de tito en que puede calcular su \\r\",\n      \"velocidad si tiene mas de 30 entonces resta 10 de velocidad\\r\"\n    ]\n  ]\n} {\n  \"errors\": [\n    null,\n    [\n      \"/*\\r\",\n      \"Agregado al readme:\\r\",\n      \"cianuro: el rendimiento sera cero si el peso del deportista es 70 o menos, si es mas\\r\",\n      \"que 70 entoces el rendimiento es el 1% de la dosis consumida.\\r\",\n      \"agregar a pepe, otro voluntario, que pesa inicialmente 80, \\r\",\n      \"tiene 30 años, pepe debe\\r\",\n      \"poder cumplir anios y se diferencia de tito en que puede calcular su \\r\",\n      \"velocidad si tiene mas de 30 entonces resta 10 de velocidad\\r\"\n    ]\n  ]\n}","stack":"Error: {\n  \"errors\": [\n    null,\n    [\n      \"/*\\r\",\n      \"Agregado al readme:\\r\",\n      \"cianuro: el rendimiento sera cero si el peso del deportista es 70 o menos, si es mas\\r\",\n      \"que 70 entoces el rendimiento es el 1% de la dosis consumida.\\r\",\n      \"agregar a pepe, otro voluntario, que pesa inicialmente 80, \\r\",\n      \"tiene 30 años, pepe debe\\r\",\n      \"poder cumplir anios y se diferencia de tito en que puede calcular su \\r\",\n      \"velocidad si tiene mas de 30 entonces resta 10 de velocidad\\r\"\n    ]\n  ]\n}\n    at lS (c:\\Users\\elias\\.vscode\\extensions\\uqbar.wollok-lsp-ide-0.5.5\\out\\server\\src\\server.js:64:34609)\n    at Q1 (c:\\Users\\elias\\.vscode\\extensions\\uqbar.wollok-lsp-ide-0.5.5\\out\\server\\src\\server.js:64:34682)\n    at c:\\Users\\elias\\.vscode\\extensions\\uqbar.wollok-lsp-ide-0.5.5\\out\\server\\src\\server.js:64:37949\n    at o.y1 (c:\\Users\\elias\\.vscode\\extensions\\uqbar.wollok-lsp-ide-0.5.5\\out\\server\\src\\server.js:57:59136)\n    at c:\\Users\\elias\\.vscode\\extensions\\uqbar.wollok-lsp-ide-0.5.5\\out\\server\\src\\server.js:64:37918\n    at c:\\Users\\elias\\.vscode\\extensions\\uqbar.wollok-lsp-ide-0.5.5\\out\\server\\src\\server.js:57:57176\n    at Dfn (c:\\Users\\elias\\.vscode\\extensions\\uqbar.wollok-lsp-ide-0.5.5\\out\\server\\src\\server.js:68:11324)\n    at c:\\Users\\elias\\.vscode\\extensions\\uqbar.wollok-lsp-ide-0.5.5\\out\\server\\src\\server.js:68:3629\n    at Array.map (<anonymous>)\n    at c:\\Users\\elias\\.vscode\\extensions\\uqbar.wollok-lsp-ide-0.5.5\\out\\server\\src\\server.js:68:4693","timestamp":"2026-09-05T14:26:29.231Z"}
{"errors":{"errors":[null,["/*\r","Agregado al readme:\r","cianuro: el rendimiento sera cero si el peso del deportista es 70 o menos, si es mas\r","que 70 entoces el rendimiento es el 1% de la dosis consumida.\r","agregar a pepe, otro voluntario, que pesa inicialmente 80, \r","tiene 30 años, pepe debe\r","poder cumplir anios y se diferencia de tito en que puede calcular su \r","velocidad si tiene mas de 30 entonces resta 10 de velocidad\r"]]},"level":"error","message":"✘ Failed to get type description: Error: {\n  \"errors\": [\n    null,\n    [\n      \"/*\\r\",\n      \"Agregado al readme:\\r\",\n      \"cianuro: el rendimiento sera cero si el peso del deportista es 70 o menos, si es mas\\r\",\n      \"que 70 entoces el rendimiento es el 1% de la dosis consumida.\\r\",\n      \"agregar a pepe, otro voluntario, que pesa inicialmente 80, \\r\",\n      \"tiene 30 años, pepe debe\\r\",\n      \"poder cumplir anios y se diferencia de tito en que puede calcular su \\r\",\n      \"velocidad si tiene mas de 30 entonces resta 10 de velocidad\\r\"\n    ]\n  ]\n} {\n  \"errors\": [\n    null,\n    [\n      \"/*\\r\",\n      \"Agregado al readme:\\r\",\n      \"cianuro: el rendimiento sera cero si el peso del deportista es 70 o menos, si es mas\\r\",\n      \"que 70 entoces el rendimiento es el 1% de la dosis consumida.\\r\",\n      \"agregar a pepe, otro voluntario, que pesa inicialmente 80, \\r\",\n      \"tiene 30 años, pepe debe\\r\",\n      \"poder cumplir anios y se diferencia de tito en que puede calcular su \\r\",\n      \"velocidad si tiene mas de 30 entonces resta 10 de velocidad\\r\"\n    ]\n  ]\n}","stack":"Error: {\n  \"errors\": [\n    null,\n    [\n      \"/*\\r\",\n      \"Agregado al readme:\\r\",\n      \"cianuro: el rendimiento sera cero si el peso del deportista es 70 o menos, si es mas\\r\",\n      \"que 70 entoces el rendimiento es el 1% de la dosis consumida.\\r\",\n      \"agregar a pepe, otro voluntario, que pesa inicialmente 80, \\r\",\n      \"tiene 30 años, pepe debe\\r\",\n      \"poder cumplir anios y se diferencia de tito en que puede calcular su \\r\",\n      \"velocidad si tiene mas de 30 entonces resta 10 de velocidad\\r\"\n    ]\n  ]\n}\n    at lS (c:\\Users\\elias\\.vscode\\extensions\\uqbar.wollok-lsp-ide-0.5.5\\out\\server\\src\\server.js:64:34609)\n    at Q1 (c:\\Users\\elias\\.vscode\\extensions\\uqbar.wollok-lsp-ide-0.5.5\\out\\server\\src\\server.js:64:34682)\n    at c:\\Users\\elias\\.vscode\\extensions\\uqbar.wollok-lsp-ide-0.5.5\\out\\server\\src\\server.js:64:37949\n    at o.y1 (c:\\Users\\elias\\.vscode\\extensions\\uqbar.wollok-lsp-ide-0.5.5\\out\\server\\src\\server.js:57:59136)\n    at c:\\Users\\elias\\.vscode\\extensions\\uqbar.wollok-lsp-ide-0.5.5\\out\\server\\src\\server.js:64:37918\n    at c:\\Users\\elias\\.vscode\\extensions\\uqbar.wollok-lsp-ide-0.5.5\\out\\server\\src\\server.js:57:57176\n    at Dfn (c:\\Users\\elias\\.vscode\\extensions\\uqbar.wollok-lsp-ide-0.5.5\\out\\server\\src\\server.js:68:11324)\n    at c:\\Users\\elias\\.vscode\\extensions\\uqbar.wollok-lsp-ide-0.5.5\\out\\server\\src\\server.js:68:3629\n    at Array.map (<anonymous>)\n    at c:\\Users\\elias\\.vscode\\extensions\\uqbar.wollok-lsp-ide-0.5.5\\out\\server\\src\\server.js:68:4693","timestamp":"2026-09-05T14:26:29.665Z"}
{"errors":{"errors":[null,["/*\r","Agregado al readme:\r","cianuro: el rendimiento sera cero si el peso del deportista es 70 o menos, si es mas\r","que 70 entoces el rendimiento es el 1% de la dosis consumida.\r","agregar a pepe, otro voluntario, que pesa inicialmente 80, \r","tiene 30 años, pepe debe\r","poder cumplir anios y se diferencia de tito en que puede calcular su \r","velocidad si tiene mas de 30 entonces resta 10 de velocidad\r"]]},"level":"error","message":"✘ Failed to get type description: Error: {\n  \"errors\": [\n    null,\n    [\n      \"/*\\r\",\n      \"Agregado al readme:\\r\",\n      \"cianuro: el rendimiento sera cero si el peso del deportista es 70 o menos, si es mas\\r\",\n      \"que 70 entoces el rendimiento es el 1% de la dosis consumida.\\r\",\n      \"agregar a pepe, otro voluntario, que pesa inicialmente 80, \\r\",\n      \"tiene 30 años, pepe debe\\r\",\n      \"poder cumplir anios y se diferencia de tito en que puede calcular su \\r\",\n      \"velocidad si tiene mas de 30 entonces resta 10 de velocidad\\r\"\n    ]\n  ]\n} {\n  \"errors\": [\n    null,\n    [\n      \"/*\\r\",\n      \"Agregado al readme:\\r\",\n      \"cianuro: el rendimiento sera cero si el peso del deportista es 70 o menos, si es mas\\r\",\n      \"que 70 entoces el rendimiento es el 1% de la dosis consumida.\\r\",\n      \"agregar a pepe, otro voluntario, que pesa inicialmente 80, \\r\",\n      \"tiene 30 años, pepe debe\\r\",\n      \"poder cumplir anios y se diferencia de tito en que puede calcular su \\r\",\n      \"velocidad si tiene mas de 30 entonces resta 10 de velocidad\\r\"\n    ]\n  ]\n}","stack":"Error: {\n  \"errors\": [\n    null,\n    [\n      \"/*\\r\",\n      \"Agregado al readme:\\r\",\n      \"cianuro: el rendimiento sera cero si el peso del deportista es 70 o menos, si es mas\\r\",\n      \"que 70 entoces el rendimiento es el 1% de la dosis consumida.\\r\",\n      \"agregar a pepe, otro voluntario, que pesa inicialmente 80, \\r\",\n      \"tiene 30 años, pepe debe\\r\",\n      \"poder cumplir anios y se diferencia de tito en que puede calcular su \\r\",\n      \"velocidad si tiene mas de 30 entonces resta 10 de velocidad\\r\"\n    ]\n  ]\n}\n    at lS (c:\\Users\\elias\\.vscode\\extensions\\uqbar.wollok-lsp-ide-0.5.5\\out\\server\\src\\server.js:64:34609)\n    at Q1 (c:\\Users\\elias\\.vscode\\extensions\\uqbar.wollok-lsp-ide-0.5.5\\out\\server\\src\\server.js:64:34682)\n    at c:\\Users\\elias\\.vscode\\extensions\\uqbar.wollok-lsp-ide-0.5.5\\out\\server\\src\\server.js:64:37949\n    at o.y1 (c:\\Users\\elias\\.vscode\\extensions\\uqbar.wollok-lsp-ide-0.5.5\\out\\server\\src\\server.js:57:59136)\n    at c:\\Users\\elias\\.vscode\\extensions\\uqbar.wollok-lsp-ide-0.5.5\\out\\server\\src\\server.js:64:37918\n    at c:\\Users\\elias\\.vscode\\extensions\\uqbar.wollok-lsp-ide-0.5.5\\out\\server\\src\\server.js:57:57176\n    at Dfn (c:\\Users\\elias\\.vscode\\extensions\\uqbar.wollok-lsp-ide-0.5.5\\out\\server\\src\\server.js:68:11324)\n    at c:\\Users\\elias\\.vscode\\extensions\\uqbar.wollok-lsp-ide-0.5.5\\out\\server\\src\\server.js:68:3629\n    at Array.map (<anonymous>)\n    at c:\\Users\\elias\\.vscode\\extensions\\uqbar.wollok-lsp-ide-0.5.5\\out\\server\\src\\server.js:68:4693","timestamp":"2026-09-05T14:26:30.143Z"}
{"errors":{"errors":[null,["/*\r","Agregado al readme:\r","cianuro: el rendimiento sera cero si el peso del deportista es 70 o menos, si es mas\r","que 70 entoces el rendimiento es el 1% de la dosis consumida.\r","agregar a pepe, otro voluntario, que pesa inicialmente 80, \r","tiene 30 años, pepe debe\r","poder cumplir anios y se diferencia de tito en que puede calcular su \r","velocidad si tiene mas de 30 entonces resta 10 de velocidad\r"]]},"level":"error","message":"✘ Failed to get type description: Error: {\n  \"errors\": [\n    null,\n    [\n      \"/*\\r\",\n      \"Agregado al readme:\\r\",\n      \"cianuro: el rendimiento sera cero si el peso del deportista es 70 o menos, si es mas\\r\",\n      \"que 70 entoces el rendimiento es el 1% de la dosis consumida.\\r\",\n      \"agregar a pepe, otro voluntario, que pesa inicialmente 80, \\r\",\n      \"tiene 30 años, pepe debe\\r\",\n      \"poder cumplir anios y se diferencia de tito en que puede calcular su \\r\",\n      \"velocidad si tiene mas de 30 entonces resta 10 de velocidad\\r\"\n    ]\n  ]\n} {\n  \"errors\": [\n    null,\n    [\n      \"/*\\r\",\n      \"Agregado al readme:\\r\",\n      \"cianuro: el rendimiento sera cero si el peso del deportista es 70 o menos, si es mas\\r\",\n      \"que 70 entoces el rendimiento es el 1% de la dosis consumida.\\r\",\n      \"agregar a pepe, otro voluntario, que pesa inicialmente 80, \\r\",\n      \"tiene 30 años, pepe debe\\r\",\n      \"poder cumplir anios y se diferencia de tito en que puede calcular su \\r\",\n      \"velocidad si tiene mas de 30 entonces resta 10 de velocidad\\r\"\n    ]\n  ]\n}","stack":"Error: {\n  \"errors\": [\n    null,\n    [\n      \"/*\\r\",\n      \"Agregado al readme:\\r\",\n      \"cianuro: el rendimiento sera cero si el peso del deportista es 70 o menos, si es mas\\r\",\n      \"que 70 entoces el rendimiento es el 1% de la dosis consumida.\\r\",\n      \"agregar a pepe, otro voluntario, que pesa inicialmente 80, \\r\",\n      \"tiene 30 años, pepe debe\\r\",\n      \"poder cumplir anios y se diferencia de tito en que puede calcular su \\r\",\n      \"velocidad si tiene mas de 30 entonces resta 10 de velocidad\\r\"\n    ]\n  ]\n}\n    at lS (c:\\Users\\elias\\.vscode\\extensions\\uqbar.wollok-lsp-ide-0.5.5\\out\\server\\src\\server.js:64:34609)\n    at Q1 (c:\\Users\\elias\\.vscode\\extensions\\uqbar.wollok-lsp-ide-0.5.5\\out\\server\\src\\server.js:64:34682)\n    at c:\\Users\\elias\\.vscode\\extensions\\uqbar.wollok-lsp-ide-0.5.5\\out\\server\\src\\server.js:64:37949\n    at o.y1 (c:\\Users\\elias\\.vscode\\extensions\\uqbar.wollok-lsp-ide-0.5.5\\out\\server\\src\\server.js:57:59136)\n    at c:\\Users\\elias\\.vscode\\extensions\\uqbar.wollok-lsp-ide-0.5.5\\out\\server\\src\\server.js:64:37918\n    at c:\\Users\\elias\\.vscode\\extensions\\uqbar.wollok-lsp-ide-0.5.5\\out\\server\\src\\server.js:57:57176\n    at Dfn (c:\\Users\\elias\\.vscode\\extensions\\uqbar.wollok-lsp-ide-0.5.5\\out\\server\\src\\server.js:68:11324)\n    at c:\\Users\\elias\\.vscode\\extensions\\uqbar.wollok-lsp-ide-0.5.5\\out\\server\\src\\server.js:68:3629\n    at Array.map (<anonymous>)\n    at c:\\Users\\elias\\.vscode\\extensions\\uqbar.wollok-lsp-ide-0.5.5\\out\\server\\src\\server.js:68:4693","timestamp":"2026-09-05T14:26:30.625Z"}
{"level":"info","message":"⌛ Building environment","timeElapsed":292,"timestamp":"2026-09-05T14:26:39.826Z"}
{"level":"info","message":"⌛ Building environment","timeElapsed":348,"timestamp":"2026-09-05T14:26:40.206Z"}
{"level":"info","message":"⌛ Validating clase59.wlk/bebidas.wlk","timeElapsed":356,"timestamp":"2026-09-05T14:26:40.591Z"}
{"level":"info","message":"⌛ Validating clase59.wlk/bebidas.wlk","timeElapsed":247,"timestamp":"2026-09-05T14:26:40.860Z"}
{"level":"info","message":"⌛ Building environment","timeElapsed":200,"timestamp":"2026-09-05T14:26:58.892Z"}
{"level":"error","message":"✘ Completions for node Send ([52:16, 52:60] - clase59.wlk/bebidas.wlk) failed: Error: [Send]{1a9d60} at clase59.wlk/bebidas.wlk:52 exhausted all cases without a match [Send]{1a9d60} at clase59.wlk/bebidas.wlk:52 exhausted all cases without a match","stack":"Error: [Send]{1a9d60} at clase59.wlk/bebidas.wlk:52 exhausted all cases without a match\n    at c:\\Users\\elias\\.vscode\\extensions\\uqbar.wollok-lsp-ide-0.5.5\\out\\server\\src\\server.js:38:6142\n    at L2 (c:\\Users\\elias\\.vscode\\extensions\\uqbar.wollok-lsp-ide-0.5.5\\out\\server\\src\\server.js:2421:42)\n    at Jh (c:\\Users\\elias\\.vscode\\extensions\\uqbar.wollok-lsp-ide-0.5.5\\out\\server\\src\\server.js:2421:1092)\n    at w5n (c:\\Users\\elias\\.vscode\\extensions\\uqbar.wollok-lsp-ide-0.5.5\\out\\server\\src\\server.js:2421:1248)\n    at c:\\Users\\elias\\.vscode\\extensions\\uqbar.wollok-lsp-ide-0.5.5\\out\\server\\src\\server.js:38:6131\n    at L2 (c:\\Users\\elias\\.vscode\\extensions\\uqbar.wollok-lsp-ide-0.5.5\\out\\server\\src\\server.js:2421:42)\n    at c:\\Users\\elias\\.vscode\\extensions\\uqbar.wollok-lsp-ide-0.5.5\\out\\server\\src\\server.js:2421:2988\n    at c:\\Users\\elias\\.vscode\\extensions\\uqbar.wollok-lsp-ide-0.5.5\\out\\server\\src\\server.js:2430:8440\n    at c:\\Users\\elias\\.vscode\\extensions\\uqbar.wollok-lsp-ide-0.5.5\\out\\server\\src\\server.js:37:74872\n    at Ke (c:\\Users\\elias\\.vscode\\extensions\\uqbar.wollok-lsp-ide-0.5.5\\out\\server\\src\\server.js:7:8527)","timestamp":"2026-09-05T14:26:58.955Z"}
{"level":"error","message":"✘ Completions for node Send ([52:16, 53:15] - clase59.wlk/bebidas.wlk) failed: Error: [Send]{fa4c9d} at clase59.wlk/bebidas.wlk:52 exhausted all cases without a match [Send]{fa4c9d} at clase59.wlk/bebidas.wlk:52 exhausted all cases without a match","stack":"Error: [Send]{fa4c9d} at clase59.wlk/bebidas.wlk:52 exhausted all cases without a match\n    at c:\\Users\\elias\\.vscode\\extensions\\uqbar.wollok-lsp-ide-0.5.5\\out\\server\\src\\server.js:38:6142\n    at L2 (c:\\Users\\elias\\.vscode\\extensions\\uqbar.wollok-lsp-ide-0.5.5\\out\\server\\src\\server.js:2421:42)\n    at Jh (c:\\Users\\elias\\.vscode\\extensions\\uqbar.wollok-lsp-ide-0.5.5\\out\\server\\src\\server.js:2421:1092)\n    at L2 (c:\\Users\\elias\\.vscode\\extensions\\uqbar.wollok-lsp-ide-0.5.5\\out\\server\\src\\server.js:2421:544)\n    at Jh (c:\\Users\\elias\\.vscode\\extensions\\uqbar.wollok-lsp-ide-0.5.5\\out\\server\\src\\server.js:2421:1092)\n    at w5n (c:\\Users\\elias\\.vscode\\extensions\\uqbar.wollok-lsp-ide-0.5.5\\out\\server\\src\\server.js:2421:1248)\n    at c:\\Users\\elias\\.vscode\\extensions\\uqbar.wollok-lsp-ide-0.5.5\\out\\server\\src\\server.js:38:6131\n    at L2 (c:\\Users\\elias\\.vscode\\extensions\\uqbar.wollok-lsp-ide-0.5.5\\out\\server\\src\\server.js:2421:42)\n    at c:\\Users\\elias\\.vscode\\extensions\\uqbar.wollok-lsp-ide-0.5.5\\out\\server\\src\\server.js:2421:2988\n    at c:\\Users\\elias\\.vscode\\extensions\\uqbar.wollok-lsp-ide-0.5.5\\out\\server\\src\\server.js:2430:8440","timestamp":"2026-09-05T14:26:58.955Z"}
{"level":"error","message":"✘ Completions for node Send ([52:16, 53:22] - clase59.wlk/bebidas.wlk) failed: Error: [Send]{c00b05} at clase59.wlk/bebidas.wlk:52 exhausted all cases without a match [Send]{c00b05} at clase59.wlk/bebidas.wlk:52 exhausted all cases without a match","stack":"Error: [Send]{c00b05} at clase59.wlk/bebidas.wlk:52 exhausted all cases without a match\n    at c:\\Users\\elias\\.vscode\\extensions\\uqbar.wollok-lsp-ide-0.5.5\\out\\server\\src\\server.js:38:6142\n    at L2 (c:\\Users\\elias\\.vscode\\extensions\\uqbar.wollok-lsp-ide-0.5.5\\out\\server\\src\\server.js:2421:42)\n    at Jh (c:\\Users\\elias\\.vscode\\extensions\\uqbar.wollok-lsp-ide-0.5.5\\out\\server\\src\\server.js:2421:1092)\n    at L2 (c:\\Users\\elias\\.vscode\\extensions\\uqbar.wollok-lsp-ide-0.5.5\\out\\server\\src\\server.js:2421:544)\n    at Jh (c:\\Users\\elias\\.vscode\\extensions\\uqbar.wollok-lsp-ide-0.5.5\\out\\server\\src\\server.js:2421:1092)\n    at L2 (c:\\Users\\elias\\.vscode\\extensions\\uqbar.wollok-lsp-ide-0.5.5\\out\\server\\src\\server.js:2421:544)\n    at Jh (c:\\Users\\elias\\.vscode\\extensions\\uqbar.wollok-lsp-ide-0.5.5\\out\\server\\src\\server.js:2421:1092)\n    at w5n (c:\\Users\\elias\\.vscode\\extensions\\uqbar.wollok-lsp-ide-0.5.5\\out\\server\\src\\server.js:2421:1248)\n    at c:\\Users\\elias\\.vscode\\extensions\\uqbar.wollok-lsp-ide-0.5.5\\out\\server\\src\\server.js:38:6131\n    at L2 (c:\\Users\\elias\\.vscode\\extensions\\uqbar.wollok-lsp-ide-0.5.5\\out\\server\\src\\server.js:2421:42)","timestamp":"2026-09-05T14:26:58.956Z"}
{"level":"error","message":"✘ Completions for node Return ([52:9, 53:22] - clase59.wlk/bebidas.wlk) failed: Error: [Return]{53b995} at clase59.wlk/bebidas.wlk:52 exhausted all cases without a match [Return]{53b995} at clase59.wlk/bebidas.wlk:52 exhausted all cases without a match","stack":"Error: [Return]{53b995} at clase59.wlk/bebidas.wlk:52 exhausted all cases without a match\n    at c:\\Users\\elias\\.vscode\\extensions\\uqbar.wollok-lsp-ide-0.5.5\\out\\server\\src\\server.js:38:6142\n    at L2 (c:\\Users\\elias\\.vscode\\extensions\\uqbar.wollok-lsp-ide-0.5.5\\out\\server\\src\\server.js:2421:42)\n    at Jh (c:\\Users\\elias\\.vscode\\extensions\\uqbar.wollok-lsp-ide-0.5.5\\out\\server\\src\\server.js:2421:1092)\n    at L2 (c:\\Users\\elias\\.vscode\\extensions\\uqbar.wollok-lsp-ide-0.5.5\\out\\server\\src\\server.js:2421:544)\n    at Jh (c:\\Users\\elias\\.vscode\\extensions\\uqbar.wollok-lsp-ide-0.5.5\\out\\server\\src\\server.js:2421:1092)\n    at L2 (c:\\Users\\elias\\.vscode\\extensions\\uqbar.wollok-lsp-ide-0.5.5\\out\\server\\src\\server.js:2421:544)\n    at Jh (c:\\Users\\elias\\.vscode\\extensions\\uqbar.wollok-lsp-ide-0.5.5\\out\\server\\src\\server.js:2421:1092)\n    at L2 (c:\\Users\\elias\\.vscode\\extensions\\uqbar.wollok-lsp-ide-0.5.5\\out\\server\\src\\server.js:2421:544)\n    at Jh (c:\\Users\\elias\\.vscode\\extensions\\uqbar.wollok-lsp-ide-0.5.5\\out\\server\\src\\server.js:2421:1092)\n    at w5n (c:\\Users\\elias\\.vscode\\extensions\\uqbar.wollok-lsp-ide-0.5.5\\out\\server\\src\\server.js:2421:1248)","timestamp":"2026-09-05T14:26:58.956Z"}
{"level":"info","message":"⌛ Building environment","timeElapsed":160,"timestamp":"2026-09-05T14:26:59.119Z"}
{"level":"info","message":"⌛ Validating clase59.wlk/bebidas.wlk","timeElapsed":221,"timestamp":"2026-09-05T14:26:59.342Z"}
{"level":"info","message":"⌛ Validating clase59.wlk/bebidas.wlk","timeElapsed":404,"timestamp":"2026-09-05T14:26:59.747Z"}
{"level":"error","message":"✘ Failed to rebuild document Failed to parse clase59.wlk/bebidas.wlk: \n-- PARSING FAILED --------------------------------------------------\n\n  61 |     }\n  62 |     method cumplirAnios() {edad += 1}\n> 63 | }\n     | ^\n  64 | \n  65 | object whisky {\n\nExpected one of the following: \n\n'@', 'class', 'const', 'describe', 'mixin', 'object', 'only', 'package', 'program', 'test', 'var', '{', EOF, comment, not \"}\r\n\r\n\", whitespace\n","stack":"Error: Failed to parse clase59.wlk/bebidas.wlk: \n-- PARSING FAILED --------------------------------------------------\n\n  61 |     }\n  62 |     method cumplirAnios() {edad += 1}\n> 63 | }\n     | ^\n  64 | \n  65 | object whisky {\n\nExpected one of the following: \n\n'@', 'class', 'const', 'describe', 'mixin', 'object', 'only', 'package', 'program', 'test', 'var', '{', EOF, comment, not \"}\r\n\r\n\", whitespace\n\n    at c:\\Users\\elias\\.vscode\\extensions\\uqbar.wollok-lsp-ide-0.5.5\\out\\server\\src\\server.js:2385:13026\n    at Array.map (<anonymous>)\n    at z1n (c:\\Users\\elias\\.vscode\\extensions\\uqbar.wollok-lsp-ide-0.5.5\\out\\server\\src\\server.js:2385:12950)\n    at H2.buildEnvironmentFrom (c:\\Users\\elias\\.vscode\\extensions\\uqbar.wollok-lsp-ide-0.5.5\\out\\server\\src\\server.js:2430:5254)\n    at H2.updateEnvironmentWith (c:\\Users\\elias\\.vscode\\extensions\\uqbar.wollok-lsp-ide-0.5.5\\out\\server\\src\\server.js:2430:4989)\n    at QF (c:\\Users\\elias\\.vscode\\extensions\\uqbar.wollok-lsp-ide-0.5.5\\out\\server\\src\\server.js:2430:7383)\n    at V3.invoke (c:\\Users\\elias\\.vscode\\extensions\\uqbar.wollok-lsp-ide-0.5.5\\out\\server\\src\\server.js:3:157330)\n    at o.fire (c:\\Users\\elias\\.vscode\\extensions\\uqbar.wollok-lsp-ide-0.5.5\\out\\server\\src\\server.js:3:158100)\n    at c:\\Users\\elias\\.vscode\\extensions\\uqbar.wollok-lsp-ide-0.5.5\\out\\server\\src\\server.js:37:57871\n    at nd (c:\\Users\\elias\\.vscode\\extensions\\uqbar.wollok-lsp-ide-0.5.5\\out\\server\\src\\server.js:8:1561)","timestamp":"2026-09-05T14:27:00.045Z"}
{"level":"error","message":"✘ Failed to rebuild document Failed to parse clase59.wlk/bebidas.wlk: \n-- PARSING FAILED --------------------------------------------------\n\n  61 |     }\n  62 |     method cumplirAnios() {edad += 1}\n> 63 | }\n     | ^\n  64 | \n  65 | object whisky {\n\nExpected one of the following: \n\n'@', 'class', 'const', 'describe', 'mixin', 'object', 'only', 'package', 'program', 'test', 'var', '{', EOF, comment, not \"}\r\n\r\n\", whitespace\n","stack":"Error: Failed to parse clase59.wlk/bebidas.wlk: \n-- PARSING FAILED --------------------------------------------------\n\n  61 |     }\n  62 |     method cumplirAnios() {edad += 1}\n> 63 | }\n     | ^\n  64 | \n  65 | object whisky {\n\nExpected one of the following: \n\n'@', 'class', 'const', 'describe', 'mixin', 'object', 'only', 'package', 'program', 'test', 'var', '{', EOF, comment, not \"}\r\n\r\n\", whitespace\n\n    at c:\\Users\\elias\\.vscode\\extensions\\uqbar.wollok-lsp-ide-0.5.5\\out\\server\\src\\server.js:2385:13026\n    at Array.map (<anonymous>)\n    at z1n (c:\\Users\\elias\\.vscode\\extensions\\uqbar.wollok-lsp-ide-0.5.5\\out\\server\\src\\server.js:2385:12950)\n    at H2.buildEnvironmentFrom (c:\\Users\\elias\\.vscode\\extensions\\uqbar.wollok-lsp-ide-0.5.5\\out\\server\\src\\server.js:2430:5254)\n    at H2.updateEnvironmentWith (c:\\Users\\elias\\.vscode\\extensions\\uqbar.wollok-lsp-ide-0.5.5\\out\\server\\src\\server.js:2430:4989)\n    at QF (c:\\Users\\elias\\.vscode\\extensions\\uqbar.wollok-lsp-ide-0.5.5\\out\\server\\src\\server.js:2430:7383)\n    at V3.invoke (c:\\Users\\elias\\.vscode\\extensions\\uqbar.wollok-lsp-ide-0.5.5\\out\\server\\src\\server.js:3:157330)\n    at o.fire (c:\\Users\\elias\\.vscode\\extensions\\uqbar.wollok-lsp-ide-0.5.5\\out\\server\\src\\server.js:3:158100)\n    at c:\\Users\\elias\\.vscode\\extensions\\uqbar.wollok-lsp-ide-0.5.5\\out\\server\\src\\server.js:37:57871\n    at nd (c:\\Users\\elias\\.vscode\\extensions\\uqbar.wollok-lsp-ide-0.5.5\\out\\server\\src\\server.js:8:1561)","timestamp":"2026-09-05T14:27:01.193Z"}
{"level":"error","message":"✘ Completions for node Send ([52:16, 52:61] - clase59.wlk/bebidas.wlk) failed: Error: [Send]{9fc426} at clase59.wlk/bebidas.wlk:52 exhausted all cases without a match [Send]{9fc426} at clase59.wlk/bebidas.wlk:52 exhausted all cases without a match","stack":"Error: [Send]{9fc426} at clase59.wlk/bebidas.wlk:52 exhausted all cases without a match\n    at c:\\Users\\elias\\.vscode\\extensions\\uqbar.wollok-lsp-ide-0.5.5\\out\\server\\src\\server.js:38:6142\n    at L2 (c:\\Users\\elias\\.vscode\\extensions\\uqbar.wollok-lsp-ide-0.5.5\\out\\server\\src\\server.js:2421:42)\n    at Jh (c:\\Users\\elias\\.vscode\\extensions\\uqbar.wollok-lsp-ide-0.5.5\\out\\server\\src\\server.js:2421:1092)\n    at w5n (c:\\Users\\elias\\.vscode\\extensions\\uqbar.wollok-lsp-ide-0.5.5\\out\\server\\src\\server.js:2421:1248)\n    at c:\\Users\\elias\\.vscode\\extensions\\uqbar.wollok-lsp-ide-0.5.5\\out\\server\\src\\server.js:38:6131\n    at L2 (c:\\Users\\elias\\.vscode\\extensions\\uqbar.wollok-lsp-ide-0.5.5\\out\\server\\src\\server.js:2421:42)\n    at c:\\Users\\elias\\.vscode\\extensions\\uqbar.wollok-lsp-ide-0.5.5\\out\\server\\src\\server.js:2421:2988\n    at c:\\Users\\elias\\.vscode\\extensions\\uqbar.wollok-lsp-ide-0.5.5\\out\\server\\src\\server.js:2430:8440\n    at c:\\Users\\elias\\.vscode\\extensions\\uqbar.wollok-lsp-ide-0.5.5\\out\\server\\src\\server.js:37:74872\n    at Ke (c:\\Users\\elias\\.vscode\\extensions\\uqbar.wollok-lsp-ide-0.5.5\\out\\server\\src\\server.js:7:8527)","timestamp":"2026-09-05T14:27:01.244Z"}
{"level":"error","message":"✘ Completions for node Send ([52:16, 53:15] - clase59.wlk/bebidas.wlk) failed: Error: [Send]{ba1be8} at clase59.wlk/bebidas.wlk:52 exhausted all cases without a match [Send]{ba1be8} at clase59.wlk/bebidas.wlk:52 exhausted all cases without a match","stack":"Error: [Send]{ba1be8} at clase59.wlk/bebidas.wlk:52 exhausted all cases without a match\n    at c:\\Users\\elias\\.vscode\\extensions\\uqbar.wollok-lsp-ide-0.5.5\\out\\server\\src\\server.js:38:6142\n    at L2 (c:\\Users\\elias\\.vscode\\extensions\\uqbar.wollok-lsp-ide-0.5.5\\out\\server\\src\\server.js:2421:42)\n    at Jh (c:\\Users\\elias\\.vscode\\extensions\\uqbar.wollok-lsp-ide-0.5.5\\out\\server\\src\\server.js:2421:1092)\n    at L2 (c:\\Users\\elias\\.vscode\\extensions\\uqbar.wollok-lsp-ide-0.5.5\\out\\server\\src\\server.js:2421:544)\n    at Jh (c:\\Users\\elias\\.vscode\\extensions\\uqbar.wollok-lsp-ide-0.5.5\\out\\server\\src\\server.js:2421:1092)\n    at w5n (c:\\Users\\elias\\.vscode\\extensions\\uqbar.wollok-lsp-ide-0.5.5\\out\\server\\src\\server.js:2421:1248)\n    at c:\\Users\\elias\\.vscode\\extensions\\uqbar.wollok-lsp-ide-0.5.5\\out\\server\\src\\server.js:38:6131\n    at L2 (c:\\Users\\elias\\.vscode\\extensions\\uqbar.wollok-lsp-ide-0.5.5\\out\\server\\src\\server.js:2421:42)\n    at c:\\Users\\elias\\.vscode\\extensions\\uqbar.wollok-lsp-ide-0.5.5\\out\\server\\src\\server.js:2421:2988\n    at c:\\Users\\elias\\.vscode\\extensions\\uqbar.wollok-lsp-ide-0.5.5\\out\\server\\src\\server.js:2430:8440","timestamp":"2026-09-05T14:27:01.245Z"}
{"level":"error","message":"✘ Completions for node Send ([52:16, 53:22] - clase59.wlk/bebidas.wlk) failed: Error: [Send]{3a0c39} at clase59.wlk/bebidas.wlk:52 exhausted all cases without a match [Send]{3a0c39} at clase59.wlk/bebidas.wlk:52 exhausted all cases without a match","stack":"Error: [Send]{3a0c39} at clase59.wlk/bebidas.wlk:52 exhausted all cases without a match\n    at c:\\Users\\elias\\.vscode\\extensions\\uqbar.wollok-lsp-ide-0.5.5\\out\\server\\src\\server.js:38:6142\n    at L2 (c:\\Users\\elias\\.vscode\\extensions\\uqbar.wollok-lsp-ide-0.5.5\\out\\server\\src\\server.js:2421:42)\n    at Jh (c:\\Users\\elias\\.vscode\\extensions\\uqbar.wollok-lsp-ide-0.5.5\\out\\server\\src\\server.js:2421:1092)\n    at L2 (c:\\Users\\elias\\.vscode\\extensions\\uqbar.wollok-lsp-ide-0.5.5\\out\\server\\src\\server.js:2421:544)\n    at Jh (c:\\Users\\elias\\.vscode\\extensions\\uqbar.wollok-lsp-ide-0.5.5\\out\\server\\src\\server.js:2421:1092)\n    at L2 (c:\\Users\\elias\\.vscode\\extensions\\uqbar.wollok-lsp-ide-0.5.5\\out\\server\\src\\server.js:2421:544)\n    at Jh (c:\\Users\\elias\\.vscode\\extensions\\uqbar.wollok-lsp-ide-0.5.5\\out\\server\\src\\server.js:2421:1092)\n    at w5n (c:\\Users\\elias\\.vscode\\extensions\\uqbar.wollok-lsp-ide-0.5.5\\out\\server\\src\\server.js:2421:1248)\n    at c:\\Users\\elias\\.vscode\\extensions\\uqbar.wollok-lsp-ide-0.5.5\\out\\server\\src\\server.js:38:6131\n    at L2 (c:\\Users\\elias\\.vscode\\extensions\\uqbar.wollok-lsp-ide-0.5.5\\out\\server\\src\\server.js:2421:42)","timestamp":"2026-09-05T14:27:01.245Z"}
{"level":"error","message":"✘ Completions for node Return ([52:9, 53:22] - clase59.wlk/bebidas.wlk) failed: Error: [Return]{cb68a9} at clase59.wlk/bebidas.wlk:52 exhausted all cases without a match [Return]{cb68a9} at clase59.wlk/bebidas.wlk:52 exhausted all cases without a match","stack":"Error: [Return]{cb68a9} at clase59.wlk/bebidas.wlk:52 exhausted all cases without a match\n    at c:\\Users\\elias\\.vscode\\extensions\\uqbar.wollok-lsp-ide-0.5.5\\out\\server\\src\\server.js:38:6142\n    at L2 (c:\\Users\\elias\\.vscode\\extensions\\uqbar.wollok-lsp-ide-0.5.5\\out\\server\\src\\server.js:2421:42)\n    at Jh (c:\\Users\\elias\\.vscode\\extensions\\uqbar.wollok-lsp-ide-0.5.5\\out\\server\\src\\server.js:2421:1092)\n    at L2 (c:\\Users\\elias\\.vscode\\extensions\\uqbar.wollok-lsp-ide-0.5.5\\out\\server\\src\\server.js:2421:544)\n    at Jh (c:\\Users\\elias\\.vscode\\extensions\\uqbar.wollok-lsp-ide-0.5.5\\out\\server\\src\\server.js:2421:1092)\n    at L2 (c:\\Users\\elias\\.vscode\\extensions\\uqbar.wollok-lsp-ide-0.5.5\\out\\server\\src\\server.js:2421:544)\n    at Jh (c:\\Users\\elias\\.vscode\\extensions\\uqbar.wollok-lsp-ide-0.5.5\\out\\server\\src\\server.js:2421:1092)\n    at L2 (c:\\Users\\elias\\.vscode\\extensions\\uqbar.wollok-lsp-ide-0.5.5\\out\\server\\src\\server.js:2421:544)\n    at Jh (c:\\Users\\elias\\.vscode\\extensions\\uqbar.wollok-lsp-ide-0.5.5\\out\\server\\src\\server.js:2421:1092)\n    at w5n (c:\\Users\\elias\\.vscode\\extensions\\uqbar.wollok-lsp-ide-0.5.5\\out\\server\\src\\server.js:2421:1248)","timestamp":"2026-09-05T14:27:01.246Z"}
{"level":"error","message":"✘ Failed to rebuild document Failed to parse clase59.wlk/bebidas.wlk: \n-- PARSING FAILED --------------------------------------------------\n\n  61 |     }\n  62 |     method cumplirAnios() {edad += 1}\n> 63 | }\n     | ^\n  64 | \n  65 | object whisky {\n\nExpected one of the following: \n\n'@', 'class', 'const', 'describe', 'mixin', 'object', 'only', 'package', 'program', 'test', 'var', '{', EOF, comment, not \"}\r\n\r\n\", whitespace\n","stack":"Error: Failed to parse clase59.wlk/bebidas.wlk: \n-- PARSING FAILED --------------------------------------------------\n\n  61 |     }\n  62 |     method cumplirAnios() {edad += 1}\n> 63 | }\n     | ^\n  64 | \n  65 | object whisky {\n\nExpected one of the following: \n\n'@', 'class', 'const', 'describe', 'mixin', 'object', 'only', 'package', 'program', 'test', 'var', '{', EOF, comment, not \"}\r\n\r\n\", whitespace\n\n    at c:\\Users\\elias\\.vscode\\extensions\\uqbar.wollok-lsp-ide-0.5.5\\out\\server\\src\\server.js:2385:13026\n    at Array.map (<anonymous>)\n    at z1n (c:\\Users\\elias\\.vscode\\extensions\\uqbar.wollok-lsp-ide-0.5.5\\out\\server\\src\\server.js:2385:12950)\n    at H2.buildEnvironmentFrom (c:\\Users\\elias\\.vscode\\extensions\\uqbar.wollok-lsp-ide-0.5.5\\out\\server\\src\\server.js:2430:5254)\n    at H2.updateEnvironmentWith (c:\\Users\\elias\\.vscode\\extensions\\uqbar.wollok-lsp-ide-0.5.5\\out\\server\\src\\server.js:2430:4989)\n    at QF (c:\\Users\\elias\\.vscode\\extensions\\uqbar.wollok-lsp-ide-0.5.5\\out\\server\\src\\server.js:2430:7383)\n    at V3.invoke (c:\\Users\\elias\\.vscode\\extensions\\uqbar.wollok-lsp-ide-0.5.5\\out\\server\\src\\server.js:3:157330)\n    at o.fire (c:\\Users\\elias\\.vscode\\extensions\\uqbar.wollok-lsp-ide-0.5.5\\out\\server\\src\\server.js:3:158100)\n    at c:\\Users\\elias\\.vscode\\extensions\\uqbar.wollok-lsp-ide-0.5.5\\out\\server\\src\\server.js:37:57871\n    at nd (c:\\Users\\elias\\.vscode\\extensions\\uqbar.wollok-lsp-ide-0.5.5\\out\\server\\src\\server.js:8:1561)","timestamp":"2026-09-05T14:27:01.391Z"}
{"level":"error","message":"✘ Failed to rebuild document Failed to parse clase59.wlk/bebidas.wlk: \n-- PARSING FAILED --------------------------------------------------\n\n  61 |     }\n  62 |     method cumplirAnios() {edad += 1}\n> 63 | }\n     | ^\n  64 | \n  65 | object whisky {\n\nExpected one of the following: \n\n'@', 'class', 'const', 'describe', 'mixin', 'object', 'only', 'package', 'program', 'test', 'var', '{', EOF, comment, not \"}\r\n\r\n\", whitespace\n","stack":"Error: Failed to parse clase59.wlk/bebidas.wlk: \n-- PARSING FAILED --------------------------------------------------\n\n  61 |     }\n  62 |     method cumplirAnios() {edad += 1}\n> 63 | }\n     | ^\n  64 | \n  65 | object whisky {\n\nExpected one of the following: \n\n'@', 'class', 'const', 'describe', 'mixin', 'object', 'only', 'package', 'program', 'test', 'var', '{', EOF, comment, not \"}\r\n\r\n\", whitespace\n\n    at c:\\Users\\elias\\.vscode\\extensions\\uqbar.wollok-lsp-ide-0.5.5\\out\\server\\src\\server.js:2385:13026\n    at Array.map (<anonymous>)\n    at z1n (c:\\Users\\elias\\.vscode\\extensions\\uqbar.wollok-lsp-ide-0.5.5\\out\\server\\src\\server.js:2385:12950)\n    at H2.buildEnvironmentFrom (c:\\Users\\elias\\.vscode\\extensions\\uqbar.wollok-lsp-ide-0.5.5\\out\\server\\src\\server.js:2430:5254)\n    at H2.updateEnvironmentWith (c:\\Users\\elias\\.vscode\\extensions\\uqbar.wollok-lsp-ide-0.5.5\\out\\server\\src\\server.js:2430:4989)\n    at QF (c:\\Users\\elias\\.vscode\\extensions\\uqbar.wollok-lsp-ide-0.5.5\\out\\server\\src\\server.js:2430:7383)\n    at V3.invoke (c:\\Users\\elias\\.vscode\\extensions\\uqbar.wollok-lsp-ide-0.5.5\\out\\server\\src\\server.js:3:157330)\n    at o.fire (c:\\Users\\elias\\.vscode\\extensions\\uqbar.wollok-lsp-ide-0.5.5\\out\\server\\src\\server.js:3:158100)\n    at c:\\Users\\elias\\.vscode\\extensions\\uqbar.wollok-lsp-ide-0.5.5\\out\\server\\src\\server.js:37:57871\n    at nd (c:\\Users\\elias\\.vscode\\extensions\\uqbar.wollok-lsp-ide-0.5.5\\out\\server\\src\\server.js:8:1561)","timestamp":"2026-09-05T14:27:01.468Z"}
{"level":"error","message":"✘ Failed to rebuild document Failed to parse clase59.wlk/bebidas.wlk: \n-- PARSING FAILED --------------------------------------------------\n\n  61 |     }\n  62 |     method cumplirAnios() {edad += 1}\n> 63 | }\n     | ^\n  64 | \n  65 | object whisky {\n\nExpected one of the following: \n\n'@', 'class', 'const', 'describe', 'mixin', 'object', 'only', 'package', 'program', 'test', 'var', '{', EOF, comment, not \"}\r\n\r\n\", whitespace\n","stack":"Error: Failed to parse clase59.wlk/bebidas.wlk: \n-- PARSING FAILED --------------------------------------------------\n\n  61 |     }\n  62 |     method cumplirAnios() {edad += 1}\n> 63 | }\n     | ^\n  64 | \n  65 | object whisky {\n\nExpected one of the following: \n\n'@', 'class', 'const', 'describe', 'mixin', 'object', 'only', 'package', 'program', 'test', 'var', '{', EOF, comment, not \"}\r\n\r\n\", whitespace\n\n    at c:\\Users\\elias\\.vscode\\extensions\\uqbar.wollok-lsp-ide-0.5.5\\out\\server\\src\\server.js:2385:13026\n    at Array.map (<anonymous>)\n    at z1n (c:\\Users\\elias\\.vscode\\extensions\\uqbar.wollok-lsp-ide-0.5.5\\out\\server\\src\\server.js:2385:12950)\n    at H2.buildEnvironmentFrom (c:\\Users\\elias\\.vscode\\extensions\\uqbar.wollok-lsp-ide-0.5.5\\out\\server\\src\\server.js:2430:5254)\n    at H2.updateEnvironmentWith (c:\\Users\\elias\\.vscode\\extensions\\uqbar.wollok-lsp-ide-0.5.5\\out\\server\\src\\server.js:2430:4989)\n    at QF (c:\\Users\\elias\\.vscode\\extensions\\uqbar.wollok-lsp-ide-0.5.5\\out\\server\\src\\server.js:2430:7383)\n    at V3.invoke (c:\\Users\\elias\\.vscode\\extensions\\uqbar.wollok-lsp-ide-0.5.5\\out\\server\\src\\server.js:3:157330)\n    at o.fire (c:\\Users\\elias\\.vscode\\extensions\\uqbar.wollok-lsp-ide-0.5.5\\out\\server\\src\\server.js:3:158100)\n    at c:\\Users\\elias\\.vscode\\extensions\\uqbar.wollok-lsp-ide-0.5.5\\out\\server\\src\\server.js:37:57871\n    at nd (c:\\Users\\elias\\.vscode\\extensions\\uqbar.wollok-lsp-ide-0.5.5\\out\\server\\src\\server.js:8:1561)","timestamp":"2026-09-05T14:27:01.677Z"}
{"level":"error","message":"✘ Failed to rebuild document Failed to parse clase59.wlk/bebidas.wlk: \n-- PARSING FAILED --------------------------------------------------\n\n  61 |     }\n  62 |     method cumplirAnios() {edad += 1}\n> 63 | }\n     | ^\n  64 | \n  65 | object whisky {\n\nExpected one of the following: \n\n'@', 'class', 'const', 'describe', 'mixin', 'object', 'only', 'package', 'program', 'test', 'var', '{', EOF, comment, not \"}\r\n\r\n\", whitespace\n","stack":"Error: Failed to parse clase59.wlk/bebidas.wlk: \n-- PARSING FAILED --------------------------------------------------\n\n  61 |     }\n  62 |     method cumplirAnios() {edad += 1}\n> 63 | }\n     | ^\n  64 | \n  65 | object whisky {\n\nExpected one of the following: \n\n'@', 'class', 'const', 'describe', 'mixin', 'object', 'only', 'package', 'program', 'test', 'var', '{', EOF, comment, not \"}\r\n\r\n\", whitespace\n\n    at c:\\Users\\elias\\.vscode\\extensions\\uqbar.wollok-lsp-ide-0.5.5\\out\\server\\src\\server.js:2385:13026\n    at Array.map (<anonymous>)\n    at z1n (c:\\Users\\elias\\.vscode\\extensions\\uqbar.wollok-lsp-ide-0.5.5\\out\\server\\src\\server.js:2385:12950)\n    at H2.buildEnvironmentFrom (c:\\Users\\elias\\.vscode\\extensions\\uqbar.wollok-lsp-ide-0.5.5\\out\\server\\src\\server.js:2430:5254)\n    at H2.updateEnvironmentWith (c:\\Users\\elias\\.vscode\\extensions\\uqbar.wollok-lsp-ide-0.5.5\\out\\server\\src\\server.js:2430:4989)\n    at QF (c:\\Users\\elias\\.vscode\\extensions\\uqbar.wollok-lsp-ide-0.5.5\\out\\server\\src\\server.js:2430:7383)\n    at V3.invoke (c:\\Users\\elias\\.vscode\\extensions\\uqbar.wollok-lsp-ide-0.5.5\\out\\server\\src\\server.js:3:157330)\n    at o.fire (c:\\Users\\elias\\.vscode\\extensions\\uqbar.wollok-lsp-ide-0.5.5\\out\\server\\src\\server.js:3:158100)\n    at c:\\Users\\elias\\.vscode\\extensions\\uqbar.wollok-lsp-ide-0.5.5\\out\\server\\src\\server.js:37:57871\n    at nd (c:\\Users\\elias\\.vscode\\extensions\\uqbar.wollok-lsp-ide-0.5.5\\out\\server\\src\\server.js:8:1561)","timestamp":"2026-09-05T14:27:02.474Z"}
{"level":"error","message":"✘ Failed to rebuild document Failed to parse clase59.wlk/bebidas.wlk: \n-- PARSING FAILED --------------------------------------------------\n\n  61 |     }\n  62 |     method cumplirAnios() {edad += 1}\n> 63 | }\n     | ^\n  64 | \n  65 | object whisky {\n\nExpected one of the following: \n\n'@', 'class', 'const', 'describe', 'mixin', 'object', 'only', 'package', 'program', 'test', 'var', '{', EOF, comment, not \"}\r\n\r\n\", whitespace\n","stack":"Error: Failed to parse clase59.wlk/bebidas.wlk: \n-- PARSING FAILED --------------------------------------------------\n\n  61 |     }\n  62 |     method cumplirAnios() {edad += 1}\n> 63 | }\n     | ^\n  64 | \n  65 | object whisky {\n\nExpected one of the following: \n\n'@', 'class', 'const', 'describe', 'mixin', 'object', 'only', 'package', 'program', 'test', 'var', '{', EOF, comment, not \"}\r\n\r\n\", whitespace\n\n    at c:\\Users\\elias\\.vscode\\extensions\\uqbar.wollok-lsp-ide-0.5.5\\out\\server\\src\\server.js:2385:13026\n    at Array.map (<anonymous>)\n    at z1n (c:\\Users\\elias\\.vscode\\extensions\\uqbar.wollok-lsp-ide-0.5.5\\out\\server\\src\\server.js:2385:12950)\n    at H2.buildEnvironmentFrom (c:\\Users\\elias\\.vscode\\extensions\\uqbar.wollok-lsp-ide-0.5.5\\out\\server\\src\\server.js:2430:5254)\n    at H2.updateEnvironmentWith (c:\\Users\\elias\\.vscode\\extensions\\uqbar.wollok-lsp-ide-0.5.5\\out\\server\\src\\server.js:2430:4989)\n    at QF (c:\\Users\\elias\\.vscode\\extensions\\uqbar.wollok-lsp-ide-0.5.5\\out\\server\\src\\server.js:2430:7383)\n    at V3.invoke (c:\\Users\\elias\\.vscode\\extensions\\uqbar.wollok-lsp-ide-0.5.5\\out\\server\\src\\server.js:3:157330)\n    at o.fire (c:\\Users\\elias\\.vscode\\extensions\\uqbar.wollok-lsp-ide-0.5.5\\out\\server\\src\\server.js:3:158100)\n    at c:\\Users\\elias\\.vscode\\extensions\\uqbar.wollok-lsp-ide-0.5.5\\out\\server\\src\\server.js:37:57871\n    at nd (c:\\Users\\elias\\.vscode\\extensions\\uqbar.wollok-lsp-ide-0.5.5\\out\\server\\src\\server.js:8:1561)","timestamp":"2026-09-05T14:27:02.925Z"}
{"level":"error","message":"✘ Failed to rebuild document Failed to parse clase59.wlk/bebidas.wlk: \n-- PARSING FAILED --------------------------------------------------\n\n  61 |     }\n  62 |     method cumplirAnios() {edad += 1}\n> 63 | }\n     | ^\n  64 | \n  65 | object whisky {\n\nExpected one of the following: \n\n'@', 'class', 'const', 'describe', 'mixin', 'object', 'only', 'package', 'program', 'test', 'var', '{', EOF, comment, not \"}\r\n\r\n\", whitespace\n","stack":"Error: Failed to parse clase59.wlk/bebidas.wlk: \n-- PARSING FAILED --------------------------------------------------\n\n  61 |     }\n  62 |     method cumplirAnios() {edad += 1}\n> 63 | }\n     | ^\n  64 | \n  65 | object whisky {\n\nExpected one of the following: \n\n'@', 'class', 'const', 'describe', 'mixin', 'object', 'only', 'package', 'program', 'test', 'var', '{', EOF, comment, not \"}\r\n\r\n\", whitespace\n\n    at c:\\Users\\elias\\.vscode\\extensions\\uqbar.wollok-lsp-ide-0.5.5\\out\\server\\src\\server.js:2385:13026\n    at Array.map (<anonymous>)\n    at z1n (c:\\Users\\elias\\.vscode\\extensions\\uqbar.wollok-lsp-ide-0.5.5\\out\\server\\src\\server.js:2385:12950)\n    at H2.buildEnvironmentFrom (c:\\Users\\elias\\.vscode\\extensions\\uqbar.wollok-lsp-ide-0.5.5\\out\\server\\src\\server.js:2430:5254)\n    at H2.updateEnvironmentWith (c:\\Users\\elias\\.vscode\\extensions\\uqbar.wollok-lsp-ide-0.5.5\\out\\server\\src\\server.js:2430:4989)\n    at QF (c:\\Users\\elias\\.vscode\\extensions\\uqbar.wollok-lsp-ide-0.5.5\\out\\server\\src\\server.js:2430:7383)\n    at V3.invoke (c:\\Users\\elias\\.vscode\\extensions\\uqbar.wollok-lsp-ide-0.5.5\\out\\server\\src\\server.js:3:157330)\n    at o.fire (c:\\Users\\elias\\.vscode\\extensions\\uqbar.wollok-lsp-ide-0.5.5\\out\\server\\src\\server.js:3:158100)\n    at c:\\Users\\elias\\.vscode\\extensions\\uqbar.wollok-lsp-ide-0.5.5\\out\\server\\src\\server.js:37:57871\n    at nd (c:\\Users\\elias\\.vscode\\extensions\\uqbar.wollok-lsp-ide-0.5.5\\out\\server\\src\\server.js:8:1561)","timestamp":"2026-09-05T14:27:03.836Z"}
{"level":"error","message":"✘ Failed to rebuild document Failed to parse clase59.wlk/bebidas.wlk: \n-- PARSING FAILED --------------------------------------------------\n\n  61 |     }\n  62 |     method cumplirAnios() {edad += 1}\n> 63 | }\n     | ^\n  64 | \n  65 | object whisky {\n\nExpected one of the following: \n\n'@', 'class', 'const', 'describe', 'mixin', 'object', 'only', 'package', 'program', 'test', 'var', '{', EOF, comment, not \"}\r\n\r\n\", whitespace\n","stack":"Error: Failed to parse clase59.wlk/bebidas.wlk: \n-- PARSING FAILED --------------------------------------------------\n\n  61 |     }\n  62 |     method cumplirAnios() {edad += 1}\n> 63 | }\n     | ^\n  64 | \n  65 | object whisky {\n\nExpected one of the following: \n\n'@', 'class', 'const', 'describe', 'mixin', 'object', 'only', 'package', 'program', 'test', 'var', '{', EOF, comment, not \"}\r\n\r\n\", whitespace\n\n    at c:\\Users\\elias\\.vscode\\extensions\\uqbar.wollok-lsp-ide-0.5.5\\out\\server\\src\\server.js:2385:13026\n    at Array.map (<anonymous>)\n    at z1n (c:\\Users\\elias\\.vscode\\extensions\\uqbar.wollok-lsp-ide-0.5.5\\out\\server\\src\\server.js:2385:12950)\n    at H2.buildEnvironmentFrom (c:\\Users\\elias\\.vscode\\extensions\\uqbar.wollok-lsp-ide-0.5.5\\out\\server\\src\\server.js:2430:5254)\n    at H2.updateEnvironmentWith (c:\\Users\\elias\\.vscode\\extensions\\uqbar.wollok-lsp-ide-0.5.5\\out\\server\\src\\server.js:2430:4989)\n    at QF (c:\\Users\\elias\\.vscode\\extensions\\uqbar.wollok-lsp-ide-0.5.5\\out\\server\\src\\server.js:2430:7383)\n    at V3.invoke (c:\\Users\\elias\\.vscode\\extensions\\uqbar.wollok-lsp-ide-0.5.5\\out\\server\\src\\server.js:3:157330)\n    at o.fire (c:\\Users\\elias\\.vscode\\extensions\\uqbar.wollok-lsp-ide-0.5.5\\out\\server\\src\\server.js:3:158100)\n    at c:\\Users\\elias\\.vscode\\extensions\\uqbar.wollok-lsp-ide-0.5.5\\out\\server\\src\\server.js:37:57871\n    at nd (c:\\Users\\elias\\.vscode\\extensions\\uqbar.wollok-lsp-ide-0.5.5\\out\\server\\src\\server.js:8:1561)","timestamp":"2026-09-05T14:27:05.022Z"}
{"level":"error","message":"✘ Completions for node Send ([52:16, 52:61] - clase59.wlk/bebidas.wlk) failed: Error: [Send]{9fc426} at clase59.wlk/bebidas.wlk:52 exhausted all cases without a match [Send]{9fc426} at clase59.wlk/bebidas.wlk:52 exhausted all cases without a match","stack":"Error: [Send]{9fc426} at clase59.wlk/bebidas.wlk:52 exhausted all cases without a match\n    at c:\\Users\\elias\\.vscode\\extensions\\uqbar.wollok-lsp-ide-0.5.5\\out\\server\\src\\server.js:38:6142\n    at L2 (c:\\Users\\elias\\.vscode\\extensions\\uqbar.wollok-lsp-ide-0.5.5\\out\\server\\src\\server.js:2421:42)\n    at Jh (c:\\Users\\elias\\.vscode\\extensions\\uqbar.wollok-lsp-ide-0.5.5\\out\\server\\src\\server.js:2421:1092)\n    at w5n (c:\\Users\\elias\\.vscode\\extensions\\uqbar.wollok-lsp-ide-0.5.5\\out\\server\\src\\server.js:2421:1248)\n    at c:\\Users\\elias\\.vscode\\extensions\\uqbar.wollok-lsp-ide-0.5.5\\out\\server\\src\\server.js:38:6131\n    at L2 (c:\\Users\\elias\\.vscode\\extensions\\uqbar.wollok-lsp-ide-0.5.5\\out\\server\\src\\server.js:2421:42)\n    at c:\\Users\\elias\\.vscode\\extensions\\uqbar.wollok-lsp-ide-0.5.5\\out\\server\\src\\server.js:2421:2988\n    at c:\\Users\\elias\\.vscode\\extensions\\uqbar.wollok-lsp-ide-0.5.5\\out\\server\\src\\server.js:2430:8440\n    at c:\\Users\\elias\\.vscode\\extensions\\uqbar.wollok-lsp-ide-0.5.5\\out\\server\\src\\server.js:37:74872\n    at Ke (c:\\Users\\elias\\.vscode\\extensions\\uqbar.wollok-lsp-ide-0.5.5\\out\\server\\src\\server.js:7:8527)","timestamp":"2026-09-05T14:27:05.060Z"}
{"level":"error","message":"✘ Completions for node Send ([52:16, 53:15] - clase59.wlk/bebidas.wlk) failed: Error: [Send]{ba1be8} at clase59.wlk/bebidas.wlk:52 exhausted all cases without a match [Send]{ba1be8} at clase59.wlk/bebidas.wlk:52 exhausted all cases without a match","stack":"Error: [Send]{ba1be8} at clase59.wlk/bebidas.wlk:52 exhausted all cases without a match\n    at c:\\Users\\elias\\.vscode\\extensions\\uqbar.wollok-lsp-ide-0.5.5\\out\\server\\src\\server.js:38:6142\n    at L2 (c:\\Users\\elias\\.vscode\\extensions\\uqbar.wollok-lsp-ide-0.5.5\\out\\server\\src\\server.js:2421:42)\n    at Jh (c:\\Users\\elias\\.vscode\\extensions\\uqbar.wollok-lsp-ide-0.5.5\\out\\server\\src\\server.js:2421:1092)\n    at L2 (c:\\Users\\elias\\.vscode\\extensions\\uqbar.wollok-lsp-ide-0.5.5\\out\\server\\src\\server.js:2421:544)\n    at Jh (c:\\Users\\elias\\.vscode\\extensions\\uqbar.wollok-lsp-ide-0.5.5\\out\\server\\src\\server.js:2421:1092)\n    at w5n (c:\\Users\\elias\\.vscode\\extensions\\uqbar.wollok-lsp-ide-0.5.5\\out\\server\\src\\server.js:2421:1248)\n    at c:\\Users\\elias\\.vscode\\extensions\\uqbar.wollok-lsp-ide-0.5.5\\out\\server\\src\\server.js:38:6131\n    at L2 (c:\\Users\\elias\\.vscode\\extensions\\uqbar.wollok-lsp-ide-0.5.5\\out\\server\\src\\server.js:2421:42)\n    at c:\\Users\\elias\\.vscode\\extensions\\uqbar.wollok-lsp-ide-0.5.5\\out\\server\\src\\server.js:2421:2988\n    at c:\\Users\\elias\\.vscode\\extensions\\uqbar.wollok-lsp-ide-0.5.5\\out\\server\\src\\server.js:2430:8440","timestamp":"2026-09-05T14:27:05.063Z"}
{"level":"error","message":"✘ Completions for node Send ([52:16, 53:22] - clase59.wlk/bebidas.wlk) failed: Error: [Send]{3a0c39} at clase59.wlk/bebidas.wlk:52 exhausted all cases without a match [Send]{3a0c39} at clase59.wlk/bebidas.wlk:52 exhausted all cases without a match","stack":"Error: [Send]{3a0c39} at clase59.wlk/bebidas.wlk:52 exhausted all cases without a match\n    at c:\\Users\\elias\\.vscode\\extensions\\uqbar.wollok-lsp-ide-0.5.5\\out\\server\\src\\server.js:38:6142\n    at L2 (c:\\Users\\elias\\.vscode\\extensions\\uqbar.wollok-lsp-ide-0.5.5\\out\\server\\src\\server.js:2421:42)\n    at Jh (c:\\Users\\elias\\.vscode\\extensions\\uqbar.wollok-lsp-ide-0.5.5\\out\\server\\src\\server.js:2421:1092)\n    at L2 (c:\\Users\\elias\\.vscode\\extensions\\uqbar.wollok-lsp-ide-0.5.5\\out\\server\\src\\server.js:2421:544)\n    at Jh (c:\\Users\\elias\\.vscode\\extensions\\uqbar.wollok-lsp-ide-0.5.5\\out\\server\\src\\server.js:2421:1092)\n    at L2 (c:\\Users\\elias\\.vscode\\extensions\\uqbar.wollok-lsp-ide-0.5.5\\out\\server\\src\\server.js:2421:544)\n    at Jh (c:\\Users\\elias\\.vscode\\extensions\\uqbar.wollok-lsp-ide-0.5.5\\out\\server\\src\\server.js:2421:1092)\n    at w5n (c:\\Users\\elias\\.vscode\\extensions\\uqbar.wollok-lsp-ide-0.5.5\\out\\server\\src\\server.js:2421:1248)\n    at c:\\Users\\elias\\.vscode\\extensions\\uqbar.wollok-lsp-ide-0.5.5\\out\\server\\src\\server.js:38:6131\n    at L2 (c:\\Users\\elias\\.vscode\\extensions\\uqbar.wollok-lsp-ide-0.5.5\\out\\server\\src\\server.js:2421:42)","timestamp":"2026-09-05T14:27:05.063Z"}
{"level":"error","message":"✘ Completions for node Return ([52:9, 53:22] - clase59.wlk/bebidas.wlk) failed: Error: [Return]{cb68a9} at clase59.wlk/bebidas.wlk:52 exhausted all cases without a match [Return]{cb68a9} at clase59.wlk/bebidas.wlk:52 exhausted all cases without a match","stack":"Error: [Return]{cb68a9} at clase59.wlk/bebidas.wlk:52 exhausted all cases without a match\n    at c:\\Users\\elias\\.vscode\\extensions\\uqbar.wollok-lsp-ide-0.5.5\\out\\server\\src\\server.js:38:6142\n    at L2 (c:\\Users\\elias\\.vscode\\extensions\\uqbar.wollok-lsp-ide-0.5.5\\out\\server\\src\\server.js:2421:42)\n    at Jh (c:\\Users\\elias\\.vscode\\extensions\\uqbar.wollok-lsp-ide-0.5.5\\out\\server\\src\\server.js:2421:1092)\n    at L2 (c:\\Users\\elias\\.vscode\\extensions\\uqbar.wollok-lsp-ide-0.5.5\\out\\server\\src\\server.js:2421:544)\n    at Jh (c:\\Users\\elias\\.vscode\\extensions\\uqbar.wollok-lsp-ide-0.5.5\\out\\server\\src\\server.js:2421:1092)\n    at L2 (c:\\Users\\elias\\.vscode\\extensions\\uqbar.wollok-lsp-ide-0.5.5\\out\\server\\src\\server.js:2421:544)\n    at Jh (c:\\Users\\elias\\.vscode\\extensions\\uqbar.wollok-lsp-ide-0.5.5\\out\\server\\src\\server.js:2421:1092)\n    at L2 (c:\\Users\\elias\\.vscode\\extensions\\uqbar.wollok-lsp-ide-0.5.5\\out\\server\\src\\server.js:2421:544)\n    at Jh (c:\\Users\\elias\\.vscode\\extensions\\uqbar.wollok-lsp-ide-0.5.5\\out\\server\\src\\server.js:2421:1092)\n    at w5n (c:\\Users\\elias\\.vscode\\extensions\\uqbar.wollok-lsp-ide-0.5.5\\out\\server\\src\\server.js:2421:1248)","timestamp":"2026-09-05T14:27:05.063Z"}
{"level":"error","message":"✘ Failed to rebuild document Failed to parse clase59.wlk/bebidas.wlk: \n-- PARSING FAILED --------------------------------------------------\n\n  61 |     }\n  62 |     method cumplirAnios() {edad += 1}\n> 63 | }\n     | ^\n  64 | \n  65 | object whisky {\n\nExpected one of the following: \n\n'@', 'class', 'const', 'describe', 'mixin', 'object', 'only', 'package', 'program', 'test', 'var', '{', EOF, comment, not \"}\r\n\r\n\", whitespace\n","stack":"Error: Failed to parse clase59.wlk/bebidas.wlk: \n-- PARSING FAILED --------------------------------------------------\n\n  61 |     }\n  62 |     method cumplirAnios() {edad += 1}\n> 63 | }\n     | ^\n  64 | \n  65 | object whisky {\n\nExpected one of the following: \n\n'@', 'class', 'const', 'describe', 'mixin', 'object', 'only', 'package', 'program', 'test', 'var', '{', EOF, comment, not \"}\r\n\r\n\", whitespace\n\n    at c:\\Users\\elias\\.vscode\\extensions\\uqbar.wollok-lsp-ide-0.5.5\\out\\server\\src\\server.js:2385:13026\n    at Array.map (<anonymous>)\n    at z1n (c:\\Users\\elias\\.vscode\\extensions\\uqbar.wollok-lsp-ide-0.5.5\\out\\server\\src\\server.js:2385:12950)\n    at H2.buildEnvironmentFrom (c:\\Users\\elias\\.vscode\\extensions\\uqbar.wollok-lsp-ide-0.5.5\\out\\server\\src\\server.js:2430:5254)\n    at H2.updateEnvironmentWith (c:\\Users\\elias\\.vscode\\extensions\\uqbar.wollok-lsp-ide-0.5.5\\out\\server\\src\\server.js:2430:4989)\n    at QF (c:\\Users\\elias\\.vscode\\extensions\\uqbar.wollok-lsp-ide-0.5.5\\out\\server\\src\\server.js:2430:7383)\n    at V3.invoke (c:\\Users\\elias\\.vscode\\extensions\\uqbar.wollok-lsp-ide-0.5.5\\out\\server\\src\\server.js:3:157330)\n    at o.fire (c:\\Users\\elias\\.vscode\\extensions\\uqbar.wollok-lsp-ide-0.5.5\\out\\server\\src\\server.js:3:158100)\n    at c:\\Users\\elias\\.vscode\\extensions\\uqbar.wollok-lsp-ide-0.5.5\\out\\server\\src\\server.js:37:57871\n    at nd (c:\\Users\\elias\\.vscode\\extensions\\uqbar.wollok-lsp-ide-0.5.5\\out\\server\\src\\server.js:8:1561)","timestamp":"2026-09-05T14:27:05.124Z"}
{"level":"info","message":"⌛ Building environment","timeElapsed":160,"timestamp":"2026-09-05T14:27:05.903Z"}
{"level":"info","message":"⌛ Validating clase59.wlk/bebidas.wlk","timeElapsed":197,"timestamp":"2026-09-05T14:27:06.101Z"}
{"level":"info","message":"⌛ Building environment","timeElapsed":166,"timestamp":"2026-09-05T14:27:09.174Z"}
{"level":"info","message":"⌛ Validating clase59.wlk/bebidas.wlk","timeElapsed":167,"timestamp":"2026-09-05T14:27:09.342Z"}
{"level":"info","message":"⌛ Building environment","timeElapsed":164,"timestamp":"2026-09-05T14:28:20.044Z"}
{"level":"info","message":"⌛ Validating clase59.wlk/bebidas.wlk","timeElapsed":227,"timestamp":"2026-09-05T14:28:20.273Z"}
{"level":"info","message":"⌛ Building environment","timeElapsed":126,"timestamp":"2026-09-05T14:28:21.565Z"}
{"level":"info","message":"⌛ Validating clase59.wlk/bebidas.wlk","timeElapsed":350,"timestamp":"2026-09-05T14:28:21.918Z"}
{"level":"info","message":"⌛ Building environment","timeElapsed":125,"timestamp":"2026-09-05T14:28:22.068Z"}
{"level":"info","message":"⌛ Validating clase59.wlk/bebidas.wlk","timeElapsed":148,"timestamp":"2026-09-05T14:28:22.228Z"}
{"level":"info","message":"⌛ Building environment","timeElapsed":362,"timestamp":"2026-09-05T14:28:24.980Z"}
{"level":"info","message":"⌛ Building environment","timeElapsed":238,"timestamp":"2026-09-05T14:28:25.226Z"}
{"level":"info","message":"⌛ Validating clase59.wlk/bebidas.wlk","timeElapsed":432,"timestamp":"2026-09-05T14:28:25.661Z"}
{"level":"info","message":"⌛ Validating clase59.wlk/bebidas.wlk","timeElapsed":255,"timestamp":"2026-09-05T14:28:25.942Z"}
{"level":"info","message":"⌛ Building environment","timeElapsed":125,"timestamp":"2026-09-05T14:28:30.110Z"}
{"level":"info","message":"⌛ Validating clase59.wlk/bebidas.wlk","timeElapsed":297,"timestamp":"2026-09-05T14:28:30.421Z"}
{"level":"info","message":"⌛ Building environment","timeElapsed":434,"timestamp":"2026-09-05T14:28:30.859Z"}
{"level":"info","message":"⌛ Building environment","timeElapsed":225,"timestamp":"2026-09-05T14:28:31.157Z"}
{"level":"info","message":"⌛ Building environment","timeElapsed":126,"timestamp":"2026-09-05T14:28:31.313Z"}
{"level":"info","message":"⌛ Building environment","timeElapsed":117,"timestamp":"2026-09-05T14:28:31.483Z"}
{"level":"info","message":"⌛ Building environment","timeElapsed":116,"timestamp":"2026-09-05T14:28:31.621Z"}
{"level":"info","message":"⌛ Validating clase59.wlk/bebidas.wlk","timeElapsed":143,"timestamp":"2026-09-05T14:28:31.780Z"}
{"level":"info","message":"⌛ Building environment","timeElapsed":110,"timestamp":"2026-09-05T14:28:31.892Z"}
{"level":"info","message":"⌛ Validating clase59.wlk/bebidas.wlk","timeElapsed":194,"timestamp":"2026-09-05T14:28:32.097Z"}
{"level":"info","message":"⌛ Building environment","timeElapsed":203,"timestamp":"2026-09-05T14:28:32.317Z"}
{"level":"info","message":"⌛ Validating clase59.wlk/bebidas.wlk","timeElapsed":172,"timestamp":"2026-09-05T14:28:32.520Z"}
{"level":"info","message":"⌛ Validating clase59.wlk/bebidas.wlk","timeElapsed":240,"timestamp":"2026-09-05T14:28:32.769Z"}
{"level":"info","message":"⌛ Validating clase59.wlk/bebidas.wlk","timeElapsed":278,"timestamp":"2026-09-05T14:28:33.051Z"}
{"level":"info","message":"⌛ Validating clase59.wlk/bebidas.wlk","timeElapsed":244,"timestamp":"2026-09-05T14:28:33.298Z"}
{"level":"info","message":"⌛ Validating clase59.wlk/bebidas.wlk","timeElapsed":254,"timestamp":"2026-09-05T14:28:33.559Z"}
{"level":"info","message":"⌛ Building environment","timeElapsed":203,"timestamp":"2026-09-05T14:28:33.787Z"}
{"level":"info","message":"⌛ Validating clase59.wlk/bebidas.wlk","timeElapsed":157,"timestamp":"2026-09-05T14:28:33.991Z"}
{"level":"info","message":"⌛ Building environment","timeElapsed":215,"timestamp":"2026-09-05T14:29:08.914Z"}
{"level":"info","message":"⌛ Validating clase59.wlk/bebidas.wlk","timeElapsed":331,"timestamp":"2026-09-05T14:29:09.249Z"}
{"level":"info","message":"⌛ Building environment","timeElapsed":200,"timestamp":"2026-09-05T14:29:09.452Z"}
{"level":"info","message":"⌛ Building environment","timeElapsed":157,"timestamp":"2026-09-05T14:29:09.610Z"}
{"level":"info","message":"⌛ Validating clase59.wlk/bebidas.wlk","timeElapsed":266,"timestamp":"2026-09-05T14:29:09.876Z"}
{"level":"info","message":"⌛ Validating clase59.wlk/bebidas.wlk","timeElapsed":242,"timestamp":"2026-09-05T14:29:10.139Z"}
{"level":"info","message":"⌛ Building environment","timeElapsed":157,"timestamp":"2026-09-05T14:29:10.299Z"}
{"level":"info","message":"⌛ Validating clase59.wlk/bebidas.wlk","timeElapsed":244,"timestamp":"2026-09-05T14:29:10.581Z"}
{"errors":{"errors":[null,["/*\r","Agregado al readme:\r","cianuro: el rendimiento sera cero si el peso del deportista es 70 o menos, si es mas\r","que 70 entoces el rendimiento es el 1% de la dosis consumida.\r","agregar a pepe, otro voluntario, que pesa inicialmente 80, \r","tiene 30 años, pepe debe\r","poder cumplir anios y se diferencia de tito en que puede calcular su \r","velocidad si tiene mas de 30 entonces resta 10 de velocidad\r"]]},"level":"error","message":"✘ Failed to get type description: Error: {\n  \"errors\": [\n    null,\n    [\n      \"/*\\r\",\n      \"Agregado al readme:\\r\",\n      \"cianuro: el rendimiento sera cero si el peso del deportista es 70 o menos, si es mas\\r\",\n      \"que 70 entoces el rendimiento es el 1% de la dosis consumida.\\r\",\n      \"agregar a pepe, otro voluntario, que pesa inicialmente 80, \\r\",\n      \"tiene 30 años, pepe debe\\r\",\n      \"poder cumplir anios y se diferencia de tito en que puede calcular su \\r\",\n      \"velocidad si tiene mas de 30 entonces resta 10 de velocidad\\r\"\n    ]\n  ]\n} {\n  \"errors\": [\n    null,\n    [\n      \"/*\\r\",\n      \"Agregado al readme:\\r\",\n      \"cianuro: el rendimiento sera cero si el peso del deportista es 70 o menos, si es mas\\r\",\n      \"que 70 entoces el rendimiento es el 1% de la dosis consumida.\\r\",\n      \"agregar a pepe, otro voluntario, que pesa inicialmente 80, \\r\",\n      \"tiene 30 años, pepe debe\\r\",\n      \"poder cumplir anios y se diferencia de tito en que puede calcular su \\r\",\n      \"velocidad si tiene mas de 30 entonces resta 10 de velocidad\\r\"\n    ]\n  ]\n}","stack":"Error: {\n  \"errors\": [\n    null,\n    [\n      \"/*\\r\",\n      \"Agregado al readme:\\r\",\n      \"cianuro: el rendimiento sera cero si el peso del deportista es 70 o menos, si es mas\\r\",\n      \"que 70 entoces el rendimiento es el 1% de la dosis consumida.\\r\",\n      \"agregar a pepe, otro voluntario, que pesa inicialmente 80, \\r\",\n      \"tiene 30 años, pepe debe\\r\",\n      \"poder cumplir anios y se diferencia de tito en que puede calcular su \\r\",\n      \"velocidad si tiene mas de 30 entonces resta 10 de velocidad\\r\"\n    ]\n  ]\n}\n    at lS (c:\\Users\\elias\\.vscode\\extensions\\uqbar.wollok-lsp-ide-0.5.5\\out\\server\\src\\server.js:64:34609)\n    at Q1 (c:\\Users\\elias\\.vscode\\extensions\\uqbar.wollok-lsp-ide-0.5.5\\out\\server\\src\\server.js:64:34682)\n    at c:\\Users\\elias\\.vscode\\extensions\\uqbar.wollok-lsp-ide-0.5.5\\out\\server\\src\\server.js:64:37949\n    at o.y1 (c:\\Users\\elias\\.vscode\\extensions\\uqbar.wollok-lsp-ide-0.5.5\\out\\server\\src\\server.js:57:59136)\n    at c:\\Users\\elias\\.vscode\\extensions\\uqbar.wollok-lsp-ide-0.5.5\\out\\server\\src\\server.js:64:37918\n    at c:\\Users\\elias\\.vscode\\extensions\\uqbar.wollok-lsp-ide-0.5.5\\out\\server\\src\\server.js:57:57176\n    at Dfn (c:\\Users\\elias\\.vscode\\extensions\\uqbar.wollok-lsp-ide-0.5.5\\out\\server\\src\\server.js:68:11324)\n    at c:\\Users\\elias\\.vscode\\extensions\\uqbar.wollok-lsp-ide-0.5.5\\out\\server\\src\\server.js:68:3629\n    at Array.map (<anonymous>)\n    at c:\\Users\\elias\\.vscode\\extensions\\uqbar.wollok-lsp-ide-0.5.5\\out\\server\\src\\server.js:68:4693","timestamp":"2026-09-05T14:29:36.917Z"}
{"errors":{"errors":[null,["/*\r","Agregado al readme:\r","cianuro: el rendimiento sera cero si el peso del deportista es 70 o menos, si es mas\r","que 70 entoces el rendimiento es el 1% de la dosis consumida.\r","agregar a pepe, otro voluntario, que pesa inicialmente 80, \r","tiene 30 años, pepe debe\r","poder cumplir anios y se diferencia de tito en que puede calcular su \r","velocidad si tiene mas de 30 entonces resta 10 de velocidad\r"]]},"level":"error","message":"✘ Failed to get type description: Error: {\n  \"errors\": [\n    null,\n    [\n      \"/*\\r\",\n      \"Agregado al readme:\\r\",\n      \"cianuro: el rendimiento sera cero si el peso del deportista es 70 o menos, si es mas\\r\",\n      \"que 70 entoces el rendimiento es el 1% de la dosis consumida.\\r\",\n      \"agregar a pepe, otro voluntario, que pesa inicialmente 80, \\r\",\n      \"tiene 30 años, pepe debe\\r\",\n      \"poder cumplir anios y se diferencia de tito en que puede calcular su \\r\",\n      \"velocidad si tiene mas de 30 entonces resta 10 de velocidad\\r\"\n    ]\n  ]\n} {\n  \"errors\": [\n    null,\n    [\n      \"/*\\r\",\n      \"Agregado al readme:\\r\",\n      \"cianuro: el rendimiento sera cero si el peso del deportista es 70 o menos, si es mas\\r\",\n      \"que 70 entoces el rendimiento es el 1% de la dosis consumida.\\r\",\n      \"agregar a pepe, otro voluntario, que pesa inicialmente 80, \\r\",\n      \"tiene 30 años, pepe debe\\r\",\n      \"poder cumplir anios y se diferencia de tito en que puede calcular su \\r\",\n      \"velocidad si tiene mas de 30 entonces resta 10 de velocidad\\r\"\n    ]\n  ]\n}","stack":"Error: {\n  \"errors\": [\n    null,\n    [\n      \"/*\\r\",\n      \"Agregado al readme:\\r\",\n      \"cianuro: el rendimiento sera cero si el peso del deportista es 70 o menos, si es mas\\r\",\n      \"que 70 entoces el rendimiento es el 1% de la dosis consumida.\\r\",\n      \"agregar a pepe, otro voluntario, que pesa inicialmente 80, \\r\",\n      \"tiene 30 años, pepe debe\\r\",\n      \"poder cumplir anios y se diferencia de tito en que puede calcular su \\r\",\n      \"velocidad si tiene mas de 30 entonces resta 10 de velocidad\\r\"\n    ]\n  ]\n}\n    at lS (c:\\Users\\elias\\.vscode\\extensions\\uqbar.wollok-lsp-ide-0.5.5\\out\\server\\src\\server.js:64:34609)\n    at Q1 (c:\\Users\\elias\\.vscode\\extensions\\uqbar.wollok-lsp-ide-0.5.5\\out\\server\\src\\server.js:64:34682)\n    at c:\\Users\\elias\\.vscode\\extensions\\uqbar.wollok-lsp-ide-0.5.5\\out\\server\\src\\server.js:64:37949\n    at o.y1 (c:\\Users\\elias\\.vscode\\extensions\\uqbar.wollok-lsp-ide-0.5.5\\out\\server\\src\\server.js:57:59136)\n    at c:\\Users\\elias\\.vscode\\extensions\\uqbar.wollok-lsp-ide-0.5.5\\out\\server\\src\\server.js:64:37918\n    at c:\\Users\\elias\\.vscode\\extensions\\uqbar.wollok-lsp-ide-0.5.5\\out\\server\\src\\server.js:57:57176\n    at Dfn (c:\\Users\\elias\\.vscode\\extensions\\uqbar.wollok-lsp-ide-0.5.5\\out\\server\\src\\server.js:68:11324)\n    at c:\\Users\\elias\\.vscode\\extensions\\uqbar.wollok-lsp-ide-0.5.5\\out\\server\\src\\server.js:68:3629\n    at Array.map (<anonymous>)\n    at c:\\Users\\elias\\.vscode\\extensions\\uqbar.wollok-lsp-ide-0.5.5\\out\\server\\src\\server.js:68:4693","timestamp":"2026-09-05T14:29:37.531Z"}
{"errors":{"errors":[null,["/*\r","Agregado al readme:\r","cianuro: el rendimiento sera cero si el peso del deportista es 70 o menos, si es mas\r","que 70 entoces el rendimiento es el 1% de la dosis consumida.\r","agregar a pepe, otro voluntario, que pesa inicialmente 80, \r","tiene 30 años, pepe debe\r","poder cumplir anios y se diferencia de tito en que puede calcular su \r","velocidad si tiene mas de 30 entonces resta 10 de velocidad\r"]]},"level":"error","message":"✘ Failed to get type description: Error: {\n  \"errors\": [\n    null,\n    [\n      \"/*\\r\",\n      \"Agregado al readme:\\r\",\n      \"cianuro: el rendimiento sera cero si el peso del deportista es 70 o menos, si es mas\\r\",\n      \"que 70 entoces el rendimiento es el 1% de la dosis consumida.\\r\",\n      \"agregar a pepe, otro voluntario, que pesa inicialmente 80, \\r\",\n      \"tiene 30 años, pepe debe\\r\",\n      \"poder cumplir anios y se diferencia de tito en que puede calcular su \\r\",\n      \"velocidad si tiene mas de 30 entonces resta 10 de velocidad\\r\"\n    ]\n  ]\n} {\n  \"errors\": [\n    null,\n    [\n      \"/*\\r\",\n      \"Agregado al readme:\\r\",\n      \"cianuro: el rendimiento sera cero si el peso del deportista es 70 o menos, si es mas\\r\",\n      \"que 70 entoces el rendimiento es el 1% de la dosis consumida.\\r\",\n      \"agregar a pepe, otro voluntario, que pesa inicialmente 80, \\r\",\n      \"tiene 30 años, pepe debe\\r\",\n      \"poder cumplir anios y se diferencia de tito en que puede calcular su \\r\",\n      \"velocidad si tiene mas de 30 entonces resta 10 de velocidad\\r\"\n    ]\n  ]\n}","stack":"Error: {\n  \"errors\": [\n    null,\n    [\n      \"/*\\r\",\n      \"Agregado al readme:\\r\",\n      \"cianuro: el rendimiento sera cero si el peso del deportista es 70 o menos, si es mas\\r\",\n      \"que 70 entoces el rendimiento es el 1% de la dosis consumida.\\r\",\n      \"agregar a pepe, otro voluntario, que pesa inicialmente 80, \\r\",\n      \"tiene 30 años, pepe debe\\r\",\n      \"poder cumplir anios y se diferencia de tito en que puede calcular su \\r\",\n      \"velocidad si tiene mas de 30 entonces resta 10 de velocidad\\r\"\n    ]\n  ]\n}\n    at lS (c:\\Users\\elias\\.vscode\\extensions\\uqbar.wollok-lsp-ide-0.5.5\\out\\server\\src\\server.js:64:34609)\n    at Q1 (c:\\Users\\elias\\.vscode\\extensions\\uqbar.wollok-lsp-ide-0.5.5\\out\\server\\src\\server.js:64:34682)\n    at c:\\Users\\elias\\.vscode\\extensions\\uqbar.wollok-lsp-ide-0.5.5\\out\\server\\src\\server.js:64:37949\n    at o.y1 (c:\\Users\\elias\\.vscode\\extensions\\uqbar.wollok-lsp-ide-0.5.5\\out\\server\\src\\server.js:57:59136)\n    at c:\\Users\\elias\\.vscode\\extensions\\uqbar.wollok-lsp-ide-0.5.5\\out\\server\\src\\server.js:64:37918\n    at c:\\Users\\elias\\.vscode\\extensions\\uqbar.wollok-lsp-ide-0.5.5\\out\\server\\src\\server.js:57:57176\n    at Dfn (c:\\Users\\elias\\.vscode\\extensions\\uqbar.wollok-lsp-ide-0.5.5\\out\\server\\src\\server.js:68:11324)\n    at c:\\Users\\elias\\.vscode\\extensions\\uqbar.wollok-lsp-ide-0.5.5\\out\\server\\src\\server.js:68:3629\n    at Array.map (<anonymous>)\n    at c:\\Users\\elias\\.vscode\\extensions\\uqbar.wollok-lsp-ide-0.5.5\\out\\server\\src\\server.js:68:4693","timestamp":"2026-09-05T14:29:38.052Z"}
{"errors":{"errors":[null,["/*\r","Agregado al readme:\r","cianuro: el rendimiento sera cero si el peso del deportista es 70 o menos, si es mas\r","que 70 entoces el rendimiento es el 1% de la dosis consumida.\r","agregar a pepe, otro voluntario, que pesa inicialmente 80, \r","tiene 30 años, pepe debe\r","poder cumplir anios y se diferencia de tito en que puede calcular su \r","velocidad si tiene mas de 30 entonces resta 10 de velocidad\r"]]},"level":"error","message":"✘ Failed to get type description: Error: {\n  \"errors\": [\n    null,\n    [\n      \"/*\\r\",\n      \"Agregado al readme:\\r\",\n      \"cianuro: el rendimiento sera cero si el peso del deportista es 70 o menos, si es mas\\r\",\n      \"que 70 entoces el rendimiento es el 1% de la dosis consumida.\\r\",\n      \"agregar a pepe, otro voluntario, que pesa inicialmente 80, \\r\",\n      \"tiene 30 años, pepe debe\\r\",\n      \"poder cumplir anios y se diferencia de tito en que puede calcular su \\r\",\n      \"velocidad si tiene mas de 30 entonces resta 10 de velocidad\\r\"\n    ]\n  ]\n} {\n  \"errors\": [\n    null,\n    [\n      \"/*\\r\",\n      \"Agregado al readme:\\r\",\n      \"cianuro: el rendimiento sera cero si el peso del deportista es 70 o menos, si es mas\\r\",\n      \"que 70 entoces el rendimiento es el 1% de la dosis consumida.\\r\",\n      \"agregar a pepe, otro voluntario, que pesa inicialmente 80, \\r\",\n      \"tiene 30 años, pepe debe\\r\",\n      \"poder cumplir anios y se diferencia de tito en que puede calcular su \\r\",\n      \"velocidad si tiene mas de 30 entonces resta 10 de velocidad\\r\"\n    ]\n  ]\n}","stack":"Error: {\n  \"errors\": [\n    null,\n    [\n      \"/*\\r\",\n      \"Agregado al readme:\\r\",\n      \"cianuro: el rendimiento sera cero si el peso del deportista es 70 o menos, si es mas\\r\",\n      \"que 70 entoces el rendimiento es el 1% de la dosis consumida.\\r\",\n      \"agregar a pepe, otro voluntario, que pesa inicialmente 80, \\r\",\n      \"tiene 30 años, pepe debe\\r\",\n      \"poder cumplir anios y se diferencia de tito en que puede calcular su \\r\",\n      \"velocidad si tiene mas de 30 entonces resta 10 de velocidad\\r\"\n    ]\n  ]\n}\n    at lS (c:\\Users\\elias\\.vscode\\extensions\\uqbar.wollok-lsp-ide-0.5.5\\out\\server\\src\\server.js:64:34609)\n    at Q1 (c:\\Users\\elias\\.vscode\\extensions\\uqbar.wollok-lsp-ide-0.5.5\\out\\server\\src\\server.js:64:34682)\n    at c:\\Users\\elias\\.vscode\\extensions\\uqbar.wollok-lsp-ide-0.5.5\\out\\server\\src\\server.js:64:37949\n    at o.y1 (c:\\Users\\elias\\.vscode\\extensions\\uqbar.wollok-lsp-ide-0.5.5\\out\\server\\src\\server.js:57:59136)\n    at c:\\Users\\elias\\.vscode\\extensions\\uqbar.wollok-lsp-ide-0.5.5\\out\\server\\src\\server.js:64:37918\n    at c:\\Users\\elias\\.vscode\\extensions\\uqbar.wollok-lsp-ide-0.5.5\\out\\server\\src\\server.js:57:57176\n    at Dfn (c:\\Users\\elias\\.vscode\\extensions\\uqbar.wollok-lsp-ide-0.5.5\\out\\server\\src\\server.js:68:11324)\n    at c:\\Users\\elias\\.vscode\\extensions\\uqbar.wollok-lsp-ide-0.5.5\\out\\server\\src\\server.js:68:3629\n    at Array.map (<anonymous>)\n    at c:\\Users\\elias\\.vscode\\extensions\\uqbar.wollok-lsp-ide-0.5.5\\out\\server\\src\\server.js:68:4693","timestamp":"2026-09-05T14:29:38.587Z"}
{"errors":{"errors":[null,["/*\r","Agregado al readme:\r","cianuro: el rendimiento sera cero si el peso del deportista es 70 o menos, si es mas\r","que 70 entoces el rendimiento es el 1% de la dosis consumida.\r","agregar a pepe, otro voluntario, que pesa inicialmente 80, \r","tiene 30 años, pepe debe\r","poder cumplir anios y se diferencia de tito en que puede calcular su \r","velocidad si tiene mas de 30 entonces resta 10 de velocidad\r"]]},"level":"error","message":"✘ Failed to get type description: Error: {\n  \"errors\": [\n    null,\n    [\n      \"/*\\r\",\n      \"Agregado al readme:\\r\",\n      \"cianuro: el rendimiento sera cero si el peso del deportista es 70 o menos, si es mas\\r\",\n      \"que 70 entoces el rendimiento es el 1% de la dosis consumida.\\r\",\n      \"agregar a pepe, otro voluntario, que pesa inicialmente 80, \\r\",\n      \"tiene 30 años, pepe debe\\r\",\n      \"poder cumplir anios y se diferencia de tito en que puede calcular su \\r\",\n      \"velocidad si tiene mas de 30 entonces resta 10 de velocidad\\r\"\n    ]\n  ]\n} {\n  \"errors\": [\n    null,\n    [\n      \"/*\\r\",\n      \"Agregado al readme:\\r\",\n      \"cianuro: el rendimiento sera cero si el peso del deportista es 70 o menos, si es mas\\r\",\n      \"que 70 entoces el rendimiento es el 1% de la dosis consumida.\\r\",\n      \"agregar a pepe, otro voluntario, que pesa inicialmente 80, \\r\",\n      \"tiene 30 años, pepe debe\\r\",\n      \"poder cumplir anios y se diferencia de tito en que puede calcular su \\r\",\n      \"velocidad si tiene mas de 30 entonces resta 10 de velocidad\\r\"\n    ]\n  ]\n}","stack":"Error: {\n  \"errors\": [\n    null,\n    [\n      \"/*\\r\",\n      \"Agregado al readme:\\r\",\n      \"cianuro: el rendimiento sera cero si el peso del deportista es 70 o menos, si es mas\\r\",\n      \"que 70 entoces el rendimiento es el 1% de la dosis consumida.\\r\",\n      \"agregar a pepe, otro voluntario, que pesa inicialmente 80, \\r\",\n      \"tiene 30 años, pepe debe\\r\",\n      \"poder cumplir anios y se diferencia de tito en que puede calcular su \\r\",\n      \"velocidad si tiene mas de 30 entonces resta 10 de velocidad\\r\"\n    ]\n  ]\n}\n    at lS (c:\\Users\\elias\\.vscode\\extensions\\uqbar.wollok-lsp-ide-0.5.5\\out\\server\\src\\server.js:64:34609)\n    at Q1 (c:\\Users\\elias\\.vscode\\extensions\\uqbar.wollok-lsp-ide-0.5.5\\out\\server\\src\\server.js:64:34682)\n    at c:\\Users\\elias\\.vscode\\extensions\\uqbar.wollok-lsp-ide-0.5.5\\out\\server\\src\\server.js:64:37949\n    at o.y1 (c:\\Users\\elias\\.vscode\\extensions\\uqbar.wollok-lsp-ide-0.5.5\\out\\server\\src\\server.js:57:59136)\n    at c:\\Users\\elias\\.vscode\\extensions\\uqbar.wollok-lsp-ide-0.5.5\\out\\server\\src\\server.js:64:37918\n    at c:\\Users\\elias\\.vscode\\extensions\\uqbar.wollok-lsp-ide-0.5.5\\out\\server\\src\\server.js:57:57176\n    at Dfn (c:\\Users\\elias\\.vscode\\extensions\\uqbar.wollok-lsp-ide-0.5.5\\out\\server\\src\\server.js:68:11324)\n    at c:\\Users\\elias\\.vscode\\extensions\\uqbar.wollok-lsp-ide-0.5.5\\out\\server\\src\\server.js:68:3629\n    at Array.map (<anonymous>)\n    at c:\\Users\\elias\\.vscode\\extensions\\uqbar.wollok-lsp-ide-0.5.5\\out\\server\\src\\server.js:68:4693","timestamp":"2026-09-05T14:29:40.016Z"}
{"errors":{"errors":[null,["/*\r","Agregado al readme:\r","cianuro: el rendimiento sera cero si el peso del deportista es 70 o menos, si es mas\r","que 70 entoces el rendimiento es el 1% de la dosis consumida.\r","agregar a pepe, otro voluntario, que pesa inicialmente 80, \r","tiene 30 años, pepe debe\r","poder cumplir anios y se diferencia de tito en que puede calcular su \r","velocidad si tiene mas de 30 entonces resta 10 de velocidad\r"]]},"level":"error","message":"✘ Failed to get type description: Error: {\n  \"errors\": [\n    null,\n    [\n      \"/*\\r\",\n      \"Agregado al readme:\\r\",\n      \"cianuro: el rendimiento sera cero si el peso del deportista es 70 o menos, si es mas\\r\",\n      \"que 70 entoces el rendimiento es el 1% de la dosis consumida.\\r\",\n      \"agregar a pepe, otro voluntario, que pesa inicialmente 80, \\r\",\n      \"tiene 30 años, pepe debe\\r\",\n      \"poder cumplir anios y se diferencia de tito en que puede calcular su \\r\",\n      \"velocidad si tiene mas de 30 entonces resta 10 de velocidad\\r\"\n    ]\n  ]\n} {\n  \"errors\": [\n    null,\n    [\n      \"/*\\r\",\n      \"Agregado al readme:\\r\",\n      \"cianuro: el rendimiento sera cero si el peso del deportista es 70 o menos, si es mas\\r\",\n      \"que 70 entoces el rendimiento es el 1% de la dosis consumida.\\r\",\n      \"agregar a pepe, otro voluntario, que pesa inicialmente 80, \\r\",\n      \"tiene 30 años, pepe debe\\r\",\n      \"poder cumplir anios y se diferencia de tito en que puede calcular su \\r\",\n      \"velocidad si tiene mas de 30 entonces resta 10 de velocidad\\r\"\n    ]\n  ]\n}","stack":"Error: {\n  \"errors\": [\n    null,\n    [\n      \"/*\\r\",\n      \"Agregado al readme:\\r\",\n      \"cianuro: el rendimiento sera cero si el peso del deportista es 70 o menos, si es mas\\r\",\n      \"que 70 entoces el rendimiento es el 1% de la dosis consumida.\\r\",\n      \"agregar a pepe, otro voluntario, que pesa inicialmente 80, \\r\",\n      \"tiene 30 años, pepe debe\\r\",\n      \"poder cumplir anios y se diferencia de tito en que puede calcular su \\r\",\n      \"velocidad si tiene mas de 30 entonces resta 10 de velocidad\\r\"\n    ]\n  ]\n}\n    at lS (c:\\Users\\elias\\.vscode\\extensions\\uqbar.wollok-lsp-ide-0.5.5\\out\\server\\src\\server.js:64:34609)\n    at Q1 (c:\\Users\\elias\\.vscode\\extensions\\uqbar.wollok-lsp-ide-0.5.5\\out\\server\\src\\server.js:64:34682)\n    at c:\\Users\\elias\\.vscode\\extensions\\uqbar.wollok-lsp-ide-0.5.5\\out\\server\\src\\server.js:64:37949\n    at o.y1 (c:\\Users\\elias\\.vscode\\extensions\\uqbar.wollok-lsp-ide-0.5.5\\out\\server\\src\\server.js:57:59136)\n    at c:\\Users\\elias\\.vscode\\extensions\\uqbar.wollok-lsp-ide-0.5.5\\out\\server\\src\\server.js:64:37918\n    at c:\\Users\\elias\\.vscode\\extensions\\uqbar.wollok-lsp-ide-0.5.5\\out\\server\\src\\server.js:57:57176\n    at Dfn (c:\\Users\\elias\\.vscode\\extensions\\uqbar.wollok-lsp-ide-0.5.5\\out\\server\\src\\server.js:68:11324)\n    at c:\\Users\\elias\\.vscode\\extensions\\uqbar.wollok-lsp-ide-0.5.5\\out\\server\\src\\server.js:68:3629\n    at Array.map (<anonymous>)\n    at c:\\Users\\elias\\.vscode\\extensions\\uqbar.wollok-lsp-ide-0.5.5\\out\\server\\src\\server.js:68:4693","timestamp":"2026-09-05T14:29:40.701Z"}
{"level":"error","message":"✘ Failed to rebuild document Failed to parse clase59.wlk/bebidas.wlk: \n-- PARSING FAILED --------------------------------------------------\n\n  80 |         else 0 \n  81 |   }\n> 82 | }\n     | ^\n  83 | \n  84 | \n\nExpected one of the following: \n\n' ', '@', 'class', 'const', 'describe', 'mixin', 'object', 'only', 'package', 'program', 'test', 'var', '{', EOF, comment, not \"}\r\n\r\n\r\n\", whitespace\n","stack":"Error: Failed to parse clase59.wlk/bebidas.wlk: \n-- PARSING FAILED --------------------------------------------------\n\n  80 |         else 0 \n  81 |   }\n> 82 | }\n     | ^\n  83 | \n  84 | \n\nExpected one of the following: \n\n' ', '@', 'class', 'const', 'describe', 'mixin', 'object', 'only', 'package', 'program', 'test', 'var', '{', EOF, comment, not \"}\r\n\r\n\r\n\", whitespace\n\n    at c:\\Users\\elias\\.vscode\\extensions\\uqbar.wollok-lsp-ide-0.5.5\\out\\server\\src\\server.js:2385:13026\n    at Array.map (<anonymous>)\n    at z1n (c:\\Users\\elias\\.vscode\\extensions\\uqbar.wollok-lsp-ide-0.5.5\\out\\server\\src\\server.js:2385:12950)\n    at H2.buildEnvironmentFrom (c:\\Users\\elias\\.vscode\\extensions\\uqbar.wollok-lsp-ide-0.5.5\\out\\server\\src\\server.js:2430:5254)\n    at H2.updateEnvironmentWith (c:\\Users\\elias\\.vscode\\extensions\\uqbar.wollok-lsp-ide-0.5.5\\out\\server\\src\\server.js:2430:4989)\n    at QF (c:\\Users\\elias\\.vscode\\extensions\\uqbar.wollok-lsp-ide-0.5.5\\out\\server\\src\\server.js:2430:7383)\n    at V3.invoke (c:\\Users\\elias\\.vscode\\extensions\\uqbar.wollok-lsp-ide-0.5.5\\out\\server\\src\\server.js:3:157330)\n    at o.fire (c:\\Users\\elias\\.vscode\\extensions\\uqbar.wollok-lsp-ide-0.5.5\\out\\server\\src\\server.js:3:158100)\n    at c:\\Users\\elias\\.vscode\\extensions\\uqbar.wollok-lsp-ide-0.5.5\\out\\server\\src\\server.js:37:57871\n    at nd (c:\\Users\\elias\\.vscode\\extensions\\uqbar.wollok-lsp-ide-0.5.5\\out\\server\\src\\server.js:8:1561)","timestamp":"2026-09-05T14:31:28.790Z"}
{"level":"error","message":"✘ Failed to rebuild document Failed to parse clase59.wlk/bebidas.wlk: \n-- PARSING FAILED --------------------------------------------------\n\n  80 |         else 0 \n  81 |   }\n> 82 | }\n     | ^\n  83 | \n  84 | \n\nExpected one of the following: \n\n' ', '@', 'class', 'const', 'describe', 'mixin', 'object', 'only', 'package', 'program', 'test', 'var', '{', EOF, comment, not \"}\r\n\r\n\r\n\", whitespace\n","stack":"Error: Failed to parse clase59.wlk/bebidas.wlk: \n-- PARSING FAILED --------------------------------------------------\n\n  80 |         else 0 \n  81 |   }\n> 82 | }\n     | ^\n  83 | \n  84 | \n\nExpected one of the following: \n\n' ', '@', 'class', 'const', 'describe', 'mixin', 'object', 'only', 'package', 'program', 'test', 'var', '{', EOF, comment, not \"}\r\n\r\n\r\n\", whitespace\n\n    at c:\\Users\\elias\\.vscode\\extensions\\uqbar.wollok-lsp-ide-0.5.5\\out\\server\\src\\server.js:2385:13026\n    at Array.map (<anonymous>)\n    at z1n (c:\\Users\\elias\\.vscode\\extensions\\uqbar.wollok-lsp-ide-0.5.5\\out\\server\\src\\server.js:2385:12950)\n    at H2.buildEnvironmentFrom (c:\\Users\\elias\\.vscode\\extensions\\uqbar.wollok-lsp-ide-0.5.5\\out\\server\\src\\server.js:2430:5254)\n    at H2.updateEnvironmentWith (c:\\Users\\elias\\.vscode\\extensions\\uqbar.wollok-lsp-ide-0.5.5\\out\\server\\src\\server.js:2430:4989)\n    at QF (c:\\Users\\elias\\.vscode\\extensions\\uqbar.wollok-lsp-ide-0.5.5\\out\\server\\src\\server.js:2430:7383)\n    at V3.invoke (c:\\Users\\elias\\.vscode\\extensions\\uqbar.wollok-lsp-ide-0.5.5\\out\\server\\src\\server.js:3:157330)\n    at o.fire (c:\\Users\\elias\\.vscode\\extensions\\uqbar.wollok-lsp-ide-0.5.5\\out\\server\\src\\server.js:3:158100)\n    at c:\\Users\\elias\\.vscode\\extensions\\uqbar.wollok-lsp-ide-0.5.5\\out\\server\\src\\server.js:37:57871\n    at nd (c:\\Users\\elias\\.vscode\\extensions\\uqbar.wollok-lsp-ide-0.5.5\\out\\server\\src\\server.js:8:1561)","timestamp":"2026-09-05T14:31:29.374Z"}
{"level":"info","message":"⌛ Building environment","timeElapsed":201,"timestamp":"2026-09-05T14:31:29.889Z"}
{"level":"error","message":"✘ Completions for node Parameter ([77:56, 77:57] - clase59.wlk/bebidas.wlk) failed: Error: [Parameter]{7b946e} at clase59.wlk/bebidas.wlk:77 exhausted all cases without a match [Parameter]{7b946e} at clase59.wlk/bebidas.wlk:77 exhausted all cases without a match","stack":"Error: [Parameter]{7b946e} at clase59.wlk/bebidas.wlk:77 exhausted all cases without a match\n    at c:\\Users\\elias\\.vscode\\extensions\\uqbar.wollok-lsp-ide-0.5.5\\out\\server\\src\\server.js:38:6142\n    at L2 (c:\\Users\\elias\\.vscode\\extensions\\uqbar.wollok-lsp-ide-0.5.5\\out\\server\\src\\server.js:2421:42)\n    at c:\\Users\\elias\\.vscode\\extensions\\uqbar.wollok-lsp-ide-0.5.5\\out\\server\\src\\server.js:2421:2988\n    at c:\\Users\\elias\\.vscode\\extensions\\uqbar.wollok-lsp-ide-0.5.5\\out\\server\\src\\server.js:2430:8440\n    at c:\\Users\\elias\\.vscode\\extensions\\uqbar.wollok-lsp-ide-0.5.5\\out\\server\\src\\server.js:37:74872\n    at Ke (c:\\Users\\elias\\.vscode\\extensions\\uqbar.wollok-lsp-ide-0.5.5\\out\\server\\src\\server.js:7:8527)\n    at It (c:\\Users\\elias\\.vscode\\extensions\\uqbar.wollok-lsp-ide-0.5.5\\out\\server\\src\\server.js:7:6189)\n    at et (c:\\Users\\elias\\.vscode\\extensions\\uqbar.wollok-lsp-ide-0.5.5\\out\\server\\src\\server.js:7:6378)\n    at Immediate._onImmediate (c:\\Users\\elias\\.vscode\\extensions\\uqbar.wollok-lsp-ide-0.5.5\\out\\server\\src\\server.js:7:6142)\n    at process.processImmediate (node:internal/timers:485:21)","timestamp":"2026-09-05T14:31:30.180Z"}
{"level":"info","message":"⌛ Autocomplete - Parameter","timeElapsed":289,"timestamp":"2026-09-05T14:31:30.184Z"}
{"level":"info","message":"⌛ Building environment","timeElapsed":302,"timestamp":"2026-09-05T14:31:30.577Z"}
{"level":"info","message":"⌛ Validating clase59.wlk/bebidas.wlk","timeElapsed":265,"timestamp":"2026-09-05T14:31:30.844Z"}
{"level":"info","message":"⌛ Building environment","timeElapsed":216,"timestamp":"2026-09-05T14:31:31.062Z"}
{"level":"info","message":"⌛ Building environment","timeElapsed":204,"timestamp":"2026-09-05T14:31:31.293Z"}
{"level":"error","message":"✘ Completions for node Parameter ([77:56, 77:60] - clase59.wlk/bebidas.wlk) failed: Error: [Parameter]{66984b} at clase59.wlk/bebidas.wlk:77 exhausted all cases without a match [Parameter]{66984b} at clase59.wlk/bebidas.wlk:77 exhausted all cases without a match","stack":"Error: [Parameter]{66984b} at clase59.wlk/bebidas.wlk:77 exhausted all cases without a match\n    at c:\\Users\\elias\\.vscode\\extensions\\uqbar.wollok-lsp-ide-0.5.5\\out\\server\\src\\server.js:38:6142\n    at L2 (c:\\Users\\elias\\.vscode\\extensions\\uqbar.wollok-lsp-ide-0.5.5\\out\\server\\src\\server.js:2421:42)\n    at c:\\Users\\elias\\.vscode\\extensions\\uqbar.wollok-lsp-ide-0.5.5\\out\\server\\src\\server.js:2421:2988\n    at c:\\Users\\elias\\.vscode\\extensions\\uqbar.wollok-lsp-ide-0.5.5\\out\\server\\src\\server.js:2430:8440\n    at c:\\Users\\elias\\.vscode\\extensions\\uqbar.wollok-lsp-ide-0.5.5\\out\\server\\src\\server.js:37:74872\n    at Ke (c:\\Users\\elias\\.vscode\\extensions\\uqbar.wollok-lsp-ide-0.5.5\\out\\server\\src\\server.js:7:8527)\n    at It (c:\\Users\\elias\\.vscode\\extensions\\uqbar.wollok-lsp-ide-0.5.5\\out\\server\\src\\server.js:7:6189)\n    at et (c:\\Users\\elias\\.vscode\\extensions\\uqbar.wollok-lsp-ide-0.5.5\\out\\server\\src\\server.js:7:6378)\n    at Immediate._onImmediate (c:\\Users\\elias\\.vscode\\extensions\\uqbar.wollok-lsp-ide-0.5.5\\out\\server\\src\\server.js:7:6142)\n    at process.processImmediate (node:internal/timers:485:21)","timestamp":"2026-09-05T14:31:31.339Z"}
{"level":"info","message":"⌛ Building environment","timeElapsed":133,"timestamp":"2026-09-05T14:31:31.485Z"}
{"level":"info","message":"⌛ Validating clase59.wlk/bebidas.wlk","timeElapsed":320,"timestamp":"2026-09-05T14:31:31.809Z"}
{"level":"info","message":"⌛ Building environment","timeElapsed":174,"timestamp":"2026-09-05T14:31:32.071Z"}
{"level":"info","message":"⌛ Building environment","timeElapsed":168,"timestamp":"2026-09-05T14:31:32.250Z"}
{"level":"info","message":"⌛ Validating clase59.wlk/bebidas.wlk","timeElapsed":208,"timestamp":"2026-09-05T14:31:32.480Z"}
{"level":"info","message":"⌛ Building environment","timeElapsed":136,"timestamp":"2026-09-05T14:31:32.618Z"}
{"level":"info","message":"⌛ Validating clase59.wlk/bebidas.wlk","timeElapsed":214,"timestamp":"2026-09-05T14:31:32.843Z"}
{"level":"info","message":"⌛ Validating clase59.wlk/bebidas.wlk","timeElapsed":214,"timestamp":"2026-09-05T14:31:33.070Z"}
{"level":"info","message":"⌛ Building environment","timeElapsed":252,"timestamp":"2026-09-05T14:31:33.325Z"}
{"level":"error","message":"✘ Completions for node Parameter ([77:56, 77:65] - clase59.wlk/bebidas.wlk) failed: Error: [Parameter]{2e968f} at clase59.wlk/bebidas.wlk:77 exhausted all cases without a match [Parameter]{2e968f} at clase59.wlk/bebidas.wlk:77 exhausted all cases without a match","stack":"Error: [Parameter]{2e968f} at clase59.wlk/bebidas.wlk:77 exhausted all cases without a match\n    at c:\\Users\\elias\\.vscode\\extensions\\uqbar.wollok-lsp-ide-0.5.5\\out\\server\\src\\server.js:38:6142\n    at L2 (c:\\Users\\elias\\.vscode\\extensions\\uqbar.wollok-lsp-ide-0.5.5\\out\\server\\src\\server.js:2421:42)\n    at c:\\Users\\elias\\.vscode\\extensions\\uqbar.wollok-lsp-ide-0.5.5\\out\\server\\src\\server.js:2421:2988\n    at c:\\Users\\elias\\.vscode\\extensions\\uqbar.wollok-lsp-ide-0.5.5\\out\\server\\src\\server.js:2430:8440\n    at c:\\Users\\elias\\.vscode\\extensions\\uqbar.wollok-lsp-ide-0.5.5\\out\\server\\src\\server.js:37:74872\n    at Ke (c:\\Users\\elias\\.vscode\\extensions\\uqbar.wollok-lsp-ide-0.5.5\\out\\server\\src\\server.js:7:8527)\n    at It (c:\\Users\\elias\\.vscode\\extensions\\uqbar.wollok-lsp-ide-0.5.5\\out\\server\\src\\server.js:7:6189)\n    at et (c:\\Users\\elias\\.vscode\\extensions\\uqbar.wollok-lsp-ide-0.5.5\\out\\server\\src\\server.js:7:6378)\n    at Immediate._onImmediate (c:\\Users\\elias\\.vscode\\extensions\\uqbar.wollok-lsp-ide-0.5.5\\out\\server\\src\\server.js:7:6142)\n    at process.processImmediate (node:internal/timers:485:21)","timestamp":"2026-09-05T14:31:33.409Z"}
{"level":"info","message":"⌛ Building environment","timeElapsed":178,"timestamp":"2026-09-05T14:31:33.592Z"}
{"level":"info","message":"⌛ Validating clase59.wlk/bebidas.wlk","timeElapsed":196,"timestamp":"2026-09-05T14:31:33.842Z"}
{"level":"info","message":"⌛ Validating clase59.wlk/bebidas.wlk","timeElapsed":187,"timestamp":"2026-09-05T14:31:34.030Z"}
{"level":"info","message":"⌛ Validating clase59.wlk/bebidas.wlk","timeElapsed":216,"timestamp":"2026-09-05T14:31:34.252Z"}
{"level":"info","message":"⌛ Validating clase59.wlk/bebidas.wlk","timeElapsed":183,"timestamp":"2026-09-05T14:31:34.509Z"}
{"level":"info","message":"⌛ Validating clase59.wlk/bebidas.wlk","timeElapsed":291,"timestamp":"2026-09-05T14:31:34.801Z"}
{"level":"info","message":"⌛ Building environment","timeElapsed":162,"timestamp":"2026-09-05T14:31:35.750Z"}
{"level":"error","message":"✘ Completions for node Send ([78:19, 78:27] - clase59.wlk/bebidas.wlk) failed: Error: [Send]{ae3db4} at clase59.wlk/bebidas.wlk:78 exhausted all cases without a match [Send]{ae3db4} at clase59.wlk/bebidas.wlk:78 exhausted all cases without a match","stack":"Error: [Send]{ae3db4} at clase59.wlk/bebidas.wlk:78 exhausted all cases without a match\n    at c:\\Users\\elias\\.vscode\\extensions\\uqbar.wollok-lsp-ide-0.5.5\\out\\server\\src\\server.js:38:6142\n    at L2 (c:\\Users\\elias\\.vscode\\extensions\\uqbar.wollok-lsp-ide-0.5.5\\out\\server\\src\\server.js:2421:42)\n    at Jh (c:\\Users\\elias\\.vscode\\extensions\\uqbar.wollok-lsp-ide-0.5.5\\out\\server\\src\\server.js:2421:1092)\n    at w5n (c:\\Users\\elias\\.vscode\\extensions\\uqbar.wollok-lsp-ide-0.5.5\\out\\server\\src\\server.js:2421:1248)\n    at c:\\Users\\elias\\.vscode\\extensions\\uqbar.wollok-lsp-ide-0.5.5\\out\\server\\src\\server.js:38:6131\n    at L2 (c:\\Users\\elias\\.vscode\\extensions\\uqbar.wollok-lsp-ide-0.5.5\\out\\server\\src\\server.js:2421:42)\n    at c:\\Users\\elias\\.vscode\\extensions\\uqbar.wollok-lsp-ide-0.5.5\\out\\server\\src\\server.js:2421:2988\n    at c:\\Users\\elias\\.vscode\\extensions\\uqbar.wollok-lsp-ide-0.5.5\\out\\server\\src\\server.js:2430:8440\n    at c:\\Users\\elias\\.vscode\\extensions\\uqbar.wollok-lsp-ide-0.5.5\\out\\server\\src\\server.js:37:74872\n    at Ke (c:\\Users\\elias\\.vscode\\extensions\\uqbar.wollok-lsp-ide-0.5.5\\out\\server\\src\\server.js:7:8527)","timestamp":"2026-09-05T14:31:35.799Z"}
{"level":"error","message":"✘ Completions for node Send ([78:19, 78:32] - clase59.wlk/bebidas.wlk) failed: Error: [Send]{372875} at clase59.wlk/bebidas.wlk:78 exhausted all cases without a match [Send]{372875} at clase59.wlk/bebidas.wlk:78 exhausted all cases without a match","stack":"Error: [Send]{372875} at clase59.wlk/bebidas.wlk:78 exhausted all cases without a match\n    at c:\\Users\\elias\\.vscode\\extensions\\uqbar.wollok-lsp-ide-0.5.5\\out\\server\\src\\server.js:38:6142\n    at L2 (c:\\Users\\elias\\.vscode\\extensions\\uqbar.wollok-lsp-ide-0.5.5\\out\\server\\src\\server.js:2421:42)\n    at Jh (c:\\Users\\elias\\.vscode\\extensions\\uqbar.wollok-lsp-ide-0.5.5\\out\\server\\src\\server.js:2421:1092)\n    at L2 (c:\\Users\\elias\\.vscode\\extensions\\uqbar.wollok-lsp-ide-0.5.5\\out\\server\\src\\server.js:2421:544)\n    at Jh (c:\\Users\\elias\\.vscode\\extensions\\uqbar.wollok-lsp-ide-0.5.5\\out\\server\\src\\server.js:2421:1092)\n    at w5n (c:\\Users\\elias\\.vscode\\extensions\\uqbar.wollok-lsp-ide-0.5.5\\out\\server\\src\\server.js:2421:1248)\n    at c:\\Users\\elias\\.vscode\\extensions\\uqbar.wollok-lsp-ide-0.5.5\\out\\server\\src\\server.js:38:6131\n    at L2 (c:\\Users\\elias\\.vscode\\extensions\\uqbar.wollok-lsp-ide-0.5.5\\out\\server\\src\\server.js:2421:42)\n    at c:\\Users\\elias\\.vscode\\extensions\\uqbar.wollok-lsp-ide-0.5.5\\out\\server\\src\\server.js:2421:2988\n    at c:\\Users\\elias\\.vscode\\extensions\\uqbar.wollok-lsp-ide-0.5.5\\out\\server\\src\\server.js:2430:8440","timestamp":"2026-09-05T14:31:35.799Z"}
{"level":"error","message":"✘ Completions for node If ([78:16, 80:15] - clase59.wlk/bebidas.wlk) failed: Error: [If]{7e9d8d} at clase59.wlk/bebidas.wlk:78 exhausted all cases without a match [If]{7e9d8d} at clase59.wlk/bebidas.wlk:78 exhausted all cases without a match","stack":"Error: [If]{7e9d8d} at clase59.wlk/bebidas.wlk:78 exhausted all cases without a match\n    at c:\\Users\\elias\\.vscode\\extensions\\uqbar.wollok-lsp-ide-0.5.5\\out\\server\\src\\server.js:38:6142\n    at L2 (c:\\Users\\elias\\.vscode\\extensions\\uqbar.wollok-lsp-ide-0.5.5\\out\\server\\src\\server.js:2421:42)\n    at Jh (c:\\Users\\elias\\.vscode\\extensions\\uqbar.wollok-lsp-ide-0.5.5\\out\\server\\src\\server.js:2421:1092)\n    at L2 (c:\\Users\\elias\\.vscode\\extensions\\uqbar.wollok-lsp-ide-0.5.5\\out\\server\\src\\server.js:2421:544)\n    at Jh (c:\\Users\\elias\\.vscode\\extensions\\uqbar.wollok-lsp-ide-0.5.5\\out\\server\\src\\server.js:2421:1092)\n    at L2 (c:\\Users\\elias\\.vscode\\extensions\\uqbar.wollok-lsp-ide-0.5.5\\out\\server\\src\\server.js:2421:544)\n    at Jh (c:\\Users\\elias\\.vscode\\extensions\\uqbar.wollok-lsp-ide-0.5.5\\out\\server\\src\\server.js:2421:1092)\n    at w5n (c:\\Users\\elias\\.vscode\\extensions\\uqbar.wollok-lsp-ide-0.5.5\\out\\server\\src\\server.js:2421:1248)\n    at c:\\Users\\elias\\.vscode\\extensions\\uqbar.wollok-lsp-ide-0.5.5\\out\\server\\src\\server.js:38:6131\n    at L2 (c:\\Users\\elias\\.vscode\\extensions\\uqbar.wollok-lsp-ide-0.5.5\\out\\server\\src\\server.js:2421:42)","timestamp":"2026-09-05T14:31:35.800Z"}
{"level":"error","message":"✘ Completions for node Return ([78:9, 80:15] - clase59.wlk/bebidas.wlk) failed: Error: [Return]{ec4070} at clase59.wlk/bebidas.wlk:78 exhausted all cases without a match [Return]{ec4070} at clase59.wlk/bebidas.wlk:78 exhausted all cases without a match","stack":"Error: [Return]{ec4070} at clase59.wlk/bebidas.wlk:78 exhausted all cases without a match\n    at c:\\Users\\elias\\.vscode\\extensions\\uqbar.wollok-lsp-ide-0.5.5\\out\\server\\src\\server.js:38:6142\n    at L2 (c:\\Users\\elias\\.vscode\\extensions\\uqbar.wollok-lsp-ide-0.5.5\\out\\server\\src\\server.js:2421:42)\n    at Jh (c:\\Users\\elias\\.vscode\\extensions\\uqbar.wollok-lsp-ide-0.5.5\\out\\server\\src\\server.js:2421:1092)\n    at L2 (c:\\Users\\elias\\.vscode\\extensions\\uqbar.wollok-lsp-ide-0.5.5\\out\\server\\src\\server.js:2421:544)\n    at Jh (c:\\Users\\elias\\.vscode\\extensions\\uqbar.wollok-lsp-ide-0.5.5\\out\\server\\src\\server.js:2421:1092)\n    at L2 (c:\\Users\\elias\\.vscode\\extensions\\uqbar.wollok-lsp-ide-0.5.5\\out\\server\\src\\server.js:2421:544)\n    at Jh (c:\\Users\\elias\\.vscode\\extensions\\uqbar.wollok-lsp-ide-0.5.5\\out\\server\\src\\server.js:2421:1092)\n    at L2 (c:\\Users\\elias\\.vscode\\extensions\\uqbar.wollok-lsp-ide-0.5.5\\out\\server\\src\\server.js:2421:544)\n    at Jh (c:\\Users\\elias\\.vscode\\extensions\\uqbar.wollok-lsp-ide-0.5.5\\out\\server\\src\\server.js:2421:1092)\n    at w5n (c:\\Users\\elias\\.vscode\\extensions\\uqbar.wollok-lsp-ide-0.5.5\\out\\server\\src\\server.js:2421:1248)","timestamp":"2026-09-05T14:31:35.800Z"}
{"level":"info","message":"⌛ Building environment","timeElapsed":199,"timestamp":"2026-09-05T14:31:36.011Z"}
{"level":"info","message":"⌛ Validating clase59.wlk/bebidas.wlk","timeElapsed":277,"timestamp":"2026-09-05T14:31:36.296Z"}
{"level":"info","message":"⌛ Validating clase59.wlk/bebidas.wlk","timeElapsed":242,"timestamp":"2026-09-05T14:31:36.570Z"}
{"level":"info","message":"⌛ Building environment","timeElapsed":306,"timestamp":"2026-09-05T14:31:36.878Z"}
{"level":"info","message":"⌛ Building environment","timeElapsed":409,"timestamp":"2026-09-05T14:31:37.289Z"}
{"level":"info","message":"⌛ Building environment","timeElapsed":457,"timestamp":"2026-09-05T14:31:38.011Z"}
{"level":"info","message":"⌛ Building environment","timeElapsed":229,"timestamp":"2026-09-05T14:31:38.292Z"}
{"level":"info","message":"⌛ Validating clase59.wlk/bebidas.wlk","timeElapsed":307,"timestamp":"2026-09-05T14:31:38.630Z"}
{"level":"info","message":"⌛ Building environment","timeElapsed":255,"timestamp":"2026-09-05T14:31:38.886Z"}
{"level":"info","message":"⌛ Building environment","timeElapsed":249,"timestamp":"2026-09-05T14:31:39.239Z"}
{"level":"info","message":"⌛ Validating clase59.wlk/bebidas.wlk","timeElapsed":534,"timestamp":"2026-09-05T14:31:39.972Z"}
{"level":"info","message":"⌛ Building environment","timeElapsed":226,"timestamp":"2026-09-05T14:31:40.203Z"}
{"level":"info","message":"⌛ Building environment","timeElapsed":164,"timestamp":"2026-09-05T14:31:40.372Z"}
{"level":"info","message":"⌛ Validating clase59.wlk/bebidas.wlk","timeElapsed":303,"timestamp":"2026-09-05T14:31:40.702Z"}
{"level":"info","message":"⌛ Validating clase59.wlk/bebidas.wlk","timeElapsed":302,"timestamp":"2026-09-05T14:31:41.012Z"}
{"level":"info","message":"⌛ Validating clase59.wlk/bebidas.wlk","timeElapsed":731,"timestamp":"2026-09-05T14:31:41.786Z"}
{"level":"info","message":"⌛ Validating clase59.wlk/bebidas.wlk","timeElapsed":245,"timestamp":"2026-09-05T14:31:42.061Z"}
{"level":"info","message":"⌛ Validating clase59.wlk/bebidas.wlk","timeElapsed":341,"timestamp":"2026-09-05T14:31:42.434Z"}
{"level":"info","message":"⌛ Validating clase59.wlk/bebidas.wlk","timeElapsed":251,"timestamp":"2026-09-05T14:31:42.686Z"}
{"level":"info","message":"⌛ Building environment","timeElapsed":172,"timestamp":"2026-09-05T14:31:49.301Z"}
{"level":"info","message":"⌛ Validating clase59.wlk/bebidas.wlk","timeElapsed":170,"timestamp":"2026-09-05T14:31:49.482Z"}
{"level":"info","message":"⌛ Building environment","timeElapsed":354,"timestamp":"2026-09-05T14:31:49.894Z"}
{"level":"error","message":"✘ Completions for node Parameter ([77:56, 77:66] - clase59.wlk/bebidas.wlk) failed: Error: [Parameter]{a16906} at clase59.wlk/bebidas.wlk:77 exhausted all cases without a match [Parameter]{a16906} at clase59.wlk/bebidas.wlk:77 exhausted all cases without a match","stack":"Error: [Parameter]{a16906} at clase59.wlk/bebidas.wlk:77 exhausted all cases without a match\n    at c:\\Users\\elias\\.vscode\\extensions\\uqbar.wollok-lsp-ide-0.5.5\\out\\server\\src\\server.js:38:6142\n    at L2 (c:\\Users\\elias\\.vscode\\extensions\\uqbar.wollok-lsp-ide-0.5.5\\out\\server\\src\\server.js:2421:42)\n    at c:\\Users\\elias\\.vscode\\extensions\\uqbar.wollok-lsp-ide-0.5.5\\out\\server\\src\\server.js:2421:2988\n    at c:\\Users\\elias\\.vscode\\extensions\\uqbar.wollok-lsp-ide-0.5.5\\out\\server\\src\\server.js:2430:8440\n    at c:\\Users\\elias\\.vscode\\extensions\\uqbar.wollok-lsp-ide-0.5.5\\out\\server\\src\\server.js:37:74872\n    at Ke (c:\\Users\\elias\\.vscode\\extensions\\uqbar.wollok-lsp-ide-0.5.5\\out\\server\\src\\server.js:7:8527)\n    at It (c:\\Users\\elias\\.vscode\\extensions\\uqbar.wollok-lsp-ide-0.5.5\\out\\server\\src\\server.js:7:6189)\n    at et (c:\\Users\\elias\\.vscode\\extensions\\uqbar.wollok-lsp-ide-0.5.5\\out\\server\\src\\server.js:7:6378)\n    at Immediate._onImmediate (c:\\Users\\elias\\.vscode\\extensions\\uqbar.wollok-lsp-ide-0.5.5\\out\\server\\src\\server.js:7:6142)\n    at process.processImmediate (node:internal/timers:485:21)","timestamp":"2026-09-05T14:31:50.001Z"}
{"level":"info","message":"⌛ Building environment","timeElapsed":236,"timestamp":"2026-09-05T14:31:50.245Z"}
{"level":"info","message":"⌛ Validating clase59.wlk/bebidas.wlk","timeElapsed":230,"timestamp":"2026-09-05T14:31:50.501Z"}
{"level":"info","message":"⌛ Building environment","timeElapsed":162,"timestamp":"2026-09-05T14:31:50.673Z"}
{"level":"info","message":"⌛ Validating clase59.wlk/bebidas.wlk","timeElapsed":249,"timestamp":"2026-09-05T14:31:50.939Z"}
{"level":"info","message":"⌛ Validating clase59.wlk/bebidas.wlk","timeElapsed":249,"timestamp":"2026-09-05T14:31:51.205Z"}
{"level":"info","message":"⌛ Building environment","timeElapsed":183,"timestamp":"2026-09-05T14:31:52.707Z"}
{"level":"info","message":"⌛ Validating clase59.wlk/bebidas.wlk","timeElapsed":308,"timestamp":"2026-09-05T14:31:53.018Z"}
{"level":"info","message":"⌛ Building environment","timeElapsed":190,"timestamp":"2026-09-05T14:31:53.238Z"}
{"level":"error","message":"✘ Completions for node Send ([78:19, 78:36] - clase59.wlk/bebidas.wlk) failed: Error: [Send]{2fc482} at clase59.wlk/bebidas.wlk:78 exhausted all cases without a match [Send]{2fc482} at clase59.wlk/bebidas.wlk:78 exhausted all cases without a match","stack":"Error: [Send]{2fc482} at clase59.wlk/bebidas.wlk:78 exhausted all cases without a match\n    at c:\\Users\\elias\\.vscode\\extensions\\uqbar.wollok-lsp-ide-0.5.5\\out\\server\\src\\server.js:38:6142\n    at L2 (c:\\Users\\elias\\.vscode\\extensions\\uqbar.wollok-lsp-ide-0.5.5\\out\\server\\src\\server.js:2421:42)\n    at Jh (c:\\Users\\elias\\.vscode\\extensions\\uqbar.wollok-lsp-ide-0.5.5\\out\\server\\src\\server.js:2421:1092)\n    at w5n (c:\\Users\\elias\\.vscode\\extensions\\uqbar.wollok-lsp-ide-0.5.5\\out\\server\\src\\server.js:2421:1248)\n    at c:\\Users\\elias\\.vscode\\extensions\\uqbar.wollok-lsp-ide-0.5.5\\out\\server\\src\\server.js:38:6131\n    at L2 (c:\\Users\\elias\\.vscode\\extensions\\uqbar.wollok-lsp-ide-0.5.5\\out\\server\\src\\server.js:2421:42)\n    at c:\\Users\\elias\\.vscode\\extensions\\uqbar.wollok-lsp-ide-0.5.5\\out\\server\\src\\server.js:2421:2988\n    at c:\\Users\\elias\\.vscode\\extensions\\uqbar.wollok-lsp-ide-0.5.5\\out\\server\\src\\server.js:2430:8440\n    at c:\\Users\\elias\\.vscode\\extensions\\uqbar.wollok-lsp-ide-0.5.5\\out\\server\\src\\server.js:37:74872\n    at Ke (c:\\Users\\elias\\.vscode\\extensions\\uqbar.wollok-lsp-ide-0.5.5\\out\\server\\src\\server.js:7:8527)","timestamp":"2026-09-05T14:31:53.275Z"}
{"level":"error","message":"✘ Completions for node Send ([78:19, 78:41] - clase59.wlk/bebidas.wlk) failed: Error: [Send]{d7b18b} at clase59.wlk/bebidas.wlk:78 exhausted all cases without a match [Send]{d7b18b} at clase59.wlk/bebidas.wlk:78 exhausted all cases without a match","stack":"Error: [Send]{d7b18b} at clase59.wlk/bebidas.wlk:78 exhausted all cases without a match\n    at c:\\Users\\elias\\.vscode\\extensions\\uqbar.wollok-lsp-ide-0.5.5\\out\\server\\src\\server.js:38:6142\n    at L2 (c:\\Users\\elias\\.vscode\\extensions\\uqbar.wollok-lsp-ide-0.5.5\\out\\server\\src\\server.js:2421:42)\n    at Jh (c:\\Users\\elias\\.vscode\\extensions\\uqbar.wollok-lsp-ide-0.5.5\\out\\server\\src\\server.js:2421:1092)\n    at L2 (c:\\Users\\elias\\.vscode\\extensions\\uqbar.wollok-lsp-ide-0.5.5\\out\\server\\src\\server.js:2421:544)\n    at Jh (c:\\Users\\elias\\.vscode\\extensions\\uqbar.wollok-lsp-ide-0.5.5\\out\\server\\src\\server.js:2421:1092)\n    at w5n (c:\\Users\\elias\\.vscode\\extensions\\uqbar.wollok-lsp-ide-0.5.5\\out\\server\\src\\server.js:2421:1248)\n    at c:\\Users\\elias\\.vscode\\extensions\\uqbar.wollok-lsp-ide-0.5.5\\out\\server\\src\\server.js:38:6131\n    at L2 (c:\\Users\\elias\\.vscode\\extensions\\uqbar.wollok-lsp-ide-0.5.5\\out\\server\\src\\server.js:2421:42)\n    at c:\\Users\\elias\\.vscode\\extensions\\uqbar.wollok-lsp-ide-0.5.5\\out\\server\\src\\server.js:2421:2988\n    at c:\\Users\\elias\\.vscode\\extensions\\uqbar.wollok-lsp-ide-0.5.5\\out\\server\\src\\server.js:2430:8440","timestamp":"2026-09-05T14:31:53.275Z"}
{"level":"error","message":"✘ Completions for node If ([78:16, 80:15] - clase59.wlk/bebidas.wlk) failed: Error: [If]{cbd12a} at clase59.wlk/bebidas.wlk:78 exhausted all cases without a match [If]{cbd12a} at clase59.wlk/bebidas.wlk:78 exhausted all cases without a match","stack":"Error: [If]{cbd12a} at clase59.wlk/bebidas.wlk:78 exhausted all cases without a match\n    at c:\\Users\\elias\\.vscode\\extensions\\uqbar.wollok-lsp-ide-0.5.5\\out\\server\\src\\server.js:38:6142\n    at L2 (c:\\Users\\elias\\.vscode\\extensions\\uqbar.wollok-lsp-ide-0.5.5\\out\\server\\src\\server.js:2421:42)\n    at Jh (c:\\Users\\elias\\.vscode\\extensions\\uqbar.wollok-lsp-ide-0.5.5\\out\\server\\src\\server.js:2421:1092)\n    at L2 (c:\\Users\\elias\\.vscode\\extensions\\uqbar.wollok-lsp-ide-0.5.5\\out\\server\\src\\server.js:2421:544)\n    at Jh (c:\\Users\\elias\\.vscode\\extensions\\uqbar.wollok-lsp-ide-0.5.5\\out\\server\\src\\server.js:2421:1092)\n    at L2 (c:\\Users\\elias\\.vscode\\extensions\\uqbar.wollok-lsp-ide-0.5.5\\out\\server\\src\\server.js:2421:544)\n    at Jh (c:\\Users\\elias\\.vscode\\extensions\\uqbar.wollok-lsp-ide-0.5.5\\out\\server\\src\\server.js:2421:1092)\n    at w5n (c:\\Users\\elias\\.vscode\\extensions\\uqbar.wollok-lsp-ide-0.5.5\\out\\server\\src\\server.js:2421:1248)\n    at c:\\Users\\elias\\.vscode\\extensions\\uqbar.wollok-lsp-ide-0.5.5\\out\\server\\src\\server.js:38:6131\n    at L2 (c:\\Users\\elias\\.vscode\\extensions\\uqbar.wollok-lsp-ide-0.5.5\\out\\server\\src\\server.js:2421:42)","timestamp":"2026-09-05T14:31:53.275Z"}
{"level":"error","message":"✘ Completions for node Return ([78:9, 80:15] - clase59.wlk/bebidas.wlk) failed: Error: [Return]{dedb27} at clase59.wlk/bebidas.wlk:78 exhausted all cases without a match [Return]{dedb27} at clase59.wlk/bebidas.wlk:78 exhausted all cases without a match","stack":"Error: [Return]{dedb27} at clase59.wlk/bebidas.wlk:78 exhausted all cases without a match\n    at c:\\Users\\elias\\.vscode\\extensions\\uqbar.wollok-lsp-ide-0.5.5\\out\\server\\src\\server.js:38:6142\n    at L2 (c:\\Users\\elias\\.vscode\\extensions\\uqbar.wollok-lsp-ide-0.5.5\\out\\server\\src\\server.js:2421:42)\n    at Jh (c:\\Users\\elias\\.vscode\\extensions\\uqbar.wollok-lsp-ide-0.5.5\\out\\server\\src\\server.js:2421:1092)\n    at L2 (c:\\Users\\elias\\.vscode\\extensions\\uqbar.wollok-lsp-ide-0.5.5\\out\\server\\src\\server.js:2421:544)\n    at Jh (c:\\Users\\elias\\.vscode\\extensions\\uqbar.wollok-lsp-ide-0.5.5\\out\\server\\src\\server.js:2421:1092)\n    at L2 (c:\\Users\\elias\\.vscode\\extensions\\uqbar.wollok-lsp-ide-0.5.5\\out\\server\\src\\server.js:2421:544)\n    at Jh (c:\\Users\\elias\\.vscode\\extensions\\uqbar.wollok-lsp-ide-0.5.5\\out\\server\\src\\server.js:2421:1092)\n    at L2 (c:\\Users\\elias\\.vscode\\extensions\\uqbar.wollok-lsp-ide-0.5.5\\out\\server\\src\\server.js:2421:544)\n    at Jh (c:\\Users\\elias\\.vscode\\extensions\\uqbar.wollok-lsp-ide-0.5.5\\out\\server\\src\\server.js:2421:1092)\n    at w5n (c:\\Users\\elias\\.vscode\\extensions\\uqbar.wollok-lsp-ide-0.5.5\\out\\server\\src\\server.js:2421:1248)","timestamp":"2026-09-05T14:31:53.275Z"}
{"level":"info","message":"⌛ Building environment","timeElapsed":145,"timestamp":"2026-09-05T14:31:53.426Z"}
{"level":"info","message":"⌛ Validating clase59.wlk/bebidas.wlk","timeElapsed":146,"timestamp":"2026-09-05T14:31:53.573Z"}
{"level":"info","message":"⌛ Building environment","timeElapsed":119,"timestamp":"2026-09-05T14:31:53.702Z"}
{"level":"info","message":"⌛ Validating clase59.wlk/bebidas.wlk","timeElapsed":138,"timestamp":"2026-09-05T14:31:53.850Z"}
{"level":"info","message":"⌛ Validating clase59.wlk/bebidas.wlk","timeElapsed":164,"timestamp":"2026-09-05T14:31:54.015Z"}
{"level":"info","message":"⌛ Building environment","timeElapsed":163,"timestamp":"2026-09-05T14:32:48.321Z"}
{"level":"error","message":"✘ Completions for node Send ([78:45, 78:53] - clase59.wlk/bebidas.wlk) failed: Error: [Send]{4b51b4} at clase59.wlk/bebidas.wlk:78 exhausted all cases without a match [Send]{4b51b4} at clase59.wlk/bebidas.wlk:78 exhausted all cases without a match","stack":"Error: [Send]{4b51b4} at clase59.wlk/bebidas.wlk:78 exhausted all cases without a match\n    at c:\\Users\\elias\\.vscode\\extensions\\uqbar.wollok-lsp-ide-0.5.5\\out\\server\\src\\server.js:38:6142\n    at L2 (c:\\Users\\elias\\.vscode\\extensions\\uqbar.wollok-lsp-ide-0.5.5\\out\\server\\src\\server.js:2421:42)\n    at Jh (c:\\Users\\elias\\.vscode\\extensions\\uqbar.wollok-lsp-ide-0.5.5\\out\\server\\src\\server.js:2421:1092)\n    at w5n (c:\\Users\\elias\\.vscode\\extensions\\uqbar.wollok-lsp-ide-0.5.5\\out\\server\\src\\server.js:2421:1248)\n    at c:\\Users\\elias\\.vscode\\extensions\\uqbar.wollok-lsp-ide-0.5.5\\out\\server\\src\\server.js:38:6131\n    at L2 (c:\\Users\\elias\\.vscode\\extensions\\uqbar.wollok-lsp-ide-0.5.5\\out\\server\\src\\server.js:2421:42)\n    at c:\\Users\\elias\\.vscode\\extensions\\uqbar.wollok-lsp-ide-0.5.5\\out\\server\\src\\server.js:2421:2988\n    at c:\\Users\\elias\\.vscode\\extensions\\uqbar.wollok-lsp-ide-0.5.5\\out\\server\\src\\server.js:2430:8440\n    at c:\\Users\\elias\\.vscode\\extensions\\uqbar.wollok-lsp-ide-0.5.5\\out\\server\\src\\server.js:37:74872\n    at Ke (c:\\Users\\elias\\.vscode\\extensions\\uqbar.wollok-lsp-ide-0.5.5\\out\\server\\src\\server.js:7:8527)","timestamp":"2026-09-05T14:32:48.359Z"}
{"level":"error","message":"✘ Completions for node Send ([78:45, 78:59] - clase59.wlk/bebidas.wlk) failed: Error: [Send]{b27e1f} at clase59.wlk/bebidas.wlk:78 exhausted all cases without a match [Send]{b27e1f} at clase59.wlk/bebidas.wlk:78 exhausted all cases without a match","stack":"Error: [Send]{b27e1f} at clase59.wlk/bebidas.wlk:78 exhausted all cases without a match\n    at c:\\Users\\elias\\.vscode\\extensions\\uqbar.wollok-lsp-ide-0.5.5\\out\\server\\src\\server.js:38:6142\n    at L2 (c:\\Users\\elias\\.vscode\\extensions\\uqbar.wollok-lsp-ide-0.5.5\\out\\server\\src\\server.js:2421:42)\n    at Jh (c:\\Users\\elias\\.vscode\\extensions\\uqbar.wollok-lsp-ide-0.5.5\\out\\server\\src\\server.js:2421:1092)\n    at L2 (c:\\Users\\elias\\.vscode\\extensions\\uqbar.wollok-lsp-ide-0.5.5\\out\\server\\src\\server.js:2421:544)\n    at Jh (c:\\Users\\elias\\.vscode\\extensions\\uqbar.wollok-lsp-ide-0.5.5\\out\\server\\src\\server.js:2421:1092)\n    at w5n (c:\\Users\\elias\\.vscode\\extensions\\uqbar.wollok-lsp-ide-0.5.5\\out\\server\\src\\server.js:2421:1248)\n    at c:\\Users\\elias\\.vscode\\extensions\\uqbar.wollok-lsp-ide-0.5.5\\out\\server\\src\\server.js:38:6131\n    at L2 (c:\\Users\\elias\\.vscode\\extensions\\uqbar.wollok-lsp-ide-0.5.5\\out\\server\\src\\server.js:2421:42)\n    at c:\\Users\\elias\\.vscode\\extensions\\uqbar.wollok-lsp-ide-0.5.5\\out\\server\\src\\server.js:2421:2988\n    at c:\\Users\\elias\\.vscode\\extensions\\uqbar.wollok-lsp-ide-0.5.5\\out\\server\\src\\server.js:2430:8440","timestamp":"2026-09-05T14:32:48.360Z"}
{"level":"error","message":"✘ Completions for node Send ([78:45, 79:32] - clase59.wlk/bebidas.wlk) failed: Error: [Send]{89cf3b} at clase59.wlk/bebidas.wlk:78 exhausted all cases without a match [Send]{89cf3b} at clase59.wlk/bebidas.wlk:78 exhausted all cases without a match","stack":"Error: [Send]{89cf3b} at clase59.wlk/bebidas.wlk:78 exhausted all cases without a match\n    at c:\\Users\\elias\\.vscode\\extensions\\uqbar.wollok-lsp-ide-0.5.5\\out\\server\\src\\server.js:38:6142\n    at L2 (c:\\Users\\elias\\.vscode\\extensions\\uqbar.wollok-lsp-ide-0.5.5\\out\\server\\src\\server.js:2421:42)\n    at Jh (c:\\Users\\elias\\.vscode\\extensions\\uqbar.wollok-lsp-ide-0.5.5\\out\\server\\src\\server.js:2421:1092)\n    at L2 (c:\\Users\\elias\\.vscode\\extensions\\uqbar.wollok-lsp-ide-0.5.5\\out\\server\\src\\server.js:2421:544)\n    at Jh (c:\\Users\\elias\\.vscode\\extensions\\uqbar.wollok-lsp-ide-0.5.5\\out\\server\\src\\server.js:2421:1092)\n    at L2 (c:\\Users\\elias\\.vscode\\extensions\\uqbar.wollok-lsp-ide-0.5.5\\out\\server\\src\\server.js:2421:544)\n    at Jh (c:\\Users\\elias\\.vscode\\extensions\\uqbar.wollok-lsp-ide-0.5.5\\out\\server\\src\\server.js:2421:1092)\n    at w5n (c:\\Users\\elias\\.vscode\\extensions\\uqbar.wollok-lsp-ide-0.5.5\\out\\server\\src\\server.js:2421:1248)\n    at c:\\Users\\elias\\.vscode\\extensions\\uqbar.wollok-lsp-ide-0.5.5\\out\\server\\src\\server.js:38:6131\n    at L2 (c:\\Users\\elias\\.vscode\\extensions\\uqbar.wollok-lsp-ide-0.5.5\\out\\server\\src\\server.js:2421:42)","timestamp":"2026-09-05T14:32:48.360Z"}
{"level":"error","message":"✘ Completions for node If ([78:16, 80:15] - clase59.wlk/bebidas.wlk) failed: Error: [If]{cfad77} at clase59.wlk/bebidas.wlk:78 exhausted all cases without a match [If]{cfad77} at clase59.wlk/bebidas.wlk:78 exhausted all cases without a match","stack":"Error: [If]{cfad77} at clase59.wlk/bebidas.wlk:78 exhausted all cases without a match\n    at c:\\Users\\elias\\.vscode\\extensions\\uqbar.wollok-lsp-ide-0.5.5\\out\\server\\src\\server.js:38:6142\n    at L2 (c:\\Users\\elias\\.vscode\\extensions\\uqbar.wollok-lsp-ide-0.5.5\\out\\server\\src\\server.js:2421:42)\n    at Jh (c:\\Users\\elias\\.vscode\\extensions\\uqbar.wollok-lsp-ide-0.5.5\\out\\server\\src\\server.js:2421:1092)\n    at y5n (c:\\Users\\elias\\.vscode\\extensions\\uqbar.wollok-lsp-ide-0.5.5\\out\\server\\src\\server.js:2421:818)\n    at c:\\Users\\elias\\.vscode\\extensions\\uqbar.wollok-lsp-ide-0.5.5\\out\\server\\src\\server.js:38:6131\n    at L2 (c:\\Users\\elias\\.vscode\\extensions\\uqbar.wollok-lsp-ide-0.5.5\\out\\server\\src\\server.js:2421:42)\n    at Jh (c:\\Users\\elias\\.vscode\\extensions\\uqbar.wollok-lsp-ide-0.5.5\\out\\server\\src\\server.js:2421:1092)\n    at L2 (c:\\Users\\elias\\.vscode\\extensions\\uqbar.wollok-lsp-ide-0.5.5\\out\\server\\src\\server.js:2421:544)\n    at Jh (c:\\Users\\elias\\.vscode\\extensions\\uqbar.wollok-lsp-ide-0.5.5\\out\\server\\src\\server.js:2421:1092)\n    at L2 (c:\\Users\\elias\\.vscode\\extensions\\uqbar.wollok-lsp-ide-0.5.5\\out\\server\\src\\server.js:2421:544)","timestamp":"2026-09-05T14:32:48.360Z"}
{"level":"error","message":"✘ Completions for node Return ([78:9, 80:15] - clase59.wlk/bebidas.wlk) failed: Error: [Return]{06623d} at clase59.wlk/bebidas.wlk:78 exhausted all cases without a match [Return]{06623d} at clase59.wlk/bebidas.wlk:78 exhausted all cases without a match","stack":"Error: [Return]{06623d} at clase59.wlk/bebidas.wlk:78 exhausted all cases without a match\n    at c:\\Users\\elias\\.vscode\\extensions\\uqbar.wollok-lsp-ide-0.5.5\\out\\server\\src\\server.js:38:6142\n    at L2 (c:\\Users\\elias\\.vscode\\extensions\\uqbar.wollok-lsp-ide-0.5.5\\out\\server\\src\\server.js:2421:42)\n    at Jh (c:\\Users\\elias\\.vscode\\extensions\\uqbar.wollok-lsp-ide-0.5.5\\out\\server\\src\\server.js:2421:1092)\n    at L2 (c:\\Users\\elias\\.vscode\\extensions\\uqbar.wollok-lsp-ide-0.5.5\\out\\server\\src\\server.js:2421:544)\n    at Jh (c:\\Users\\elias\\.vscode\\extensions\\uqbar.wollok-lsp-ide-0.5.5\\out\\server\\src\\server.js:2421:1092)\n    at y5n (c:\\Users\\elias\\.vscode\\extensions\\uqbar.wollok-lsp-ide-0.5.5\\out\\server\\src\\server.js:2421:818)\n    at c:\\Users\\elias\\.vscode\\extensions\\uqbar.wollok-lsp-ide-0.5.5\\out\\server\\src\\server.js:38:6131\n    at L2 (c:\\Users\\elias\\.vscode\\extensions\\uqbar.wollok-lsp-ide-0.5.5\\out\\server\\src\\server.js:2421:42)\n    at Jh (c:\\Users\\elias\\.vscode\\extensions\\uqbar.wollok-lsp-ide-0.5.5\\out\\server\\src\\server.js:2421:1092)\n    at L2 (c:\\Users\\elias\\.vscode\\extensions\\uqbar.wollok-lsp-ide-0.5.5\\out\\server\\src\\server.js:2421:544)","timestamp":"2026-09-05T14:32:48.360Z"}
{"level":"info","message":"⌛ Building environment","timeElapsed":137,"timestamp":"2026-09-05T14:32:48.501Z"}
{"level":"info","message":"⌛ Validating clase59.wlk/bebidas.wlk","timeElapsed":187,"timestamp":"2026-09-05T14:32:48.690Z"}
{"level":"info","message":"⌛ Validating clase59.wlk/bebidas.wlk","timeElapsed":265,"timestamp":"2026-09-05T14:32:48.974Z"}
{"level":"info","message":"⌛ Building environment","timeElapsed":130,"timestamp":"2026-09-05T14:32:49.254Z"}
{"level":"info","message":"⌛ Validating clase59.wlk/bebidas.wlk","timeElapsed":154,"timestamp":"2026-09-05T14:32:49.409Z"}
{"level":"info","message":"⌛ Building environment","timeElapsed":120,"timestamp":"2026-09-05T14:32:53.718Z"}
{"level":"info","message":"⌛ Validating clase59.wlk/bebidas.wlk","timeElapsed":141,"timestamp":"2026-09-05T14:32:53.861Z"}
{"level":"info","message":"⌛ Building environment","timeElapsed":266,"timestamp":"2026-09-05T14:32:54.150Z"}
{"level":"info","message":"⌛ Building environment","timeElapsed":270,"timestamp":"2026-09-05T14:32:54.424Z"}
{"level":"error","message":"✘ Completions for node Parameter ([71:56, 71:57] - clase59.wlk/bebidas.wlk) failed: Error: [Parameter]{354039} at clase59.wlk/bebidas.wlk:71 exhausted all cases without a match [Parameter]{354039} at clase59.wlk/bebidas.wlk:71 exhausted all cases without a match","stack":"Error: [Parameter]{354039} at clase59.wlk/bebidas.wlk:71 exhausted all cases without a match\n    at c:\\Users\\elias\\.vscode\\extensions\\uqbar.wollok-lsp-ide-0.5.5\\out\\server\\src\\server.js:38:6142\n    at L2 (c:\\Users\\elias\\.vscode\\extensions\\uqbar.wollok-lsp-ide-0.5.5\\out\\server\\src\\server.js:2421:42)\n    at c:\\Users\\elias\\.vscode\\extensions\\uqbar.wollok-lsp-ide-0.5.5\\out\\server\\src\\server.js:2421:2988\n    at c:\\Users\\elias\\.vscode\\extensions\\uqbar.wollok-lsp-ide-0.5.5\\out\\server\\src\\server.js:2430:8440\n    at c:\\Users\\elias\\.vscode\\extensions\\uqbar.wollok-lsp-ide-0.5.5\\out\\server\\src\\server.js:37:74872\n    at Ke (c:\\Users\\elias\\.vscode\\extensions\\uqbar.wollok-lsp-ide-0.5.5\\out\\server\\src\\server.js:7:8527)\n    at It (c:\\Users\\elias\\.vscode\\extensions\\uqbar.wollok-lsp-ide-0.5.5\\out\\server\\src\\server.js:7:6189)\n    at et (c:\\Users\\elias\\.vscode\\extensions\\uqbar.wollok-lsp-ide-0.5.5\\out\\server\\src\\server.js:7:6378)\n    at Immediate._onImmediate (c:\\Users\\elias\\.vscode\\extensions\\uqbar.wollok-lsp-ide-0.5.5\\out\\server\\src\\server.js:7:6142)\n    at process.processImmediate (node:internal/timers:485:21)","timestamp":"2026-09-05T14:32:54.501Z"}
{"level":"info","message":"⌛ Validating clase59.wlk/bebidas.wlk","timeElapsed":202,"timestamp":"2026-09-05T14:32:54.708Z"}
{"level":"info","message":"⌛ Building environment","timeElapsed":121,"timestamp":"2026-09-05T14:32:54.829Z"}
{"level":"info","message":"⌛ Validating clase59.wlk/bebidas.wlk","timeElapsed":166,"timestamp":"2026-09-05T14:32:55.006Z"}
{"level":"info","message":"⌛ Validating clase59.wlk/bebidas.wlk","timeElapsed":168,"timestamp":"2026-09-05T14:32:55.199Z"}
{"level":"info","message":"⌛ Building environment","timeElapsed":114,"timestamp":"2026-09-05T14:32:55.475Z"}
{"level":"error","message":"✘ Completions for node Parameter ([71:56, 71:59] - clase59.wlk/bebidas.wlk) failed: Error: [Parameter]{474fe3} at clase59.wlk/bebidas.wlk:71 exhausted all cases without a match [Parameter]{474fe3} at clase59.wlk/bebidas.wlk:71 exhausted all cases without a match","stack":"Error: [Parameter]{474fe3} at clase59.wlk/bebidas.wlk:71 exhausted all cases without a match\n    at c:\\Users\\elias\\.vscode\\extensions\\uqbar.wollok-lsp-ide-0.5.5\\out\\server\\src\\server.js:38:6142\n    at L2 (c:\\Users\\elias\\.vscode\\extensions\\uqbar.wollok-lsp-ide-0.5.5\\out\\server\\src\\server.js:2421:42)\n    at c:\\Users\\elias\\.vscode\\extensions\\uqbar.wollok-lsp-ide-0.5.5\\out\\server\\src\\server.js:2421:2988\n    at c:\\Users\\elias\\.vscode\\extensions\\uqbar.wollok-lsp-ide-0.5.5\\out\\server\\src\\server.js:2430:8440\n    at c:\\Users\\elias\\.vscode\\extensions\\uqbar.wollok-lsp-ide-0.5.5\\out\\server\\src\\server.js:37:74872\n    at Ke (c:\\Users\\elias\\.vscode\\extensions\\uqbar.wollok-lsp-ide-0.5.5\\out\\server\\src\\server.js:7:8527)\n    at It (c:\\Users\\elias\\.vscode\\extensions\\uqbar.wollok-lsp-ide-0.5.5\\out\\server\\src\\server.js:7:6189)\n    at et (c:\\Users\\elias\\.vscode\\extensions\\uqbar.wollok-lsp-ide-0.5.5\\out\\server\\src\\server.js:7:6378)\n    at Immediate._onImmediate (c:\\Users\\elias\\.vscode\\extensions\\uqbar.wollok-lsp-ide-0.5.5\\out\\server\\src\\server.js:7:6142)\n    at process.processImmediate (node:internal/timers:485:21)","timestamp":"2026-09-05T14:32:55.524Z"}
{"level":"info","message":"⌛ Validating clase59.wlk/bebidas.wlk","timeElapsed":333,"timestamp":"2026-09-05T14:32:55.865Z"}
{"level":"info","message":"⌛ Building environment","timeElapsed":166,"timestamp":"2026-09-05T14:32:56.037Z"}
{"level":"error","message":"✘ Completions for node Parameter ([71:56, 71:60] - clase59.wlk/bebidas.wlk) failed: Error: [Parameter]{efba89} at clase59.wlk/bebidas.wlk:71 exhausted all cases without a match [Parameter]{efba89} at clase59.wlk/bebidas.wlk:71 exhausted all cases without a match","stack":"Error: [Parameter]{efba89} at clase59.wlk/bebidas.wlk:71 exhausted all cases without a match\n    at c:\\Users\\elias\\.vscode\\extensions\\uqbar.wollok-lsp-ide-0.5.5\\out\\server\\src\\server.js:38:6142\n    at L2 (c:\\Users\\elias\\.vscode\\extensions\\uqbar.wollok-lsp-ide-0.5.5\\out\\server\\src\\server.js:2421:42)\n    at c:\\Users\\elias\\.vscode\\extensions\\uqbar.wollok-lsp-ide-0.5.5\\out\\server\\src\\server.js:2421:2988\n    at c:\\Users\\elias\\.vscode\\extensions\\uqbar.wollok-lsp-ide-0.5.5\\out\\server\\src\\server.js:2430:8440\n    at c:\\Users\\elias\\.vscode\\extensions\\uqbar.wollok-lsp-ide-0.5.5\\out\\server\\src\\server.js:37:74872\n    at Ke (c:\\Users\\elias\\.vscode\\extensions\\uqbar.wollok-lsp-ide-0.5.5\\out\\server\\src\\server.js:7:8527)\n    at It (c:\\Users\\elias\\.vscode\\extensions\\uqbar.wollok-lsp-ide-0.5.5\\out\\server\\src\\server.js:7:6189)\n    at et (c:\\Users\\elias\\.vscode\\extensions\\uqbar.wollok-lsp-ide-0.5.5\\out\\server\\src\\server.js:7:6378)\n    at Immediate._onImmediate (c:\\Users\\elias\\.vscode\\extensions\\uqbar.wollok-lsp-ide-0.5.5\\out\\server\\src\\server.js:7:6142)\n    at process.processImmediate (node:internal/timers:485:21)","timestamp":"2026-09-05T14:32:56.086Z"}
{"level":"info","message":"⌛ Validating clase59.wlk/bebidas.wlk","timeElapsed":185,"timestamp":"2026-09-05T14:32:56.275Z"}
{"level":"info","message":"⌛ Building environment","timeElapsed":124,"timestamp":"2026-09-05T14:32:57.496Z"}
{"level":"error","message":"✘ Completions for node Parameter ([71:56, 71:61] - clase59.wlk/bebidas.wlk) failed: Error: [Parameter]{0c64d5} at clase59.wlk/bebidas.wlk:71 exhausted all cases without a match [Parameter]{0c64d5} at clase59.wlk/bebidas.wlk:71 exhausted all cases without a match","stack":"Error: [Parameter]{0c64d5} at clase59.wlk/bebidas.wlk:71 exhausted all cases without a match\n    at c:\\Users\\elias\\.vscode\\extensions\\uqbar.wollok-lsp-ide-0.5.5\\out\\server\\src\\server.js:38:6142\n    at L2 (c:\\Users\\elias\\.vscode\\extensions\\uqbar.wollok-lsp-ide-0.5.5\\out\\server\\src\\server.js:2421:42)\n    at c:\\Users\\elias\\.vscode\\extensions\\uqbar.wollok-lsp-ide-0.5.5\\out\\server\\src\\server.js:2421:2988\n    at c:\\Users\\elias\\.vscode\\extensions\\uqbar.wollok-lsp-ide-0.5.5\\out\\server\\src\\server.js:2430:8440\n    at c:\\Users\\elias\\.vscode\\extensions\\uqbar.wollok-lsp-ide-0.5.5\\out\\server\\src\\server.js:37:74872\n    at Ke (c:\\Users\\elias\\.vscode\\extensions\\uqbar.wollok-lsp-ide-0.5.5\\out\\server\\src\\server.js:7:8527)\n    at It (c:\\Users\\elias\\.vscode\\extensions\\uqbar.wollok-lsp-ide-0.5.5\\out\\server\\src\\server.js:7:6189)\n    at et (c:\\Users\\elias\\.vscode\\extensions\\uqbar.wollok-lsp-ide-0.5.5\\out\\server\\src\\server.js:7:6378)\n    at Immediate._onImmediate (c:\\Users\\elias\\.vscode\\extensions\\uqbar.wollok-lsp-ide-0.5.5\\out\\server\\src\\server.js:7:6142)\n    at process.processImmediate (node:internal/timers:485:21)","timestamp":"2026-09-05T14:32:57.526Z"}
{"level":"info","message":"⌛ Validating clase59.wlk/bebidas.wlk","timeElapsed":222,"timestamp":"2026-09-05T14:32:57.753Z"}
{"level":"info","message":"⌛ Building environment","timeElapsed":133,"timestamp":"2026-09-05T14:32:57.886Z"}
{"level":"error","message":"✘ Completions for node Parameter ([71:56, 71:62] - clase59.wlk/bebidas.wlk) failed: Error: [Parameter]{7080fb} at clase59.wlk/bebidas.wlk:71 exhausted all cases without a match [Parameter]{7080fb} at clase59.wlk/bebidas.wlk:71 exhausted all cases without a match","stack":"Error: [Parameter]{7080fb} at clase59.wlk/bebidas.wlk:71 exhausted all cases without a match\n    at c:\\Users\\elias\\.vscode\\extensions\\uqbar.wollok-lsp-ide-0.5.5\\out\\server\\src\\server.js:38:6142\n    at L2 (c:\\Users\\elias\\.vscode\\extensions\\uqbar.wollok-lsp-ide-0.5.5\\out\\server\\src\\server.js:2421:42)\n    at c:\\Users\\elias\\.vscode\\extensions\\uqbar.wollok-lsp-ide-0.5.5\\out\\server\\src\\server.js:2421:2988\n    at c:\\Users\\elias\\.vscode\\extensions\\uqbar.wollok-lsp-ide-0.5.5\\out\\server\\src\\server.js:2430:8440\n    at c:\\Users\\elias\\.vscode\\extensions\\uqbar.wollok-lsp-ide-0.5.5\\out\\server\\src\\server.js:37:74872\n    at Ke (c:\\Users\\elias\\.vscode\\extensions\\uqbar.wollok-lsp-ide-0.5.5\\out\\server\\src\\server.js:7:8527)\n    at It (c:\\Users\\elias\\.vscode\\extensions\\uqbar.wollok-lsp-ide-0.5.5\\out\\server\\src\\server.js:7:6189)\n    at et (c:\\Users\\elias\\.vscode\\extensions\\uqbar.wollok-lsp-ide-0.5.5\\out\\server\\src\\server.js:7:6378)\n    at Immediate._onImmediate (c:\\Users\\elias\\.vscode\\extensions\\uqbar.wollok-lsp-ide-0.5.5\\out\\server\\src\\server.js:7:6142)\n    at process.processImmediate (node:internal/timers:485:21)","timestamp":"2026-09-05T14:32:57.949Z"}
{"level":"info","message":"⌛ Building environment","timeElapsed":118,"timestamp":"2026-09-05T14:32:58.080Z"}
{"level":"info","message":"⌛ Building environment","timeElapsed":158,"timestamp":"2026-09-05T14:32:58.255Z"}
{"level":"info","message":"⌛ Validating clase59.wlk/bebidas.wlk","timeElapsed":260,"timestamp":"2026-09-05T14:32:58.550Z"}
{"level":"info","message":"⌛ Building environment","timeElapsed":197,"timestamp":"2026-09-05T14:32:58.753Z"}
{"level":"info","message":"⌛ Validating clase59.wlk/bebidas.wlk","timeElapsed":177,"timestamp":"2026-09-05T14:32:58.931Z"}
{"level":"info","message":"⌛ Building environment","timeElapsed":126,"timestamp":"2026-09-05T14:32:59.061Z"}
{"level":"error","message":"✘ Completions for node Parameter ([71:56, 71:66] - clase59.wlk/bebidas.wlk) failed: Error: [Parameter]{764ef3} at clase59.wlk/bebidas.wlk:71 exhausted all cases without a match [Parameter]{764ef3} at clase59.wlk/bebidas.wlk:71 exhausted all cases without a match","stack":"Error: [Parameter]{764ef3} at clase59.wlk/bebidas.wlk:71 exhausted all cases without a match\n    at c:\\Users\\elias\\.vscode\\extensions\\uqbar.wollok-lsp-ide-0.5.5\\out\\server\\src\\server.js:38:6142\n    at L2 (c:\\Users\\elias\\.vscode\\extensions\\uqbar.wollok-lsp-ide-0.5.5\\out\\server\\src\\server.js:2421:42)\n    at c:\\Users\\elias\\.vscode\\extensions\\uqbar.wollok-lsp-ide-0.5.5\\out\\server\\src\\server.js:2421:2988\n    at c:\\Users\\elias\\.vscode\\extensions\\uqbar.wollok-lsp-ide-0.5.5\\out\\server\\src\\server.js:2430:8440\n    at c:\\Users\\elias\\.vscode\\extensions\\uqbar.wollok-lsp-ide-0.5.5\\out\\server\\src\\server.js:37:74872\n    at Ke (c:\\Users\\elias\\.vscode\\extensions\\uqbar.wollok-lsp-ide-0.5.5\\out\\server\\src\\server.js:7:8527)\n    at It (c:\\Users\\elias\\.vscode\\extensions\\uqbar.wollok-lsp-ide-0.5.5\\out\\server\\src\\server.js:7:6189)\n    at et (c:\\Users\\elias\\.vscode\\extensions\\uqbar.wollok-lsp-ide-0.5.5\\out\\server\\src\\server.js:7:6378)\n    at Immediate._onImmediate (c:\\Users\\elias\\.vscode\\extensions\\uqbar.wollok-lsp-ide-0.5.5\\out\\server\\src\\server.js:7:6142)\n    at process.processImmediate (node:internal/timers:485:21)","timestamp":"2026-09-05T14:32:59.098Z"}
{"level":"info","message":"⌛ Validating clase59.wlk/bebidas.wlk","timeElapsed":177,"timestamp":"2026-09-05T14:32:59.286Z"}
{"level":"info","message":"⌛ Building environment","timeElapsed":150,"timestamp":"2026-09-05T14:32:59.436Z"}
{"level":"info","message":"⌛ Building environment","timeElapsed":122,"timestamp":"2026-09-05T14:32:59.559Z"}
{"level":"info","message":"⌛ Validating clase59.wlk/bebidas.wlk","timeElapsed":174,"timestamp":"2026-09-05T14:32:59.742Z"}
{"level":"info","message":"⌛ Validating clase59.wlk/bebidas.wlk","timeElapsed":281,"timestamp":"2026-09-05T14:33:00.034Z"}
{"level":"info","message":"⌛ Validating clase59.wlk/bebidas.wlk","timeElapsed":232,"timestamp":"2026-09-05T14:33:00.297Z"}
{"level":"info","message":"⌛ Validating clase59.wlk/bebidas.wlk","timeElapsed":126,"timestamp":"2026-09-05T14:33:00.426Z"}
{"level":"info","message":"⌛ Building environment","timeElapsed":142,"timestamp":"2026-09-05T14:33:00.939Z"}
{"level":"info","message":"⌛ Validating clase59.wlk/bebidas.wlk","timeElapsed":203,"timestamp":"2026-09-05T14:33:01.145Z"}
{"level":"info","message":"⌛ Building environment","timeElapsed":140,"timestamp":"2026-09-05T14:33:01.692Z"}
{"level":"info","message":"⌛ Validating clase59.wlk/bebidas.wlk","timeElapsed":233,"timestamp":"2026-09-05T14:33:01.937Z"}
{"level":"info","message":"⌛ Building environment","timeElapsed":137,"timestamp":"2026-09-05T14:33:02.075Z"}
{"level":"error","message":"✘ Completions for node Parameter ([64:55, 64:56] - clase59.wlk/bebidas.wlk) failed: Error: [Parameter]{1fba52} at clase59.wlk/bebidas.wlk:64 exhausted all cases without a match [Parameter]{1fba52} at clase59.wlk/bebidas.wlk:64 exhausted all cases without a match","stack":"Error: [Parameter]{1fba52} at clase59.wlk/bebidas.wlk:64 exhausted all cases without a match\n    at c:\\Users\\elias\\.vscode\\extensions\\uqbar.wollok-lsp-ide-0.5.5\\out\\server\\src\\server.js:38:6142\n    at L2 (c:\\Users\\elias\\.vscode\\extensions\\uqbar.wollok-lsp-ide-0.5.5\\out\\server\\src\\server.js:2421:42)\n    at c:\\Users\\elias\\.vscode\\extensions\\uqbar.wollok-lsp-ide-0.5.5\\out\\server\\src\\server.js:2421:2988\n    at c:\\Users\\elias\\.vscode\\extensions\\uqbar.wollok-lsp-ide-0.5.5\\out\\server\\src\\server.js:2430:8440\n    at c:\\Users\\elias\\.vscode\\extensions\\uqbar.wollok-lsp-ide-0.5.5\\out\\server\\src\\server.js:37:74872\n    at Ke (c:\\Users\\elias\\.vscode\\extensions\\uqbar.wollok-lsp-ide-0.5.5\\out\\server\\src\\server.js:7:8527)\n    at It (c:\\Users\\elias\\.vscode\\extensions\\uqbar.wollok-lsp-ide-0.5.5\\out\\server\\src\\server.js:7:6189)\n    at et (c:\\Users\\elias\\.vscode\\extensions\\uqbar.wollok-lsp-ide-0.5.5\\out\\server\\src\\server.js:7:6378)\n    at Immediate._onImmediate (c:\\Users\\elias\\.vscode\\extensions\\uqbar.wollok-lsp-ide-0.5.5\\out\\server\\src\\server.js:7:6142)\n    at process.processImmediate (node:internal/timers:485:21)","timestamp":"2026-09-05T14:33:02.130Z"}
{"level":"info","message":"⌛ Building environment","timeElapsed":140,"timestamp":"2026-09-05T14:33:02.276Z"}
{"level":"info","message":"⌛ Validating clase59.wlk/bebidas.wlk","timeElapsed":190,"timestamp":"2026-09-05T14:33:02.490Z"}
{"level":"info","message":"⌛ Validating clase59.wlk/bebidas.wlk","timeElapsed":324,"timestamp":"2026-09-05T14:33:02.834Z"}
{"level":"info","message":"⌛ Building environment","timeElapsed":216,"timestamp":"2026-09-05T14:33:03.057Z"}
{"level":"error","message":"✘ Completions for node Parameter ([64:55, 64:58] - clase59.wlk/bebidas.wlk) failed: Error: [Parameter]{cba44e} at clase59.wlk/bebidas.wlk:64 exhausted all cases without a match [Parameter]{cba44e} at clase59.wlk/bebidas.wlk:64 exhausted all cases without a match","stack":"Error: [Parameter]{cba44e} at clase59.wlk/bebidas.wlk:64 exhausted all cases without a match\n    at c:\\Users\\elias\\.vscode\\extensions\\uqbar.wollok-lsp-ide-0.5.5\\out\\server\\src\\server.js:38:6142\n    at L2 (c:\\Users\\elias\\.vscode\\extensions\\uqbar.wollok-lsp-ide-0.5.5\\out\\server\\src\\server.js:2421:42)\n    at c:\\Users\\elias\\.vscode\\extensions\\uqbar.wollok-lsp-ide-0.5.5\\out\\server\\src\\server.js:2421:2988\n    at c:\\Users\\elias\\.vscode\\extensions\\uqbar.wollok-lsp-ide-0.5.5\\out\\server\\src\\server.js:2430:8440\n    at c:\\Users\\elias\\.vscode\\extensions\\uqbar.wollok-lsp-ide-0.5.5\\out\\server\\src\\server.js:37:74872\n    at Ke (c:\\Users\\elias\\.vscode\\extensions\\uqbar.wollok-lsp-ide-0.5.5\\out\\server\\src\\server.js:7:8527)\n    at It (c:\\Users\\elias\\.vscode\\extensions\\uqbar.wollok-lsp-ide-0.5.5\\out\\server\\src\\server.js:7:6189)\n    at et (c:\\Users\\elias\\.vscode\\extensions\\uqbar.wollok-lsp-ide-0.5.5\\out\\server\\src\\server.js:7:6378)\n    at Immediate._onImmediate (c:\\Users\\elias\\.vscode\\extensions\\uqbar.wollok-lsp-ide-0.5.5\\out\\server\\src\\server.js:7:6142)\n    at process.processImmediate (node:internal/timers:485:21)","timestamp":"2026-09-05T14:33:03.120Z"}
{"level":"info","message":"⌛ Building environment","timeElapsed":138,"timestamp":"2026-09-05T14:33:03.263Z"}
{"level":"info","message":"⌛ Validating clase59.wlk/bebidas.wlk","timeElapsed":313,"timestamp":"2026-09-05T14:33:03.603Z"}
{"level":"info","message":"⌛ Validating clase59.wlk/bebidas.wlk","timeElapsed":289,"timestamp":"2026-09-05T14:33:03.903Z"}
{"level":"info","message":"⌛ Building environment","timeElapsed":151,"timestamp":"2026-09-05T14:33:04.059Z"}
{"level":"error","message":"✘ Completions for node Parameter ([64:55, 64:60] - clase59.wlk/bebidas.wlk) failed: Error: [Parameter]{d6f511} at clase59.wlk/bebidas.wlk:64 exhausted all cases without a match [Parameter]{d6f511} at clase59.wlk/bebidas.wlk:64 exhausted all cases without a match","stack":"Error: [Parameter]{d6f511} at clase59.wlk/bebidas.wlk:64 exhausted all cases without a match\n    at c:\\Users\\elias\\.vscode\\extensions\\uqbar.wollok-lsp-ide-0.5.5\\out\\server\\src\\server.js:38:6142\n    at L2 (c:\\Users\\elias\\.vscode\\extensions\\uqbar.wollok-lsp-ide-0.5.5\\out\\server\\src\\server.js:2421:42)\n    at c:\\Users\\elias\\.vscode\\extensions\\uqbar.wollok-lsp-ide-0.5.5\\out\\server\\src\\server.js:2421:2988\n    at c:\\Users\\elias\\.vscode\\extensions\\uqbar.wollok-lsp-ide-0.5.5\\out\\server\\src\\server.js:2430:8440\n    at c:\\Users\\elias\\.vscode\\extensions\\uqbar.wollok-lsp-ide-0.5.5\\out\\server\\src\\server.js:37:74872\n    at Ke (c:\\Users\\elias\\.vscode\\extensions\\uqbar.wollok-lsp-ide-0.5.5\\out\\server\\src\\server.js:7:8527)\n    at It (c:\\Users\\elias\\.vscode\\extensions\\uqbar.wollok-lsp-ide-0.5.5\\out\\server\\src\\server.js:7:6189)\n    at et (c:\\Users\\elias\\.vscode\\extensions\\uqbar.wollok-lsp-ide-0.5.5\\out\\server\\src\\server.js:7:6378)\n    at Immediate._onImmediate (c:\\Users\\elias\\.vscode\\extensions\\uqbar.wollok-lsp-ide-0.5.5\\out\\server\\src\\server.js:7:6142)\n    at process.processImmediate (node:internal/timers:485:21)","timestamp":"2026-09-05T14:33:04.104Z"}
{"level":"info","message":"⌛ Building environment","timeElapsed":320,"timestamp":"2026-09-05T14:33:04.431Z"}
{"level":"info","message":"⌛ Building environment","timeElapsed":109,"timestamp":"2026-09-05T14:33:04.581Z"}
{"level":"info","message":"⌛ Building environment","timeElapsed":130,"timestamp":"2026-09-05T14:33:04.731Z"}
{"level":"info","message":"⌛ Building environment","timeElapsed":109,"timestamp":"2026-09-05T14:33:04.858Z"}
{"level":"info","message":"⌛ Validating clase59.wlk/bebidas.wlk","timeElapsed":192,"timestamp":"2026-09-05T14:33:05.076Z"}
{"level":"info","message":"⌛ Building environment","timeElapsed":131,"timestamp":"2026-09-05T14:33:05.212Z"}
{"level":"error","message":"✘ Completions for node Parameter ([64:55, 64:65] - clase59.wlk/bebidas.wlk) failed: Error: [Parameter]{a1d32e} at clase59.wlk/bebidas.wlk:64 exhausted all cases without a match [Parameter]{a1d32e} at clase59.wlk/bebidas.wlk:64 exhausted all cases without a match","stack":"Error: [Parameter]{a1d32e} at clase59.wlk/bebidas.wlk:64 exhausted all cases without a match\n    at c:\\Users\\elias\\.vscode\\extensions\\uqbar.wollok-lsp-ide-0.5.5\\out\\server\\src\\server.js:38:6142\n    at L2 (c:\\Users\\elias\\.vscode\\extensions\\uqbar.wollok-lsp-ide-0.5.5\\out\\server\\src\\server.js:2421:42)\n    at c:\\Users\\elias\\.vscode\\extensions\\uqbar.wollok-lsp-ide-0.5.5\\out\\server\\src\\server.js:2421:2988\n    at c:\\Users\\elias\\.vscode\\extensions\\uqbar.wollok-lsp-ide-0.5.5\\out\\server\\src\\server.js:2430:8440\n    at c:\\Users\\elias\\.vscode\\extensions\\uqbar.wollok-lsp-ide-0.5.5\\out\\server\\src\\server.js:37:74872\n    at Ke (c:\\Users\\elias\\.vscode\\extensions\\uqbar.wollok-lsp-ide-0.5.5\\out\\server\\src\\server.js:7:8527)\n    at It (c:\\Users\\elias\\.vscode\\extensions\\uqbar.wollok-lsp-ide-0.5.5\\out\\server\\src\\server.js:7:6189)\n    at et (c:\\Users\\elias\\.vscode\\extensions\\uqbar.wollok-lsp-ide-0.5.5\\out\\server\\src\\server.js:7:6378)\n    at Immediate._onImmediate (c:\\Users\\elias\\.vscode\\extensions\\uqbar.wollok-lsp-ide-0.5.5\\out\\server\\src\\server.js:7:6142)\n    at process.processImmediate (node:internal/timers:485:21)","timestamp":"2026-09-05T14:33:05.247Z"}
{"level":"info","message":"⌛ Building environment","timeElapsed":121,"timestamp":"2026-09-05T14:33:05.388Z"}
{"level":"info","message":"⌛ Validating clase59.wlk/bebidas.wlk","timeElapsed":378,"timestamp":"2026-09-05T14:33:05.786Z"}
{"level":"info","message":"⌛ Validating clase59.wlk/bebidas.wlk","timeElapsed":311,"timestamp":"2026-09-05T14:33:06.159Z"}
{"level":"info","message":"⌛ Validating clase59.wlk/bebidas.wlk","timeElapsed":240,"timestamp":"2026-09-05T14:33:06.407Z"}
{"level":"info","message":"⌛ Validating clase59.wlk/bebidas.wlk","timeElapsed":154,"timestamp":"2026-09-05T14:33:06.568Z"}
{"level":"info","message":"⌛ Building environment","timeElapsed":111,"timestamp":"2026-09-05T14:33:06.684Z"}
{"level":"info","message":"⌛ Building environment","timeElapsed":141,"timestamp":"2026-09-05T14:33:06.825Z"}
{"level":"error","message":"✘ Completions for node Parameter ([64:55, 64:64] - clase59.wlk/bebidas.wlk) failed: Error: [Parameter]{afe0bc} at clase59.wlk/bebidas.wlk:64 exhausted all cases without a match [Parameter]{afe0bc} at clase59.wlk/bebidas.wlk:64 exhausted all cases without a match","stack":"Error: [Parameter]{afe0bc} at clase59.wlk/bebidas.wlk:64 exhausted all cases without a match\n    at c:\\Users\\elias\\.vscode\\extensions\\uqbar.wollok-lsp-ide-0.5.5\\out\\server\\src\\server.js:38:6142\n    at L2 (c:\\Users\\elias\\.vscode\\extensions\\uqbar.wollok-lsp-ide-0.5.5\\out\\server\\src\\server.js:2421:42)\n    at c:\\Users\\elias\\.vscode\\extensions\\uqbar.wollok-lsp-ide-0.5.5\\out\\server\\src\\server.js:2421:2988\n    at c:\\Users\\elias\\.vscode\\extensions\\uqbar.wollok-lsp-ide-0.5.5\\out\\server\\src\\server.js:2430:8440\n    at c:\\Users\\elias\\.vscode\\extensions\\uqbar.wollok-lsp-ide-0.5.5\\out\\server\\src\\server.js:37:74872\n    at Ke (c:\\Users\\elias\\.vscode\\extensions\\uqbar.wollok-lsp-ide-0.5.5\\out\\server\\src\\server.js:7:8527)\n    at It (c:\\Users\\elias\\.vscode\\extensions\\uqbar.wollok-lsp-ide-0.5.5\\out\\server\\src\\server.js:7:6189)\n    at et (c:\\Users\\elias\\.vscode\\extensions\\uqbar.wollok-lsp-ide-0.5.5\\out\\server\\src\\server.js:7:6378)\n    at Immediate._onImmediate (c:\\Users\\elias\\.vscode\\extensions\\uqbar.wollok-lsp-ide-0.5.5\\out\\server\\src\\server.js:7:6142)\n    at process.processImmediate (node:internal/timers:485:21)","timestamp":"2026-09-05T14:33:06.862Z"}
{"level":"info","message":"⌛ Validating clase59.wlk/bebidas.wlk","timeElapsed":159,"timestamp":"2026-09-05T14:33:07.025Z"}
{"level":"info","message":"⌛ Validating clase59.wlk/bebidas.wlk","timeElapsed":303,"timestamp":"2026-09-05T14:33:07.342Z"}
{"level":"info","message":"⌛ Building environment","timeElapsed":378,"timestamp":"2026-09-05T14:33:07.748Z"}
{"level":"info","message":"⌛ Building environment","timeElapsed":132,"timestamp":"2026-09-05T14:33:07.883Z"}
{"level":"info","message":"⌛ Building environment","timeElapsed":136,"timestamp":"2026-09-05T14:33:08.020Z"}
{"level":"info","message":"⌛ Validating clase59.wlk/bebidas.wlk","timeElapsed":165,"timestamp":"2026-09-05T14:33:08.235Z"}
{"level":"info","message":"⌛ Validating clase59.wlk/bebidas.wlk","timeElapsed":235,"timestamp":"2026-09-05T14:33:08.470Z"}
{"level":"info","message":"⌛ Validating clase59.wlk/bebidas.wlk","timeElapsed":230,"timestamp":"2026-09-05T14:33:08.722Z"}
{"level":"info","message":"⌛ Validating clase59.wlk/bebidas.wlk","timeElapsed":238,"timestamp":"2026-09-05T14:33:08.977Z"}
{"level":"info","message":"⌛ Validating clase59.wlk/bebidas.wlk","timeElapsed":178,"timestamp":"2026-09-05T14:33:09.156Z"}
{"level":"error","message":"✘ Failed to rebuild document Failed to parse clase59.wlk/bebidas.wlk: \n-- PARSING FAILED --------------------------------------------------\n\n  59 |     }\n  60 |     method cumplirAnios() {edad += 1}\n> 61 | }\n     | ^\n  62 | \n  63 | object whisky {\n\nExpected one of the following: \n\n'@', 'class', 'const', 'describe', 'mixin', 'object', 'only', 'package', 'program', 'test', 'var', '{', EOF, comment, not \"}\r\n\r\n\", whitespace\n","stack":"Error: Failed to parse clase59.wlk/bebidas.wlk: \n-- PARSING FAILED --------------------------------------------------\n\n  59 |     }\n  60 |     method cumplirAnios() {edad += 1}\n> 61 | }\n     | ^\n  62 | \n  63 | object whisky {\n\nExpected one of the following: \n\n'@', 'class', 'const', 'describe', 'mixin', 'object', 'only', 'package', 'program', 'test', 'var', '{', EOF, comment, not \"}\r\n\r\n\", whitespace\n\n    at c:\\Users\\elias\\.vscode\\extensions\\uqbar.wollok-lsp-ide-0.5.5\\out\\server\\src\\server.js:2385:13026\n    at Array.map (<anonymous>)\n    at z1n (c:\\Users\\elias\\.vscode\\extensions\\uqbar.wollok-lsp-ide-0.5.5\\out\\server\\src\\server.js:2385:12950)\n    at H2.buildEnvironmentFrom (c:\\Users\\elias\\.vscode\\extensions\\uqbar.wollok-lsp-ide-0.5.5\\out\\server\\src\\server.js:2430:5254)\n    at H2.updateEnvironmentWith (c:\\Users\\elias\\.vscode\\extensions\\uqbar.wollok-lsp-ide-0.5.5\\out\\server\\src\\server.js:2430:4989)\n    at QF (c:\\Users\\elias\\.vscode\\extensions\\uqbar.wollok-lsp-ide-0.5.5\\out\\server\\src\\server.js:2430:7383)\n    at V3.invoke (c:\\Users\\elias\\.vscode\\extensions\\uqbar.wollok-lsp-ide-0.5.5\\out\\server\\src\\server.js:3:157330)\n    at o.fire (c:\\Users\\elias\\.vscode\\extensions\\uqbar.wollok-lsp-ide-0.5.5\\out\\server\\src\\server.js:3:158100)\n    at c:\\Users\\elias\\.vscode\\extensions\\uqbar.wollok-lsp-ide-0.5.5\\out\\server\\src\\server.js:37:57871\n    at nd (c:\\Users\\elias\\.vscode\\extensions\\uqbar.wollok-lsp-ide-0.5.5\\out\\server\\src\\server.js:8:1561)","timestamp":"2026-09-05T14:34:22.009Z"}
{"level":"error","message":"✘ Failed to rebuild document Failed to parse clase59.wlk/bebidas.wlk: \n-- PARSING FAILED --------------------------------------------------\n\n  59 |     }\n  60 |     method cumplirAnios() {edad += 1}\n> 61 | }\n     | ^\n  62 | \n  63 | object whisky {\n\nExpected one of the following: \n\n'@', 'class', 'const', 'describe', 'mixin', 'object', 'only', 'package', 'program', 'test', 'var', '{', EOF, comment, not \"}\r\n\r\n\", whitespace\n","stack":"Error: Failed to parse clase59.wlk/bebidas.wlk: \n-- PARSING FAILED --------------------------------------------------\n\n  59 |     }\n  60 |     method cumplirAnios() {edad += 1}\n> 61 | }\n     | ^\n  62 | \n  63 | object whisky {\n\nExpected one of the following: \n\n'@', 'class', 'const', 'describe', 'mixin', 'object', 'only', 'package', 'program', 'test', 'var', '{', EOF, comment, not \"}\r\n\r\n\", whitespace\n\n    at c:\\Users\\elias\\.vscode\\extensions\\uqbar.wollok-lsp-ide-0.5.5\\out\\server\\src\\server.js:2385:13026\n    at Array.map (<anonymous>)\n    at z1n (c:\\Users\\elias\\.vscode\\extensions\\uqbar.wollok-lsp-ide-0.5.5\\out\\server\\src\\server.js:2385:12950)\n    at H2.buildEnvironmentFrom (c:\\Users\\elias\\.vscode\\extensions\\uqbar.wollok-lsp-ide-0.5.5\\out\\server\\src\\server.js:2430:5254)\n    at H2.updateEnvironmentWith (c:\\Users\\elias\\.vscode\\extensions\\uqbar.wollok-lsp-ide-0.5.5\\out\\server\\src\\server.js:2430:4989)\n    at QF (c:\\Users\\elias\\.vscode\\extensions\\uqbar.wollok-lsp-ide-0.5.5\\out\\server\\src\\server.js:2430:7383)\n    at V3.invoke (c:\\Users\\elias\\.vscode\\extensions\\uqbar.wollok-lsp-ide-0.5.5\\out\\server\\src\\server.js:3:157330)\n    at o.fire (c:\\Users\\elias\\.vscode\\extensions\\uqbar.wollok-lsp-ide-0.5.5\\out\\server\\src\\server.js:3:158100)\n    at c:\\Users\\elias\\.vscode\\extensions\\uqbar.wollok-lsp-ide-0.5.5\\out\\server\\src\\server.js:37:57871\n    at nd (c:\\Users\\elias\\.vscode\\extensions\\uqbar.wollok-lsp-ide-0.5.5\\out\\server\\src\\server.js:8:1561)","timestamp":"2026-09-05T14:34:22.222Z"}
{"level":"info","message":"⌛ Building environment","timeElapsed":118,"timestamp":"2026-09-05T14:34:22.498Z"}
{"level":"error","message":"✘ Completions for node Send ([50:16, 50:62] - clase59.wlk/bebidas.wlk) failed: Error: [Send]{79a495} at clase59.wlk/bebidas.wlk:50 exhausted all cases without a match [Send]{79a495} at clase59.wlk/bebidas.wlk:50 exhausted all cases without a match","stack":"Error: [Send]{79a495} at clase59.wlk/bebidas.wlk:50 exhausted all cases without a match\n    at c:\\Users\\elias\\.vscode\\extensions\\uqbar.wollok-lsp-ide-0.5.5\\out\\server\\src\\server.js:38:6142\n    at L2 (c:\\Users\\elias\\.vscode\\extensions\\uqbar.wollok-lsp-ide-0.5.5\\out\\server\\src\\server.js:2421:42)\n    at Jh (c:\\Users\\elias\\.vscode\\extensions\\uqbar.wollok-lsp-ide-0.5.5\\out\\server\\src\\server.js:2421:1092)\n    at w5n (c:\\Users\\elias\\.vscode\\extensions\\uqbar.wollok-lsp-ide-0.5.5\\out\\server\\src\\server.js:2421:1248)\n    at c:\\Users\\elias\\.vscode\\extensions\\uqbar.wollok-lsp-ide-0.5.5\\out\\server\\src\\server.js:38:6131\n    at L2 (c:\\Users\\elias\\.vscode\\extensions\\uqbar.wollok-lsp-ide-0.5.5\\out\\server\\src\\server.js:2421:42)\n    at c:\\Users\\elias\\.vscode\\extensions\\uqbar.wollok-lsp-ide-0.5.5\\out\\server\\src\\server.js:2421:2988\n    at c:\\Users\\elias\\.vscode\\extensions\\uqbar.wollok-lsp-ide-0.5.5\\out\\server\\src\\server.js:2430:8440\n    at c:\\Users\\elias\\.vscode\\extensions\\uqbar.wollok-lsp-ide-0.5.5\\out\\server\\src\\server.js:37:74872\n    at Ke (c:\\Users\\elias\\.vscode\\extensions\\uqbar.wollok-lsp-ide-0.5.5\\out\\server\\src\\server.js:7:8527)","timestamp":"2026-09-05T14:34:22.546Z"}
{"level":"error","message":"✘ Completions for node Send ([50:16, 51:15] - clase59.wlk/bebidas.wlk) failed: Error: [Send]{a53e66} at clase59.wlk/bebidas.wlk:50 exhausted all cases without a match [Send]{a53e66} at clase59.wlk/bebidas.wlk:50 exhausted all cases without a match","stack":"Error: [Send]{a53e66} at clase59.wlk/bebidas.wlk:50 exhausted all cases without a match\n    at c:\\Users\\elias\\.vscode\\extensions\\uqbar.wollok-lsp-ide-0.5.5\\out\\server\\src\\server.js:38:6142\n    at L2 (c:\\Users\\elias\\.vscode\\extensions\\uqbar.wollok-lsp-ide-0.5.5\\out\\server\\src\\server.js:2421:42)\n    at Jh (c:\\Users\\elias\\.vscode\\extensions\\uqbar.wollok-lsp-ide-0.5.5\\out\\server\\src\\server.js:2421:1092)\n    at L2 (c:\\Users\\elias\\.vscode\\extensions\\uqbar.wollok-lsp-ide-0.5.5\\out\\server\\src\\server.js:2421:544)\n    at Jh (c:\\Users\\elias\\.vscode\\extensions\\uqbar.wollok-lsp-ide-0.5.5\\out\\server\\src\\server.js:2421:1092)\n    at w5n (c:\\Users\\elias\\.vscode\\extensions\\uqbar.wollok-lsp-ide-0.5.5\\out\\server\\src\\server.js:2421:1248)\n    at c:\\Users\\elias\\.vscode\\extensions\\uqbar.wollok-lsp-ide-0.5.5\\out\\server\\src\\server.js:38:6131\n    at L2 (c:\\Users\\elias\\.vscode\\extensions\\uqbar.wollok-lsp-ide-0.5.5\\out\\server\\src\\server.js:2421:42)\n    at c:\\Users\\elias\\.vscode\\extensions\\uqbar.wollok-lsp-ide-0.5.5\\out\\server\\src\\server.js:2421:2988\n    at c:\\Users\\elias\\.vscode\\extensions\\uqbar.wollok-lsp-ide-0.5.5\\out\\server\\src\\server.js:2430:8440","timestamp":"2026-09-05T14:34:22.547Z"}
{"level":"error","message":"✘ Completions for node Send ([50:16, 51:22] - clase59.wlk/bebidas.wlk) failed: Error: [Send]{2129df} at clase59.wlk/bebidas.wlk:50 exhausted all cases without a match [Send]{2129df} at clase59.wlk/bebidas.wlk:50 exhausted all cases without a match","stack":"Error: [Send]{2129df} at clase59.wlk/bebidas.wlk:50 exhausted all cases without a match\n    at c:\\Users\\elias\\.vscode\\extensions\\uqbar.wollok-lsp-ide-0.5.5\\out\\server\\src\\server.js:38:6142\n    at L2 (c:\\Users\\elias\\.vscode\\extensions\\uqbar.wollok-lsp-ide-0.5.5\\out\\server\\src\\server.js:2421:42)\n    at Jh (c:\\Users\\elias\\.vscode\\extensions\\uqbar.wollok-lsp-ide-0.5.5\\out\\server\\src\\server.js:2421:1092)\n    at L2 (c:\\Users\\elias\\.vscode\\extensions\\uqbar.wollok-lsp-ide-0.5.5\\out\\server\\src\\server.js:2421:544)\n    at Jh (c:\\Users\\elias\\.vscode\\extensions\\uqbar.wollok-lsp-ide-0.5.5\\out\\server\\src\\server.js:2421:1092)\n    at L2 (c:\\Users\\elias\\.vscode\\extensions\\uqbar.wollok-lsp-ide-0.5.5\\out\\server\\src\\server.js:2421:544)\n    at Jh (c:\\Users\\elias\\.vscode\\extensions\\uqbar.wollok-lsp-ide-0.5.5\\out\\server\\src\\server.js:2421:1092)\n    at w5n (c:\\Users\\elias\\.vscode\\extensions\\uqbar.wollok-lsp-ide-0.5.5\\out\\server\\src\\server.js:2421:1248)\n    at c:\\Users\\elias\\.vscode\\extensions\\uqbar.wollok-lsp-ide-0.5.5\\out\\server\\src\\server.js:38:6131\n    at L2 (c:\\Users\\elias\\.vscode\\extensions\\uqbar.wollok-lsp-ide-0.5.5\\out\\server\\src\\server.js:2421:42)","timestamp":"2026-09-05T14:34:22.547Z"}
{"level":"error","message":"✘ Completions for node Send ([50:16, 51:48] - clase59.wlk/bebidas.wlk) failed: Error: [Send]{018a39} at clase59.wlk/bebidas.wlk:50 exhausted all cases without a match [Send]{018a39} at clase59.wlk/bebidas.wlk:50 exhausted all cases without a match","stack":"Error: [Send]{018a39} at clase59.wlk/bebidas.wlk:50 exhausted all cases without a match\n    at c:\\Users\\elias\\.vscode\\extensions\\uqbar.wollok-lsp-ide-0.5.5\\out\\server\\src\\server.js:38:6142\n    at L2 (c:\\Users\\elias\\.vscode\\extensions\\uqbar.wollok-lsp-ide-0.5.5\\out\\server\\src\\server.js:2421:42)\n    at Jh (c:\\Users\\elias\\.vscode\\extensions\\uqbar.wollok-lsp-ide-0.5.5\\out\\server\\src\\server.js:2421:1092)\n    at L2 (c:\\Users\\elias\\.vscode\\extensions\\uqbar.wollok-lsp-ide-0.5.5\\out\\server\\src\\server.js:2421:544)\n    at Jh (c:\\Users\\elias\\.vscode\\extensions\\uqbar.wollok-lsp-ide-0.5.5\\out\\server\\src\\server.js:2421:1092)\n    at L2 (c:\\Users\\elias\\.vscode\\extensions\\uqbar.wollok-lsp-ide-0.5.5\\out\\server\\src\\server.js:2421:544)\n    at Jh (c:\\Users\\elias\\.vscode\\extensions\\uqbar.wollok-lsp-ide-0.5.5\\out\\server\\src\\server.js:2421:1092)\n    at L2 (c:\\Users\\elias\\.vscode\\extensions\\uqbar.wollok-lsp-ide-0.5.5\\out\\server\\src\\server.js:2421:544)\n    at Jh (c:\\Users\\elias\\.vscode\\extensions\\uqbar.wollok-lsp-ide-0.5.5\\out\\server\\src\\server.js:2421:1092)\n    at w5n (c:\\Users\\elias\\.vscode\\extensions\\uqbar.wollok-lsp-ide-0.5.5\\out\\server\\src\\server.js:2421:1248)","timestamp":"2026-09-05T14:34:22.548Z"}
{"level":"error","message":"✘ Completions for node Return ([50:9, 51:48] - clase59.wlk/bebidas.wlk) failed: Error: [Return]{df27d0} at clase59.wlk/bebidas.wlk:50 exhausted all cases without a match [Return]{df27d0} at clase59.wlk/bebidas.wlk:50 exhausted all cases without a match","stack":"Error: [Return]{df27d0} at clase59.wlk/bebidas.wlk:50 exhausted all cases without a match\n    at c:\\Users\\elias\\.vscode\\extensions\\uqbar.wollok-lsp-ide-0.5.5\\out\\server\\src\\server.js:38:6142\n    at L2 (c:\\Users\\elias\\.vscode\\extensions\\uqbar.wollok-lsp-ide-0.5.5\\out\\server\\src\\server.js:2421:42)\n    at Jh (c:\\Users\\elias\\.vscode\\extensions\\uqbar.wollok-lsp-ide-0.5.5\\out\\server\\src\\server.js:2421:1092)\n    at L2 (c:\\Users\\elias\\.vscode\\extensions\\uqbar.wollok-lsp-ide-0.5.5\\out\\server\\src\\server.js:2421:544)\n    at Jh (c:\\Users\\elias\\.vscode\\extensions\\uqbar.wollok-lsp-ide-0.5.5\\out\\server\\src\\server.js:2421:1092)\n    at L2 (c:\\Users\\elias\\.vscode\\extensions\\uqbar.wollok-lsp-ide-0.5.5\\out\\server\\src\\server.js:2421:544)\n    at Jh (c:\\Users\\elias\\.vscode\\extensions\\uqbar.wollok-lsp-ide-0.5.5\\out\\server\\src\\server.js:2421:1092)\n    at L2 (c:\\Users\\elias\\.vscode\\extensions\\uqbar.wollok-lsp-ide-0.5.5\\out\\server\\src\\server.js:2421:544)\n    at Jh (c:\\Users\\elias\\.vscode\\extensions\\uqbar.wollok-lsp-ide-0.5.5\\out\\server\\src\\server.js:2421:1092)\n    at L2 (c:\\Users\\elias\\.vscode\\extensions\\uqbar.wollok-lsp-ide-0.5.5\\out\\server\\src\\server.js:2421:544)","timestamp":"2026-09-05T14:34:22.548Z"}
{"level":"info","message":"⌛ Validating clase59.wlk/bebidas.wlk","timeElapsed":152,"timestamp":"2026-09-05T14:34:22.703Z"}
{"level":"error","message":"✘ Failed to rebuild document Failed to parse clase59.wlk/bebidas.wlk: \n-- PARSING FAILED --------------------------------------------------\n\n  59 |     }\n  60 |     method cumplirAnios() {edad += 1}\n> 61 | }\n     | ^\n  62 | \n  63 | object whisky {\n\nExpected one of the following: \n\n'@', 'class', 'const', 'describe', 'mixin', 'object', 'only', 'package', 'program', 'test', 'var', '{', EOF, comment, not \"}\r\n\r\n\", whitespace\n","stack":"Error: Failed to parse clase59.wlk/bebidas.wlk: \n-- PARSING FAILED --------------------------------------------------\n\n  59 |     }\n  60 |     method cumplirAnios() {edad += 1}\n> 61 | }\n     | ^\n  62 | \n  63 | object whisky {\n\nExpected one of the following: \n\n'@', 'class', 'const', 'describe', 'mixin', 'object', 'only', 'package', 'program', 'test', 'var', '{', EOF, comment, not \"}\r\n\r\n\", whitespace\n\n    at c:\\Users\\elias\\.vscode\\extensions\\uqbar.wollok-lsp-ide-0.5.5\\out\\server\\src\\server.js:2385:13026\n    at Array.map (<anonymous>)\n    at z1n (c:\\Users\\elias\\.vscode\\extensions\\uqbar.wollok-lsp-ide-0.5.5\\out\\server\\src\\server.js:2385:12950)\n    at H2.buildEnvironmentFrom (c:\\Users\\elias\\.vscode\\extensions\\uqbar.wollok-lsp-ide-0.5.5\\out\\server\\src\\server.js:2430:5254)\n    at H2.updateEnvironmentWith (c:\\Users\\elias\\.vscode\\extensions\\uqbar.wollok-lsp-ide-0.5.5\\out\\server\\src\\server.js:2430:4989)\n    at QF (c:\\Users\\elias\\.vscode\\extensions\\uqbar.wollok-lsp-ide-0.5.5\\out\\server\\src\\server.js:2430:7383)\n    at V3.invoke (c:\\Users\\elias\\.vscode\\extensions\\uqbar.wollok-lsp-ide-0.5.5\\out\\server\\src\\server.js:3:157330)\n    at o.fire (c:\\Users\\elias\\.vscode\\extensions\\uqbar.wollok-lsp-ide-0.5.5\\out\\server\\src\\server.js:3:158100)\n    at c:\\Users\\elias\\.vscode\\extensions\\uqbar.wollok-lsp-ide-0.5.5\\out\\server\\src\\server.js:37:57871\n    at nd (c:\\Users\\elias\\.vscode\\extensions\\uqbar.wollok-lsp-ide-0.5.5\\out\\server\\src\\server.js:8:1561)","timestamp":"2026-09-05T14:34:22.829Z"}
{"level":"info","message":"⌛ Building environment","timeElapsed":143,"timestamp":"2026-09-05T14:34:23.065Z"}
{"level":"error","message":"✘ Completions for node Send ([50:16, 50:62] - clase59.wlk/bebidas.wlk) failed: Error: [Send]{fe8a32} at clase59.wlk/bebidas.wlk:50 exhausted all cases without a match [Send]{fe8a32} at clase59.wlk/bebidas.wlk:50 exhausted all cases without a match","stack":"Error: [Send]{fe8a32} at clase59.wlk/bebidas.wlk:50 exhausted all cases without a match\n    at c:\\Users\\elias\\.vscode\\extensions\\uqbar.wollok-lsp-ide-0.5.5\\out\\server\\src\\server.js:38:6142\n    at L2 (c:\\Users\\elias\\.vscode\\extensions\\uqbar.wollok-lsp-ide-0.5.5\\out\\server\\src\\server.js:2421:42)\n    at Jh (c:\\Users\\elias\\.vscode\\extensions\\uqbar.wollok-lsp-ide-0.5.5\\out\\server\\src\\server.js:2421:1092)\n    at w5n (c:\\Users\\elias\\.vscode\\extensions\\uqbar.wollok-lsp-ide-0.5.5\\out\\server\\src\\server.js:2421:1248)\n    at c:\\Users\\elias\\.vscode\\extensions\\uqbar.wollok-lsp-ide-0.5.5\\out\\server\\src\\server.js:38:6131\n    at L2 (c:\\Users\\elias\\.vscode\\extensions\\uqbar.wollok-lsp-ide-0.5.5\\out\\server\\src\\server.js:2421:42)\n    at c:\\Users\\elias\\.vscode\\extensions\\uqbar.wollok-lsp-ide-0.5.5\\out\\server\\src\\server.js:2421:2988\n    at c:\\Users\\elias\\.vscode\\extensions\\uqbar.wollok-lsp-ide-0.5.5\\out\\server\\src\\server.js:2430:8440\n    at c:\\Users\\elias\\.vscode\\extensions\\uqbar.wollok-lsp-ide-0.5.5\\out\\server\\src\\server.js:37:74872\n    at Ke (c:\\Users\\elias\\.vscode\\extensions\\uqbar.wollok-lsp-ide-0.5.5\\out\\server\\src\\server.js:7:8527)","timestamp":"2026-09-05T14:34:23.100Z"}
{"level":"error","message":"✘ Completions for node Send ([50:16, 51:15] - clase59.wlk/bebidas.wlk) failed: Error: [Send]{c69596} at clase59.wlk/bebidas.wlk:50 exhausted all cases without a match [Send]{c69596} at clase59.wlk/bebidas.wlk:50 exhausted all cases without a match","stack":"Error: [Send]{c69596} at clase59.wlk/bebidas.wlk:50 exhausted all cases without a match\n    at c:\\Users\\elias\\.vscode\\extensions\\uqbar.wollok-lsp-ide-0.5.5\\out\\server\\src\\server.js:38:6142\n    at L2 (c:\\Users\\elias\\.vscode\\extensions\\uqbar.wollok-lsp-ide-0.5.5\\out\\server\\src\\server.js:2421:42)\n    at Jh (c:\\Users\\elias\\.vscode\\extensions\\uqbar.wollok-lsp-ide-0.5.5\\out\\server\\src\\server.js:2421:1092)\n    at L2 (c:\\Users\\elias\\.vscode\\extensions\\uqbar.wollok-lsp-ide-0.5.5\\out\\server\\src\\server.js:2421:544)\n    at Jh (c:\\Users\\elias\\.vscode\\extensions\\uqbar.wollok-lsp-ide-0.5.5\\out\\server\\src\\server.js:2421:1092)\n    at w5n (c:\\Users\\elias\\.vscode\\extensions\\uqbar.wollok-lsp-ide-0.5.5\\out\\server\\src\\server.js:2421:1248)\n    at c:\\Users\\elias\\.vscode\\extensions\\uqbar.wollok-lsp-ide-0.5.5\\out\\server\\src\\server.js:38:6131\n    at L2 (c:\\Users\\elias\\.vscode\\extensions\\uqbar.wollok-lsp-ide-0.5.5\\out\\server\\src\\server.js:2421:42)\n    at c:\\Users\\elias\\.vscode\\extensions\\uqbar.wollok-lsp-ide-0.5.5\\out\\server\\src\\server.js:2421:2988\n    at c:\\Users\\elias\\.vscode\\extensions\\uqbar.wollok-lsp-ide-0.5.5\\out\\server\\src\\server.js:2430:8440","timestamp":"2026-09-05T14:34:23.100Z"}
{"level":"error","message":"✘ Completions for node Send ([50:16, 51:22] - clase59.wlk/bebidas.wlk) failed: Error: [Send]{38d52b} at clase59.wlk/bebidas.wlk:50 exhausted all cases without a match [Send]{38d52b} at clase59.wlk/bebidas.wlk:50 exhausted all cases without a match","stack":"Error: [Send]{38d52b} at clase59.wlk/bebidas.wlk:50 exhausted all cases without a match\n    at c:\\Users\\elias\\.vscode\\extensions\\uqbar.wollok-lsp-ide-0.5.5\\out\\server\\src\\server.js:38:6142\n    at L2 (c:\\Users\\elias\\.vscode\\extensions\\uqbar.wollok-lsp-ide-0.5.5\\out\\server\\src\\server.js:2421:42)\n    at Jh (c:\\Users\\elias\\.vscode\\extensions\\uqbar.wollok-lsp-ide-0.5.5\\out\\server\\src\\server.js:2421:1092)\n    at L2 (c:\\Users\\elias\\.vscode\\extensions\\uqbar.wollok-lsp-ide-0.5.5\\out\\server\\src\\server.js:2421:544)\n    at Jh (c:\\Users\\elias\\.vscode\\extensions\\uqbar.wollok-lsp-ide-0.5.5\\out\\server\\src\\server.js:2421:1092)\n    at L2 (c:\\Users\\elias\\.vscode\\extensions\\uqbar.wollok-lsp-ide-0.5.5\\out\\server\\src\\server.js:2421:544)\n    at Jh (c:\\Users\\elias\\.vscode\\extensions\\uqbar.wollok-lsp-ide-0.5.5\\out\\server\\src\\server.js:2421:1092)\n    at w5n (c:\\Users\\elias\\.vscode\\extensions\\uqbar.wollok-lsp-ide-0.5.5\\out\\server\\src\\server.js:2421:1248)\n    at c:\\Users\\elias\\.vscode\\extensions\\uqbar.wollok-lsp-ide-0.5.5\\out\\server\\src\\server.js:38:6131\n    at L2 (c:\\Users\\elias\\.vscode\\extensions\\uqbar.wollok-lsp-ide-0.5.5\\out\\server\\src\\server.js:2421:42)","timestamp":"2026-09-05T14:34:23.100Z"}
{"level":"error","message":"✘ Completions for node Send ([50:16, 51:48] - clase59.wlk/bebidas.wlk) failed: Error: [Send]{a16982} at clase59.wlk/bebidas.wlk:50 exhausted all cases without a match [Send]{a16982} at clase59.wlk/bebidas.wlk:50 exhausted all cases without a match","stack":"Error: [Send]{a16982} at clase59.wlk/bebidas.wlk:50 exhausted all cases without a match\n    at c:\\Users\\elias\\.vscode\\extensions\\uqbar.wollok-lsp-ide-0.5.5\\out\\server\\src\\server.js:38:6142\n    at L2 (c:\\Users\\elias\\.vscode\\extensions\\uqbar.wollok-lsp-ide-0.5.5\\out\\server\\src\\server.js:2421:42)\n    at Jh (c:\\Users\\elias\\.vscode\\extensions\\uqbar.wollok-lsp-ide-0.5.5\\out\\server\\src\\server.js:2421:1092)\n    at L2 (c:\\Users\\elias\\.vscode\\extensions\\uqbar.wollok-lsp-ide-0.5.5\\out\\server\\src\\server.js:2421:544)\n    at Jh (c:\\Users\\elias\\.vscode\\extensions\\uqbar.wollok-lsp-ide-0.5.5\\out\\server\\src\\server.js:2421:1092)\n    at L2 (c:\\Users\\elias\\.vscode\\extensions\\uqbar.wollok-lsp-ide-0.5.5\\out\\server\\src\\server.js:2421:544)\n    at Jh (c:\\Users\\elias\\.vscode\\extensions\\uqbar.wollok-lsp-ide-0.5.5\\out\\server\\src\\server.js:2421:1092)\n    at L2 (c:\\Users\\elias\\.vscode\\extensions\\uqbar.wollok-lsp-ide-0.5.5\\out\\server\\src\\server.js:2421:544)\n    at Jh (c:\\Users\\elias\\.vscode\\extensions\\uqbar.wollok-lsp-ide-0.5.5\\out\\server\\src\\server.js:2421:1092)\n    at w5n (c:\\Users\\elias\\.vscode\\extensions\\uqbar.wollok-lsp-ide-0.5.5\\out\\server\\src\\server.js:2421:1248)","timestamp":"2026-09-05T14:34:23.100Z"}
{"level":"error","message":"✘ Completions for node Return ([50:9, 51:48] - clase59.wlk/bebidas.wlk) failed: Error: [Return]{ef6f8e} at clase59.wlk/bebidas.wlk:50 exhausted all cases without a match [Return]{ef6f8e} at clase59.wlk/bebidas.wlk:50 exhausted all cases without a match","stack":"Error: [Return]{ef6f8e} at clase59.wlk/bebidas.wlk:50 exhausted all cases without a match\n    at c:\\Users\\elias\\.vscode\\extensions\\uqbar.wollok-lsp-ide-0.5.5\\out\\server\\src\\server.js:38:6142\n    at L2 (c:\\Users\\elias\\.vscode\\extensions\\uqbar.wollok-lsp-ide-0.5.5\\out\\server\\src\\server.js:2421:42)\n    at Jh (c:\\Users\\elias\\.vscode\\extensions\\uqbar.wollok-lsp-ide-0.5.5\\out\\server\\src\\server.js:2421:1092)\n    at L2 (c:\\Users\\elias\\.vscode\\extensions\\uqbar.wollok-lsp-ide-0.5.5\\out\\server\\src\\server.js:2421:544)\n    at Jh (c:\\Users\\elias\\.vscode\\extensions\\uqbar.wollok-lsp-ide-0.5.5\\out\\server\\src\\server.js:2421:1092)\n    at L2 (c:\\Users\\elias\\.vscode\\extensions\\uqbar.wollok-lsp-ide-0.5.5\\out\\server\\src\\server.js:2421:544)\n    at Jh (c:\\Users\\elias\\.vscode\\extensions\\uqbar.wollok-lsp-ide-0.5.5\\out\\server\\src\\server.js:2421:1092)\n    at L2 (c:\\Users\\elias\\.vscode\\extensions\\uqbar.wollok-lsp-ide-0.5.5\\out\\server\\src\\server.js:2421:544)\n    at Jh (c:\\Users\\elias\\.vscode\\extensions\\uqbar.wollok-lsp-ide-0.5.5\\out\\server\\src\\server.js:2421:1092)\n    at L2 (c:\\Users\\elias\\.vscode\\extensions\\uqbar.wollok-lsp-ide-0.5.5\\out\\server\\src\\server.js:2421:544)","timestamp":"2026-09-05T14:34:23.100Z"}
{"level":"info","message":"⌛ Validating clase59.wlk/bebidas.wlk","timeElapsed":257,"timestamp":"2026-09-05T14:34:23.365Z"}
{"level":"info","message":"⌛ Building environment","timeElapsed":263,"timestamp":"2026-09-05T14:34:23.634Z"}
{"level":"info","message":"⌛ Building environment","timeElapsed":169,"timestamp":"2026-09-05T14:34:23.804Z"}
{"level":"info","message":"⌛ Building environment","timeElapsed":105,"timestamp":"2026-09-05T14:34:23.910Z"}
{"level":"info","message":"⌛ Validating clase59.wlk/bebidas.wlk","timeElapsed":196,"timestamp":"2026-09-05T14:34:24.136Z"}
{"level":"info","message":"⌛ Validating clase59.wlk/bebidas.wlk","timeElapsed":193,"timestamp":"2026-09-05T14:34:24.330Z"}
{"level":"info","message":"⌛ Validating clase59.wlk/bebidas.wlk","timeElapsed":204,"timestamp":"2026-09-05T14:34:24.580Z"}
{"level":"info","message":"⌛ Building environment","timeElapsed":157,"timestamp":"2026-09-05T14:34:51.433Z"}
{"level":"info","message":"⌛ Validating clase59.wlk/bebidas.wlk","timeElapsed":161,"timestamp":"2026-09-05T14:34:51.609Z"}
{"level":"info","message":"⌛ Building environment","timeElapsed":179,"timestamp":"2026-09-05T14:37:45.703Z"}
{"level":"info","message":"⌛ Validating clase59.wlk/bebidas.wlk","timeElapsed":304,"timestamp":"2026-09-05T14:37:46.034Z"}
{"level":"error","message":"✘ Failed to rebuild document Failed to parse clase59.wlk/bebidas.wlk: \n-- PARSING FAILED --------------------------------------------------\n\n  34 |         peso = nuevoPeso\n  35 |     }\n> 36 | }\n     | ^\n  37 | \n  38 | object pepe{\n\nExpected one of the following: \n\n'@', 'class', 'const', 'describe', 'mixin', 'object', 'only', 'package', 'program', 'test', 'var', '{', EOF, comment, not \"}\r\n\r\n\", whitespace\n","stack":"Error: Failed to parse clase59.wlk/bebidas.wlk: \n-- PARSING FAILED --------------------------------------------------\n\n  34 |         peso = nuevoPeso\n  35 |     }\n> 36 | }\n     | ^\n  37 | \n  38 | object pepe{\n\nExpected one of the following: \n\n'@', 'class', 'const', 'describe', 'mixin', 'object', 'only', 'package', 'program', 'test', 'var', '{', EOF, comment, not \"}\r\n\r\n\", whitespace\n\n    at c:\\Users\\elias\\.vscode\\extensions\\uqbar.wollok-lsp-ide-0.5.5\\out\\server\\src\\server.js:2385:13026\n    at Array.map (<anonymous>)\n    at z1n (c:\\Users\\elias\\.vscode\\extensions\\uqbar.wollok-lsp-ide-0.5.5\\out\\server\\src\\server.js:2385:12950)\n    at H2.buildEnvironmentFrom (c:\\Users\\elias\\.vscode\\extensions\\uqbar.wollok-lsp-ide-0.5.5\\out\\server\\src\\server.js:2430:5254)\n    at H2.updateEnvironmentWith (c:\\Users\\elias\\.vscode\\extensions\\uqbar.wollok-lsp-ide-0.5.5\\out\\server\\src\\server.js:2430:4989)\n    at QF (c:\\Users\\elias\\.vscode\\extensions\\uqbar.wollok-lsp-ide-0.5.5\\out\\server\\src\\server.js:2430:7383)\n    at V3.invoke (c:\\Users\\elias\\.vscode\\extensions\\uqbar.wollok-lsp-ide-0.5.5\\out\\server\\src\\server.js:3:157330)\n    at o.fire (c:\\Users\\elias\\.vscode\\extensions\\uqbar.wollok-lsp-ide-0.5.5\\out\\server\\src\\server.js:3:158100)\n    at c:\\Users\\elias\\.vscode\\extensions\\uqbar.wollok-lsp-ide-0.5.5\\out\\server\\src\\server.js:37:57871\n    at nd (c:\\Users\\elias\\.vscode\\extensions\\uqbar.wollok-lsp-ide-0.5.5\\out\\server\\src\\server.js:8:1561)","timestamp":"2026-09-05T14:38:23.265Z"}
{"level":"error","message":"✘ Failed to rebuild document Failed to parse clase59.wlk/bebidas.wlk: \n-- PARSING FAILED --------------------------------------------------\n\n  34 |         peso = nuevoPeso\n  35 |     }\n> 36 | }\n     | ^\n  37 | \n  38 | object pepe{\n\nExpected one of the following: \n\n'@', 'class', 'const', 'describe', 'mixin', 'object', 'only', 'package', 'program', 'test', 'var', '{', EOF, comment, not \"}\r\n\r\n\", whitespace\n","stack":"Error: Failed to parse clase59.wlk/bebidas.wlk: \n-- PARSING FAILED --------------------------------------------------\n\n  34 |         peso = nuevoPeso\n  35 |     }\n> 36 | }\n     | ^\n  37 | \n  38 | object pepe{\n\nExpected one of the following: \n\n'@', 'class', 'const', 'describe', 'mixin', 'object', 'only', 'package', 'program', 'test', 'var', '{', EOF, comment, not \"}\r\n\r\n\", whitespace\n\n    at c:\\Users\\elias\\.vscode\\extensions\\uqbar.wollok-lsp-ide-0.5.5\\out\\server\\src\\server.js:2385:13026\n    at Array.map (<anonymous>)\n    at z1n (c:\\Users\\elias\\.vscode\\extensions\\uqbar.wollok-lsp-ide-0.5.5\\out\\server\\src\\server.js:2385:12950)\n    at H2.buildEnvironmentFrom (c:\\Users\\elias\\.vscode\\extensions\\uqbar.wollok-lsp-ide-0.5.5\\out\\server\\src\\server.js:2430:5254)\n    at H2.updateEnvironmentWith (c:\\Users\\elias\\.vscode\\extensions\\uqbar.wollok-lsp-ide-0.5.5\\out\\server\\src\\server.js:2430:4989)\n    at QF (c:\\Users\\elias\\.vscode\\extensions\\uqbar.wollok-lsp-ide-0.5.5\\out\\server\\src\\server.js:2430:7383)\n    at V3.invoke (c:\\Users\\elias\\.vscode\\extensions\\uqbar.wollok-lsp-ide-0.5.5\\out\\server\\src\\server.js:3:157330)\n    at o.fire (c:\\Users\\elias\\.vscode\\extensions\\uqbar.wollok-lsp-ide-0.5.5\\out\\server\\src\\server.js:3:158100)\n    at c:\\Users\\elias\\.vscode\\extensions\\uqbar.wollok-lsp-ide-0.5.5\\out\\server\\src\\server.js:37:57871\n    at nd (c:\\Users\\elias\\.vscode\\extensions\\uqbar.wollok-lsp-ide-0.5.5\\out\\server\\src\\server.js:8:1561)","timestamp":"2026-09-05T14:38:23.566Z"}
{"level":"error","message":"✘ Failed to rebuild document Failed to parse clase59.wlk/bebidas.wlk: \n-- PARSING FAILED --------------------------------------------------\n\n  34 |         peso = nuevoPeso\n  35 |     }\n> 36 | }\n     | ^\n  37 | \n  38 | object pepe{\n\nExpected one of the following: \n\n'@', 'class', 'const', 'describe', 'mixin', 'object', 'only', 'package', 'program', 'test', 'var', '{', EOF, comment, not \"}\r\n\r\n\", whitespace\n","stack":"Error: Failed to parse clase59.wlk/bebidas.wlk: \n-- PARSING FAILED --------------------------------------------------\n\n  34 |         peso = nuevoPeso\n  35 |     }\n> 36 | }\n     | ^\n  37 | \n  38 | object pepe{\n\nExpected one of the following: \n\n'@', 'class', 'const', 'describe', 'mixin', 'object', 'only', 'package', 'program', 'test', 'var', '{', EOF, comment, not \"}\r\n\r\n\", whitespace\n\n    at c:\\Users\\elias\\.vscode\\extensions\\uqbar.wollok-lsp-ide-0.5.5\\out\\server\\src\\server.js:2385:13026\n    at Array.map (<anonymous>)\n    at z1n (c:\\Users\\elias\\.vscode\\extensions\\uqbar.wollok-lsp-ide-0.5.5\\out\\server\\src\\server.js:2385:12950)\n    at H2.buildEnvironmentFrom (c:\\Users\\elias\\.vscode\\extensions\\uqbar.wollok-lsp-ide-0.5.5\\out\\server\\src\\server.js:2430:5254)\n    at H2.updateEnvironmentWith (c:\\Users\\elias\\.vscode\\extensions\\uqbar.wollok-lsp-ide-0.5.5\\out\\server\\src\\server.js:2430:4989)\n    at QF (c:\\Users\\elias\\.vscode\\extensions\\uqbar.wollok-lsp-ide-0.5.5\\out\\server\\src\\server.js:2430:7383)\n    at V3.invoke (c:\\Users\\elias\\.vscode\\extensions\\uqbar.wollok-lsp-ide-0.5.5\\out\\server\\src\\server.js:3:157330)\n    at o.fire (c:\\Users\\elias\\.vscode\\extensions\\uqbar.wollok-lsp-ide-0.5.5\\out\\server\\src\\server.js:3:158100)\n    at c:\\Users\\elias\\.vscode\\extensions\\uqbar.wollok-lsp-ide-0.5.5\\out\\server\\src\\server.js:37:57871\n    at nd (c:\\Users\\elias\\.vscode\\extensions\\uqbar.wollok-lsp-ide-0.5.5\\out\\server\\src\\server.js:8:1561)","timestamp":"2026-09-05T14:38:24.362Z"}
{"level":"info","message":"⌛ Building environment","timeElapsed":211,"timestamp":"2026-09-05T14:38:24.987Z"}
{"level":"error","message":"✘ Completions for node Send ([26:16, 26:61] - clase59.wlk/bebidas.wlk) failed: Error: [Send]{575633} at clase59.wlk/bebidas.wlk:26 exhausted all cases without a match [Send]{575633} at clase59.wlk/bebidas.wlk:26 exhausted all cases without a match","stack":"Error: [Send]{575633} at clase59.wlk/bebidas.wlk:26 exhausted all cases without a match\n    at c:\\Users\\elias\\.vscode\\extensions\\uqbar.wollok-lsp-ide-0.5.5\\out\\server\\src\\server.js:38:6142\n    at L2 (c:\\Users\\elias\\.vscode\\extensions\\uqbar.wollok-lsp-ide-0.5.5\\out\\server\\src\\server.js:2421:42)\n    at Jh (c:\\Users\\elias\\.vscode\\extensions\\uqbar.wollok-lsp-ide-0.5.5\\out\\server\\src\\server.js:2421:1092)\n    at w5n (c:\\Users\\elias\\.vscode\\extensions\\uqbar.wollok-lsp-ide-0.5.5\\out\\server\\src\\server.js:2421:1248)\n    at c:\\Users\\elias\\.vscode\\extensions\\uqbar.wollok-lsp-ide-0.5.5\\out\\server\\src\\server.js:38:6131\n    at L2 (c:\\Users\\elias\\.vscode\\extensions\\uqbar.wollok-lsp-ide-0.5.5\\out\\server\\src\\server.js:2421:42)\n    at c:\\Users\\elias\\.vscode\\extensions\\uqbar.wollok-lsp-ide-0.5.5\\out\\server\\src\\server.js:2421:2988\n    at c:\\Users\\elias\\.vscode\\extensions\\uqbar.wollok-lsp-ide-0.5.5\\out\\server\\src\\server.js:2430:8440\n    at c:\\Users\\elias\\.vscode\\extensions\\uqbar.wollok-lsp-ide-0.5.5\\out\\server\\src\\server.js:37:74872\n    at Ke (c:\\Users\\elias\\.vscode\\extensions\\uqbar.wollok-lsp-ide-0.5.5\\out\\server\\src\\server.js:7:8527)","timestamp":"2026-09-05T14:38:25.071Z"}
{"level":"error","message":"✘ Completions for node Send ([26:16, 27:15] - clase59.wlk/bebidas.wlk) failed: Error: [Send]{b60998} at clase59.wlk/bebidas.wlk:26 exhausted all cases without a match [Send]{b60998} at clase59.wlk/bebidas.wlk:26 exhausted all cases without a match","stack":"Error: [Send]{b60998} at clase59.wlk/bebidas.wlk:26 exhausted all cases without a match\n    at c:\\Users\\elias\\.vscode\\extensions\\uqbar.wollok-lsp-ide-0.5.5\\out\\server\\src\\server.js:38:6142\n    at L2 (c:\\Users\\elias\\.vscode\\extensions\\uqbar.wollok-lsp-ide-0.5.5\\out\\server\\src\\server.js:2421:42)\n    at Jh (c:\\Users\\elias\\.vscode\\extensions\\uqbar.wollok-lsp-ide-0.5.5\\out\\server\\src\\server.js:2421:1092)\n    at L2 (c:\\Users\\elias\\.vscode\\extensions\\uqbar.wollok-lsp-ide-0.5.5\\out\\server\\src\\server.js:2421:544)\n    at Jh (c:\\Users\\elias\\.vscode\\extensions\\uqbar.wollok-lsp-ide-0.5.5\\out\\server\\src\\server.js:2421:1092)\n    at w5n (c:\\Users\\elias\\.vscode\\extensions\\uqbar.wollok-lsp-ide-0.5.5\\out\\server\\src\\server.js:2421:1248)\n    at c:\\Users\\elias\\.vscode\\extensions\\uqbar.wollok-lsp-ide-0.5.5\\out\\server\\src\\server.js:38:6131\n    at L2 (c:\\Users\\elias\\.vscode\\extensions\\uqbar.wollok-lsp-ide-0.5.5\\out\\server\\src\\server.js:2421:42)\n    at c:\\Users\\elias\\.vscode\\extensions\\uqbar.wollok-lsp-ide-0.5.5\\out\\server\\src\\server.js:2421:2988\n    at c:\\Users\\elias\\.vscode\\extensions\\uqbar.wollok-lsp-ide-0.5.5\\out\\server\\src\\server.js:2430:8440","timestamp":"2026-09-05T14:38:25.071Z"}
{"level":"error","message":"✘ Completions for node Send ([26:16, 27:22] - clase59.wlk/bebidas.wlk) failed: Error: [Send]{0e79d0} at clase59.wlk/bebidas.wlk:26 exhausted all cases without a match [Send]{0e79d0} at clase59.wlk/bebidas.wlk:26 exhausted all cases without a match","stack":"Error: [Send]{0e79d0} at clase59.wlk/bebidas.wlk:26 exhausted all cases without a match\n    at c:\\Users\\elias\\.vscode\\extensions\\uqbar.wollok-lsp-ide-0.5.5\\out\\server\\src\\server.js:38:6142\n    at L2 (c:\\Users\\elias\\.vscode\\extensions\\uqbar.wollok-lsp-ide-0.5.5\\out\\server\\src\\server.js:2421:42)\n    at Jh (c:\\Users\\elias\\.vscode\\extensions\\uqbar.wollok-lsp-ide-0.5.5\\out\\server\\src\\server.js:2421:1092)\n    at L2 (c:\\Users\\elias\\.vscode\\extensions\\uqbar.wollok-lsp-ide-0.5.5\\out\\server\\src\\server.js:2421:544)\n    at Jh (c:\\Users\\elias\\.vscode\\extensions\\uqbar.wollok-lsp-ide-0.5.5\\out\\server\\src\\server.js:2421:1092)\n    at L2 (c:\\Users\\elias\\.vscode\\extensions\\uqbar.wollok-lsp-ide-0.5.5\\out\\server\\src\\server.js:2421:544)\n    at Jh (c:\\Users\\elias\\.vscode\\extensions\\uqbar.wollok-lsp-ide-0.5.5\\out\\server\\src\\server.js:2421:1092)\n    at w5n (c:\\Users\\elias\\.vscode\\extensions\\uqbar.wollok-lsp-ide-0.5.5\\out\\server\\src\\server.js:2421:1248)\n    at c:\\Users\\elias\\.vscode\\extensions\\uqbar.wollok-lsp-ide-0.5.5\\out\\server\\src\\server.js:38:6131\n    at L2 (c:\\Users\\elias\\.vscode\\extensions\\uqbar.wollok-lsp-ide-0.5.5\\out\\server\\src\\server.js:2421:42)","timestamp":"2026-09-05T14:38:25.071Z"}
{"level":"error","message":"✘ Completions for node Return ([26:9, 27:22] - clase59.wlk/bebidas.wlk) failed: Error: [Return]{274fcd} at clase59.wlk/bebidas.wlk:26 exhausted all cases without a match [Return]{274fcd} at clase59.wlk/bebidas.wlk:26 exhausted all cases without a match","stack":"Error: [Return]{274fcd} at clase59.wlk/bebidas.wlk:26 exhausted all cases without a match\n    at c:\\Users\\elias\\.vscode\\extensions\\uqbar.wollok-lsp-ide-0.5.5\\out\\server\\src\\server.js:38:6142\n    at L2 (c:\\Users\\elias\\.vscode\\extensions\\uqbar.wollok-lsp-ide-0.5.5\\out\\server\\src\\server.js:2421:42)\n    at Jh (c:\\Users\\elias\\.vscode\\extensions\\uqbar.wollok-lsp-ide-0.5.5\\out\\server\\src\\server.js:2421:1092)\n    at L2 (c:\\Users\\elias\\.vscode\\extensions\\uqbar.wollok-lsp-ide-0.5.5\\out\\server\\src\\server.js:2421:544)\n    at Jh (c:\\Users\\elias\\.vscode\\extensions\\uqbar.wollok-lsp-ide-0.5.5\\out\\server\\src\\server.js:2421:1092)\n    at L2 (c:\\Users\\elias\\.vscode\\extensions\\uqbar.wollok-lsp-ide-0.5.5\\out\\server\\src\\server.js:2421:544)\n    at Jh (c:\\Users\\elias\\.vscode\\extensions\\uqbar.wollok-lsp-ide-0.5.5\\out\\server\\src\\server.js:2421:1092)\n    at L2 (c:\\Users\\elias\\.vscode\\extensions\\uqbar.wollok-lsp-ide-0.5.5\\out\\server\\src\\server.js:2421:544)\n    at Jh (c:\\Users\\elias\\.vscode\\extensions\\uqbar.wollok-lsp-ide-0.5.5\\out\\server\\src\\server.js:2421:1092)\n    at w5n (c:\\Users\\elias\\.vscode\\extensions\\uqbar.wollok-lsp-ide-0.5.5\\out\\server\\src\\server.js:2421:1248)","timestamp":"2026-09-05T14:38:25.072Z"}
{"level":"info","message":"⌛ Building environment","timeElapsed":165,"timestamp":"2026-09-05T14:38:25.241Z"}
{"level":"info","message":"⌛ Validating clase59.wlk/bebidas.wlk","timeElapsed":207,"timestamp":"2026-09-05T14:38:25.460Z"}
{"level":"info","message":"⌛ Building environment","timeElapsed":293,"timestamp":"2026-09-05T14:38:25.956Z"}
{"level":"info","message":"⌛ Validating clase59.wlk/bebidas.wlk","timeElapsed":247,"timestamp":"2026-09-05T14:38:26.207Z"}
{"level":"info","message":"⌛ Building environment","timeElapsed":161,"timestamp":"2026-09-05T14:38:26.371Z"}
{"level":"info","message":"⌛ Validating clase59.wlk/bebidas.wlk","timeElapsed":331,"timestamp":"2026-09-05T14:38:26.807Z"}
{"level":"info","message":"⌛ Validating clase59.wlk/bebidas.wlk","timeElapsed":251,"timestamp":"2026-09-05T14:38:27.060Z"}
{"level":"info","message":"⌛ Building environment","timeElapsed":322,"timestamp":"2026-09-05T14:38:57.208Z"}
{"level":"info","message":"⌛ Validating clase59.wlk/bebidasTest.wtest","timeElapsed":528,"timestamp":"2026-09-05T14:38:57.842Z"}
{"level":"info","message":"⌛ Building environment","timeElapsed":285,"timestamp":"2026-09-05T14:39:03.084Z"}
{"level":"info","message":"⌛ Building environment","timeElapsed":219,"timestamp":"2026-09-05T14:39:03.350Z"}
{"level":"info","message":"⌛ Validating clase59.wlk/bebidas.wlk","timeElapsed":629,"timestamp":"2026-09-05T14:39:03.998Z"}
{"level":"info","message":"⌛ Validating clase59.wlk/bebidas.wlk","timeElapsed":333,"timestamp":"2026-09-05T14:39:04.370Z"}
{"level":"info","message":"⌛ Building environment","timeElapsed":190,"timestamp":"2026-09-05T14:39:04.561Z"}
{"level":"info","message":"⌛ Building environment","timeElapsed":162,"timestamp":"2026-09-05T14:39:04.779Z"}
{"level":"info","message":"⌛ Building environment","timeElapsed":125,"timestamp":"2026-09-05T14:39:04.922Z"}
{"level":"info","message":"⌛ Building environment","timeElapsed":262,"timestamp":"2026-09-05T14:39:05.189Z"}
{"level":"info","message":"⌛ Building environment","timeElapsed":281,"timestamp":"2026-09-05T14:39:05.481Z"}
{"level":"error","message":"✘ Failed to rebuild document Failed to parse clase59.wlk/bebidas.wlk: \n-- PARSING FAILED --------------------------------------------------\n\n  19 |         bebidaConsumida = bebida\n  20 |         dosis = cantidad\n> 21 |     }\n     |     ^\n  22 | \n  23 |     //method bebidaConsumida() = bebidaConsumida\n\nExpected one of the following: \n\n'@', 'class', 'const', 'describe', 'mixin', 'object', 'only', 'package', 'program', 'test', 'var', '{', EOF, comment, not \"}\r\n\r\n    \", whitespace\n","stack":"Error: Failed to parse clase59.wlk/bebidas.wlk: \n-- PARSING FAILED --------------------------------------------------\n\n  19 |         bebidaConsumida = bebida\n  20 |         dosis = cantidad\n> 21 |     }\n     |     ^\n  22 | \n  23 |     //method bebidaConsumida() = bebidaConsumida\n\nExpected one of the following: \n\n'@', 'class', 'const', 'describe', 'mixin', 'object', 'only', 'package', 'program', 'test', 'var', '{', EOF, comment, not \"}\r\n\r\n    \", whitespace\n\n    at c:\\Users\\elias\\.vscode\\extensions\\uqbar.wollok-lsp-ide-0.5.5\\out\\server\\src\\server.js:2385:13026\n    at Array.map (<anonymous>)\n    at z1n (c:\\Users\\elias\\.vscode\\extensions\\uqbar.wollok-lsp-ide-0.5.5\\out\\server\\src\\server.js:2385:12950)\n    at H2.buildEnvironmentFrom (c:\\Users\\elias\\.vscode\\extensions\\uqbar.wollok-lsp-ide-0.5.5\\out\\server\\src\\server.js:2430:5254)\n    at H2.updateEnvironmentWith (c:\\Users\\elias\\.vscode\\extensions\\uqbar.wollok-lsp-ide-0.5.5\\out\\server\\src\\server.js:2430:4989)\n    at QF (c:\\Users\\elias\\.vscode\\extensions\\uqbar.wollok-lsp-ide-0.5.5\\out\\server\\src\\server.js:2430:7383)\n    at V3.invoke (c:\\Users\\elias\\.vscode\\extensions\\uqbar.wollok-lsp-ide-0.5.5\\out\\server\\src\\server.js:3:157330)\n    at o.fire (c:\\Users\\elias\\.vscode\\extensions\\uqbar.wollok-lsp-ide-0.5.5\\out\\server\\src\\server.js:3:158100)\n    at c:\\Users\\elias\\.vscode\\extensions\\uqbar.wollok-lsp-ide-0.5.5\\out\\server\\src\\server.js:37:57871\n    at nd (c:\\Users\\elias\\.vscode\\extensions\\uqbar.wollok-lsp-ide-0.5.5\\out\\server\\src\\server.js:8:1561)","timestamp":"2026-09-05T14:39:05.519Z"}
{"level":"error","message":"✘ Failed to rebuild document Failed to parse clase59.wlk/bebidas.wlk: \n-- PARSING FAILED --------------------------------------------------\n\n  19 |         bebidaConsumida = bebida\n  20 |         dosis = cantidad\n> 21 |     }\n     |     ^\n  22 | \n  23 |     //method bebidaConsumida() = bebidaConsumida\n\nExpected one of the following: \n\n'@', 'class', 'const', 'describe', 'mixin', 'object', 'only', 'package', 'program', 'test', 'var', '{', EOF, comment, not \"}\r\n\r\n    \", whitespace\n","stack":"Error: Failed to parse clase59.wlk/bebidas.wlk: \n-- PARSING FAILED --------------------------------------------------\n\n  19 |         bebidaConsumida = bebida\n  20 |         dosis = cantidad\n> 21 |     }\n     |     ^\n  22 | \n  23 |     //method bebidaConsumida() = bebidaConsumida\n\nExpected one of the following: \n\n'@', 'class', 'const', 'describe', 'mixin', 'object', 'only', 'package', 'program', 'test', 'var', '{', EOF, comment, not \"}\r\n\r\n    \", whitespace\n\n    at c:\\Users\\elias\\.vscode\\extensions\\uqbar.wollok-lsp-ide-0.5.5\\out\\server\\src\\server.js:2385:13026\n    at Array.map (<anonymous>)\n    at z1n (c:\\Users\\elias\\.vscode\\extensions\\uqbar.wollok-lsp-ide-0.5.5\\out\\server\\src\\server.js:2385:12950)\n    at H2.buildEnvironmentFrom (c:\\Users\\elias\\.vscode\\extensions\\uqbar.wollok-lsp-ide-0.5.5\\out\\server\\src\\server.js:2430:5254)\n    at H2.updateEnvironmentWith (c:\\Users\\elias\\.vscode\\extensions\\uqbar.wollok-lsp-ide-0.5.5\\out\\server\\src\\server.js:2430:4989)\n    at QF (c:\\Users\\elias\\.vscode\\extensions\\uqbar.wollok-lsp-ide-0.5.5\\out\\server\\src\\server.js:2430:7383)\n    at V3.invoke (c:\\Users\\elias\\.vscode\\extensions\\uqbar.wollok-lsp-ide-0.5.5\\out\\server\\src\\server.js:3:157330)\n    at o.fire (c:\\Users\\elias\\.vscode\\extensions\\uqbar.wollok-lsp-ide-0.5.5\\out\\server\\src\\server.js:3:158100)\n    at c:\\Users\\elias\\.vscode\\extensions\\uqbar.wollok-lsp-ide-0.5.5\\out\\server\\src\\server.js:37:57871\n    at nd (c:\\Users\\elias\\.vscode\\extensions\\uqbar.wollok-lsp-ide-0.5.5\\out\\server\\src\\server.js:8:1561)","timestamp":"2026-09-05T14:39:05.526Z"}
{"level":"info","message":"⌛ Validating clase59.wlk/bebidas.wlk","timeElapsed":404,"timestamp":"2026-09-05T14:39:05.929Z"}
{"level":"info","message":"⌛ Validating clase59.wlk/bebidas.wlk","timeElapsed":209,"timestamp":"2026-09-05T14:39:06.146Z"}
{"level":"info","message":"⌛ Validating clase59.wlk/bebidas.wlk","timeElapsed":167,"timestamp":"2026-09-05T14:39:06.314Z"}
{"level":"info","message":"⌛ Validating clase59.wlk/bebidas.wlk","timeElapsed":166,"timestamp":"2026-09-05T14:39:06.481Z"}
{"level":"info","message":"⌛ Validating clase59.wlk/bebidas.wlk","timeElapsed":156,"timestamp":"2026-09-05T14:39:06.638Z"}
{"level":"info","message":"⌛ Building environment","timeElapsed":194,"timestamp":"2026-09-05T14:39:06.837Z"}
{"level":"info","message":"⌛ Autocomplete - Package","timeElapsed":237,"timestamp":"2026-09-05T14:39:07.104Z"}
{"level":"info","message":"⌛ Validating clase59.wlk/bebidas.wlk","timeElapsed":327,"timestamp":"2026-09-05T14:39:07.434Z"}
{"level":"error","message":"✘ Failed to rebuild document Failed to parse clase59.wlk/bebidas.wlk: \n-- PARSING FAILED --------------------------------------------------\n\n  19 |         bebidaConsumida = bebida\n  20 |         dosis = cantidad\n> 21 |     }\n     |     ^\n  22 | \n  23 |     //method bebidaConsumida() = bebidaConsumida\n\nExpected one of the following: \n\n'@', 'class', 'const', 'describe', 'mixin', 'object', 'only', 'package', 'program', 'test', 'var', '{', EOF, comment, not \"}\r\n\r\n    \", whitespace\n","stack":"Error: Failed to parse clase59.wlk/bebidas.wlk: \n-- PARSING FAILED --------------------------------------------------\n\n  19 |         bebidaConsumida = bebida\n  20 |         dosis = cantidad\n> 21 |     }\n     |     ^\n  22 | \n  23 |     //method bebidaConsumida() = bebidaConsumida\n\nExpected one of the following: \n\n'@', 'class', 'const', 'describe', 'mixin', 'object', 'only', 'package', 'program', 'test', 'var', '{', EOF, comment, not \"}\r\n\r\n    \", whitespace\n\n    at c:\\Users\\elias\\.vscode\\extensions\\uqbar.wollok-lsp-ide-0.5.5\\out\\server\\src\\server.js:2385:13026\n    at Array.map (<anonymous>)\n    at z1n (c:\\Users\\elias\\.vscode\\extensions\\uqbar.wollok-lsp-ide-0.5.5\\out\\server\\src\\server.js:2385:12950)\n    at H2.buildEnvironmentFrom (c:\\Users\\elias\\.vscode\\extensions\\uqbar.wollok-lsp-ide-0.5.5\\out\\server\\src\\server.js:2430:5254)\n    at H2.updateEnvironmentWith (c:\\Users\\elias\\.vscode\\extensions\\uqbar.wollok-lsp-ide-0.5.5\\out\\server\\src\\server.js:2430:4989)\n    at QF (c:\\Users\\elias\\.vscode\\extensions\\uqbar.wollok-lsp-ide-0.5.5\\out\\server\\src\\server.js:2430:7383)\n    at V3.invoke (c:\\Users\\elias\\.vscode\\extensions\\uqbar.wollok-lsp-ide-0.5.5\\out\\server\\src\\server.js:3:157330)\n    at o.fire (c:\\Users\\elias\\.vscode\\extensions\\uqbar.wollok-lsp-ide-0.5.5\\out\\server\\src\\server.js:3:158100)\n    at c:\\Users\\elias\\.vscode\\extensions\\uqbar.wollok-lsp-ide-0.5.5\\out\\server\\src\\server.js:37:57871\n    at nd (c:\\Users\\elias\\.vscode\\extensions\\uqbar.wollok-lsp-ide-0.5.5\\out\\server\\src\\server.js:8:1561)","timestamp":"2026-09-05T14:39:07.449Z"}
{"level":"info","message":"⌛ Building environment","timeElapsed":275,"timestamp":"2026-09-05T14:39:09.219Z"}
{"level":"info","message":"⌛ Building environment","timeElapsed":165,"timestamp":"2026-09-05T14:39:09.439Z"}
{"level":"info","message":"⌛ Building environment","timeElapsed":183,"timestamp":"2026-09-05T14:39:09.622Z"}
{"level":"info","message":"⌛ Validating clase59.wlk/bebidas.wlk","timeElapsed":206,"timestamp":"2026-09-05T14:39:09.830Z"}
{"level":"info","message":"⌛ Building environment","timeElapsed":400,"timestamp":"2026-09-05T14:39:10.231Z"}
{"level":"info","message":"⌛ Validating clase59.wlk/bebidas.wlk","timeElapsed":170,"timestamp":"2026-09-05T14:39:10.472Z"}
{"level":"info","message":"⌛ Building environment","timeElapsed":157,"timestamp":"2026-09-05T14:39:10.630Z"}
{"level":"info","message":"⌛ Validating clase59.wlk/bebidas.wlk","timeElapsed":168,"timestamp":"2026-09-05T14:39:10.798Z"}
{"level":"info","message":"⌛ Building environment","timeElapsed":118,"timestamp":"2026-09-05T14:39:10.934Z"}
{"level":"info","message":"⌛ Building environment","timeElapsed":120,"timestamp":"2026-09-05T14:39:11.070Z"}
{"level":"info","message":"⌛ Building environment","timeElapsed":161,"timestamp":"2026-09-05T14:39:11.257Z"}
{"level":"info","message":"⌛ Validating clase59.wlk/bebidas.wlk","timeElapsed":274,"timestamp":"2026-09-05T14:39:11.563Z"}
{"level":"info","message":"⌛ Building environment","timeElapsed":230,"timestamp":"2026-09-05T14:39:11.812Z"}
{"level":"info","message":"⌛ Validating clase59.wlk/bebidas.wlk","timeElapsed":149,"timestamp":"2026-09-05T14:39:11.983Z"}
{"level":"info","message":"⌛ Validating clase59.wlk/bebidas.wlk","timeElapsed":198,"timestamp":"2026-09-05T14:39:12.189Z"}
{"level":"info","message":"⌛ Validating clase59.wlk/bebidas.wlk","timeElapsed":172,"timestamp":"2026-09-05T14:39:12.364Z"}
{"level":"info","message":"⌛ Validating clase59.wlk/bebidas.wlk","timeElapsed":197,"timestamp":"2026-09-05T14:39:12.562Z"}
{"level":"info","message":"⌛ Validating clase59.wlk/bebidas.wlk","timeElapsed":234,"timestamp":"2026-09-05T14:39:12.803Z"}
{"level":"info","message":"⌛ Building environment","timeElapsed":202,"timestamp":"2026-09-05T14:39:13.047Z"}
{"level":"info","message":"⌛ Building environment","timeElapsed":124,"timestamp":"2026-09-05T14:39:13.248Z"}
{"level":"info","message":"⌛ Building environment","timeElapsed":103,"timestamp":"2026-09-05T14:39:13.353Z"}
{"level":"info","message":"⌛ Building environment","timeElapsed":117,"timestamp":"2026-09-05T14:39:13.486Z"}
{"level":"info","message":"⌛ Validating clase59.wlk/bebidas.wlk","timeElapsed":145,"timestamp":"2026-09-05T14:39:13.647Z"}
{"level":"info","message":"⌛ Validating clase59.wlk/bebidas.wlk","timeElapsed":168,"timestamp":"2026-09-05T14:39:13.827Z"}
{"level":"info","message":"⌛ Validating clase59.wlk/bebidas.wlk","timeElapsed":184,"timestamp":"2026-09-05T14:39:14.012Z"}
{"level":"info","message":"⌛ Building environment","timeElapsed":145,"timestamp":"2026-09-05T14:39:14.167Z"}
{"level":"info","message":"⌛ Validating clase59.wlk/bebidas.wlk","timeElapsed":284,"timestamp":"2026-09-05T14:39:14.656Z"}
{"level":"info","message":"⌛ Building environment","timeElapsed":259,"timestamp":"2026-09-05T14:39:14.917Z"}
{"level":"info","message":"⌛ Validating clase59.wlk/bebidas.wlk","timeElapsed":190,"timestamp":"2026-09-05T14:39:15.131Z"}
{"level":"info","message":"⌛ Building environment","timeElapsed":106,"timestamp":"2026-09-05T14:39:15.272Z"}
{"level":"info","message":"⌛ Building environment","timeElapsed":142,"timestamp":"2026-09-05T14:39:15.670Z"}
{"level":"info","message":"⌛ Validating clase59.wlk/bebidas.wlk","timeElapsed":212,"timestamp":"2026-09-05T14:39:15.971Z"}
{"level":"info","message":"⌛ Building environment","timeElapsed":163,"timestamp":"2026-09-05T14:39:16.135Z"}
{"level":"info","message":"⌛ Validating clase59.wlk/bebidas.wlk","timeElapsed":178,"timestamp":"2026-09-05T14:39:16.330Z"}
{"level":"info","message":"⌛ Validating clase59.wlk/bebidas.wlk","timeElapsed":157,"timestamp":"2026-09-05T14:39:16.504Z"}
{"level":"info","message":"⌛ Validating clase59.wlk/bebidas.wlk","timeElapsed":167,"timestamp":"2026-09-05T14:39:16.674Z"}
{"level":"info","message":"⌛ Validating clase59.wlk/bebidas.wlk","timeElapsed":173,"timestamp":"2026-09-05T14:39:16.858Z"}
{"level":"info","message":"⌛ Building environment","timeElapsed":236,"timestamp":"2026-09-05T14:39:17.140Z"}
{"level":"info","message":"⌛ Validating clase59.wlk/bebidas.wlk","timeElapsed":260,"timestamp":"2026-09-05T14:39:17.421Z"}
{"level":"info","message":"⌛ Building environment","timeElapsed":142,"timestamp":"2026-09-05T14:39:17.606Z"}
{"level":"info","message":"⌛ Validating clase59.wlk/bebidas.wlk","timeElapsed":154,"timestamp":"2026-09-05T14:39:17.784Z"}
{"level":"info","message":"⌛ Building environment","timeElapsed":481,"timestamp":"2026-09-05T14:39:18.300Z"}
{"level":"info","message":"⌛ Validating clase59.wlk/bebidas.wlk","timeElapsed":258,"timestamp":"2026-09-05T14:39:18.638Z"}
{"level":"info","message":"⌛ Building environment","timeElapsed":214,"timestamp":"2026-09-05T14:39:18.883Z"}
{"level":"info","message":"⌛ Validating clase59.wlk/bebidas.wlk","timeElapsed":270,"timestamp":"2026-09-05T14:39:19.238Z"}
{"level":"info","message":"⌛ Validating clase59.wlk/bebidas.wlk","timeElapsed":175,"timestamp":"2026-09-05T14:39:19.420Z"}
{"level":"info","message":"⌛ Building environment","timeElapsed":168,"timestamp":"2026-09-05T14:39:34.553Z"}
{"level":"info","message":"⌛ Validating clase59.wlk/bebidas.wlk","timeElapsed":288,"timestamp":"2026-09-05T14:39:34.843Z"}
{"level":"info","message":"⌛ Building environment","timeElapsed":173,"timestamp":"2026-09-05T14:39:35.018Z"}
{"level":"info","message":"⌛ Building environment","timeElapsed":205,"timestamp":"2026-09-05T14:39:35.249Z"}
{"level":"info","message":"⌛ Building environment","timeElapsed":123,"timestamp":"2026-09-05T14:39:35.396Z"}
{"level":"info","message":"⌛ Validating clase59.wlk/bebidas.wlk","timeElapsed":221,"timestamp":"2026-09-05T14:39:35.638Z"}
{"level":"info","message":"⌛ Building environment","timeElapsed":149,"timestamp":"2026-09-05T14:39:35.788Z"}
{"level":"info","message":"⌛ Validating clase59.wlk/bebidas.wlk","timeElapsed":227,"timestamp":"2026-09-05T14:39:36.030Z"}
{"level":"info","message":"⌛ Validating clase59.wlk/bebidas.wlk","timeElapsed":197,"timestamp":"2026-09-05T14:39:36.228Z"}
{"level":"info","message":"⌛ Building environment","timeElapsed":146,"timestamp":"2026-09-05T14:39:36.400Z"}
{"level":"info","message":"⌛ Validating clase59.wlk/bebidas.wlk","timeElapsed":211,"timestamp":"2026-09-05T14:39:36.648Z"}
{"level":"info","message":"⌛ Validating clase59.wlk/bebidas.wlk","timeElapsed":137,"timestamp":"2026-09-05T14:39:36.789Z"}
{"level":"error","message":"✘ Failed to get type description: Error: Failed to print, found malformed node Failed to print, found malformed node","node":{"fileName":"clase59.wlk/bebidas.wlk","id":"b59897b3-a45e-46f4-b7c1-aabad17c5cae","imports":[{"entity":{"id":"841e990b-2413-4516-b311-48075598cff7","metadata":[],"name":"bebidasTest","scope":{"containerScope":{"containerScope":{"contributions":{},"includedScopes":[]},"contributions":{},"includedScopes":[]},"contributions":{},"includedScopes":[]},"sourceMap":{"end":{"column":19,"line":1,"offset":18},"start":{"column":8,"line":1,"offset":7}}},"id":"1a5abdf6-1c42-4793-b1ea-eeb50e4183c8","isGeneric":false,"metadata":[],"scope":{"containerScope":{"contributions":{},"includedScopes":[]},"contributions":{},"includedScopes":[]},"sourceMap":{"end":{"column":19,"line":1,"offset":18},"start":{"column":1,"line":1,"offset":0}}}],"members":[{"id":"93093806-47e2-4da8-833f-567fd7929d6d","members":[{"id":"f70efe8f-ca93-4957-a4c6-545dde2420f0","isConstant":false,"isProperty":false,"metadata":[],"name":"peso","scope":{"containerScope":{"containerScope":{"containerScope":{"contributions":{},"includedScopes":[]},"contributions":{},"includedScopes":[]},"contributions":{},"includedScopes":[{"containerScope":{"containerScope":{"containerScope":{"contributions":{},"includedScopes":[]},"contributions":{},"includedScopes":[]},"contributions":{},"includedScopes":[]},"contributions":{},"includedScopes":[]}]},"contributions":{},"includedScopes":[]},"sourceMap":{"end":{"column":18,"line":14,"offset":455},"start":{"column":5,"line":14,"offset":442}},"value":{"id":"51587e1f-4a18-4f83-8465-b5d757694cb6","metadata":[],"scope":{"containerScope":{"containerScope":{"containerScope":{"containerScope":{"contributions":{},"includedScopes":[]},"contributions":{},"includedScopes":[]},"contributions":{},"includedScopes":[{"containerScope":{"containerScope":{"containerScope":{"contributions":{},"includedScopes":[]},"contributions":{},"includedScopes":[]},"contributions":{},"includedScopes":[]},"contributions":{},"includedScopes":[]}]},"contributions":{},"includedScopes":[]},"contributions":{},"includedScopes":[]},"sourceMap":{"end":{"column":18,"line":14,"offset":455},"start":{"column":16,"line":14,"offset":453}},"value":70}},{"id":"d7a05268-f4ba-423c-9514-98df7c970ed8","isConstant":false,"isProperty":false,"metadata":[],"name":"bebidaConsumida","scope":{"containerScope":{"containerScope":{"containerScope":{"contributions":{},"includedScopes":[]},"contributions":{},"includedScopes":[]},"contributions":{},"includedScopes":[{"containerScope":{"containerScope":{"containerScope":{"contributions":{},"includedScopes":[]},"contributions":{},"includedScopes":[]},"contributions":{},"includedScopes":[]},"contributions":{},"includedScopes":[]}]},"contributions":{},"includedScopes":[]},"sourceMap":{"end":{"column":33,"line":15,"offset":489},"start":{"column":5,"line":15,"offset":461}},"value":{"id":"f197e510-5f04-4ed1-b4c2-8f77cb36df72","metadata":[],"name":"terere","scope":{"containerScope":{"containerScope":{"containerScope":{"containerScope":{"contributions":{},"includedScopes":[]},"contributions":{},"includedScopes":[]},"contributions":{},"includedScopes":[{"containerScope":{"containerScope":{"containerScope":{"contributions":{},"includedScopes":[]},"contributions":{},"includedScopes":[]},"contributions":{},"includedScopes":[]},"contributions":{},"includedScopes":[]}]},"contributions":{},"includedScopes":[]},"contributions":{},"includedScopes":[]},"sourceMap":{"end":{"column":33,"line":15,"offset":489},"start":{"column":27,"line":15,"offset":483}}}},{"id":"b283fb2d-59b8-4293-ac5c-9af1eddd8363","isConstant":false,"isProperty":false,"metadata":[],"name":"dosis","scope":{"containerScope":{"containerScope":{"containerScope":{"contributions":{},"includedScopes":[]},"contributions":{},"includedScopes":[]},"contributions":{},"includedScopes":[{"containerScope":{"containerScope":{"containerScope":{"contributions":{},"includedScopes":[]},"contributions":{},"includedScopes":[]},"contributions":{},"includedScopes":[]},"contributions":{},"includedScopes":[]}]},"contributions":{},"includedScopes":[]},"sourceMap":{"end":{"column":19,"line":16,"offset":509},"start":{"column":5,"line":16,"offset":495}},"value":{"id":"61480238-d286-4964-839e-e7488cf039c9","metadata":[],"scope":{"containerScope":{"containerScope":{"containerScope":{"containerScope":{"contributions":{},"includedScopes":[]},"contributions":{},"includedScopes":[]},"contributions":{},"includedScopes":[{"containerScope":{"containerScope":{"containerScope":{"contributions":{},"includedScopes":[]},"contributions":{},"includedScopes":[]},"contributions":{},"includedScopes":[]},"contributions":{},"includedScopes":[]}]},"contributions":{},"includedScopes":[]},"contributions":{},"includedScopes":[]},"sourceMap":{"end":{"column":19,"line":16,"offset":509},"start":{"column":17,"line":16,"offset":507}},"value":10}},{"body":{"id":"f719e0fe-c4dd-436f-8d90-5347240b898f","metadata":[],"problems":[],"scope":{"containerScope":{"containerScope":{"containerScope":{"containerScope":{"contributions":{},"includedScopes":[]},"contributions":{},"includedScopes":[]},"contributions":{},"includedScopes":[{"containerScope":{"containerScope":{"containerScope":{"contributions":{},"includedScopes":[]},"contributions":{},"includedScopes":[]},"contributions":{},"includedScopes":[]},"contributions":{},"includedScopes":[]}]},"contributions":{},"includedScopes":[]},"contributions":{},"includedScopes":[]},"sentences":[{"id":"433a9db5-8d28-4a99-bddd-7f688ac606fe","metadata":[],"scope":{"containerScope":{"containerScope":{"containerScope":{"containerScope":{"containerScope":{"contributions":{},"includedScopes":[]},"contributions":{},"includedScopes":[]},"contributions":{},"includedScopes":[{"containerScope":{"containerScope":{"containerScope":{"contributions":{},"includedScopes":[]},"contributions":{},"includedScopes":[]},"contributions":{},"includedScopes":[]},"contributions":{},"includedScopes":[]}]},"contributions":{},"includedScopes":[]},"contributions":{},"includedScopes":[]},"contributions":{},"includedScopes":[]},"sourceMap":{"end":{"column":33,"line":19,"offset":585},"start":{"column":9,"line":19,"offset":561}},"value":{"id":"c3343385-0986-45d0-8671-ddb3106cbe49","metadata":[],"name":"bebida","scope":{"containerScope":{"containerScope":{"containerScope":{"containerScope":{"containerScope":{"containerScope":{"contributions":{},"includedScopes":[]},"contributions":{},"includedScopes":[]},"contributions":{},"includedScopes":[{"containerScope":{"containerScope":{"containerScope":{"contributions":{},"includedScopes":[]},"contributions":{},"includedScopes":[]},"contributions":{},"includedScopes":[]},"contributions":{},"includedScopes":[]}]},"contributions":{},"includedScopes":[]},"contributions":{},"includedScopes":[]},"contributions":{},"includedScopes":[]},"contributions":{},"includedScopes":[]},"sourceMap":{"end":{"column":33,"line":19,"offset":585},"start":{"column":27,"line":19,"offset":579}}},"variable":{"id":"06e6d8b4-418d-4dd2-9499-27f9465f9295","metadata":[],"name":"bebidaConsumida","scope":{"containerScope":{"containerScope":{"containerScope":{"containerScope":{"containerScope":{"containerScope":{"contributions":{},"includedScopes":[]},"contributions":{},"includedScopes":[]},"contributions":{},"includedScopes":[{"containerScope":{"containerScope":{"containerScope":{"contributions":{},"includedScopes":[]},"contributions":{},"includedScopes":[]},"contributions":{},"includedScopes":[]},"contributions":{},"includedScopes":[]}]},"contributions":{},"includedScopes":[]},"contributions":{},"includedScopes":[]},"contributions":{},"includedScopes":[]},"contributions":{},"includedScopes":[]},"sourceMap":{"end":{"column":24,"line":19,"offset":576},"start":{"column":9,"line":19,"offset":561}}}},{"id":"4c078565-f02f-4851-a00f-f084873bdd9c","metadata":[],"scope":{"containerScope":{"containerScope":{"containerScope":{"containerScope":{"containerScope":{"contributions":{},"includedScopes":[]},"contributions":{},"includedScopes":[]},"contributions":{},"includedScopes":[{"containerScope":{"containerScope":{"containerScope":{"contributions":{},"includedScopes":[]},"contributions":{},"includedScopes":[]},"contributions":{},"includedScopes":[]},"contributions":{},"includedScopes":[]}]},"contributions":{},"includedScopes":[]},"contributions":{},"includedScopes":[]},"contributions":{},"includedScopes":[]},"sourceMap":{"end":{"column":25,"line":20,"offset":611},"start":{"column":9,"line":20,"offset":595}},"value":{"id":"943cc1a7-848b-4736-8209-c25792e387a9","metadata":[],"name":"cantidad","scope":{"containerScope":{"containerScope":{"containerScope":{"containerScope":{"containerScope":{"containerScope":{"contributions":{},"includedScopes":[]},"contributions":{},"includedScopes":[]},"contributions":{},"includedScopes":[{"containerScope":{"containerScope":{"containerScope":{"contributions":{},"includedScopes":[]},"contributions":{},"includedScopes":[]},"contributions":{},"includedScopes":[]},"contributions":{},"includedScopes":[]}]},"contributions":{},"includedScopes":[]},"contributions":{},"includedScopes":[]},"contributions":{},"includedScopes":[]},"contributions":{},"includedScopes":[]},"sourceMap":{"end":{"column":25,"line":20,"offset":611},"start":{"column":17,"line":20,"offset":603}}},"variable":{"id":"1673a10d-8f21-4463-9706-aee82b77a962","metadata":[],"name":"dosis","scope":{"containerScope":{"containerScope":{"containerScope":{"containerScope":{"containerScope":{"containerScope":{"contributions":{},"includedScopes":[]},"contributions":{},"includedScopes":[]},"contributions":{},"includedScopes":[{"containerScope":{"containerScope":{"containerScope":{"contributions":{},"includedScopes":[]},"contributions":{},"includedScopes":[]},"contributions":{},"includedScopes":[]},"contributions":{},"includedScopes":[]}]},"contributions":{},"includedScopes":[]},"contributions":{},"includedScopes":[]},"contributions":{},"includedScopes":[]},"contributions":{},"includedScopes":[]},"sourceMap":{"end":{"column":14,"line":20,"offset":600},"start":{"column":9,"line":20,"offset":595}}}}],"sourceMap":{"end":{"column":6,"line":21,"offset":618},"start":{"column":38,"line":18,"offset":550}}},"compiled":false,"id":"927994da-f5b4-453e-83d5-1034d1300b86","isOverride":false,"metadata":[],"name":"consumir","parameters":[{"id":"f63f0ef0-85a8-4311-bdf6-8896e607db21","isVarArg":false,"metadata":[],"name":"cantidad","scope":{"containerScope":{"containerScope":{"containerScope":{"containerScope":{"contributions":{},"includedScopes":[]},"contributions":{},"includedScopes":[]},"contributions":{},"includedScopes":[{"containerScope":{"containerScope":{"containerScope":{"contributions":{},"includedScopes":[]},"contributions":{},"includedScopes":[]},"contributions":{},"includedScopes":[]},"contributions":{},"includedScopes":[]}]},"contributions":{},"includedScopes":[]},"contributions":{},"includedScopes":[]},"sourceMap":{"end":{"column":29,"line":18,"offset":541},"start":{"column":21,"line":18,"offset":533}}},{"id":"581cd07d-a7cb-4573-9434-e2c5a1b8acd1","isVarArg":false,"metadata":[],"name":"bebida","scope":{"containerScope":{"containerScope":{"containerScope":{"containerScope":{"contributions":{},"includedScopes":[]},"contributions":{},"includedScopes":[]},"contributions":{},"includedScopes":[{"containerScope":{"containerScope":{"containerScope":{"contributions":{},"includedScopes":[]},"contributions":{},"includedScopes":[]},"contributions":{},"includedScopes":[]},"contributions":{},"includedScopes":[]}]},"contributions":{},"includedScopes":[]},"contributions":{},"includedScopes":[]},"sourceMap":{"end":{"column":37,"line":18,"offset":549},"start":{"column":31,"line":18,"offset":543}}}],"problems":[],"scope":{"containerScope":{"containerScope":{"containerScope":{"contributions":{},"includedScopes":[]},"contributions":{},"includedScopes":[]},"contributions":{},"includedScopes":[{"containerScope":{"containerScope":{"containerScope":{"contributions":{},"includedScopes":[]},"contributions":{},"includedScopes":[]},"contributions":{},"includedScopes":[]},"contributions":{},"includedScopes":[]}]},"contributions":{},"includedScopes":[]},"sourceMap":{"end":{"column":6,"line":21,"offset":618},"start":{"column":5,"line":18,"offset":517}}},{"body":{"id":"4f6c53af-1564-4a05-b5ae-cdf841d6f403","metadata":[],"problems":[],"scope":{"containerScope":{"containerScope":{"containerScope":{"containerScope":{"contributions":{},"includedScopes":[]},"contributions":{},"includedScopes":[]},"contributions":{},"includedScopes":[{"containerScope":{"containerScope":{"containerScope":{"contributions":{},"includedScopes":[]},"contributions":{},"includedScopes":[]},"contributions":{},"includedScopes":[]},"contributions":{},"includedScopes":[]}]},"contributions":{},"includedScopes":[]},"contributions":{},"includedScopes":[]},"sentences":[{"id":"2aeeaf16-7906-45f5-a660-81d07090c9e0","metadata":[],"scope":{"containerScope":{"containerScope":{"containerScope":{"containerScope":{"containerScope":{"contributions":{},"includedScopes":[]},"contributions":{},"includedScopes":[]},"contributions":{},"includedScopes":[{"containerScope":{"containerScope":{"containerScope":{"contributions":{},"includedScopes":[]},"contributions":{},"includedScopes":[]},"contributions":{},"includedScopes":[]},"contributions":{},"includedScopes":[]}]},"contributions":{},"includedScopes":[]},"contributions":{},"includedScopes":[]},"contributions":{},"includedScopes":[]},"sourceMap":{"end":{"column":22,"line":27,"offset":785},"start":{"column":9,"line":26,"offset":707}},"value":{"args":[{"id":"44ecaaa7-b6cb-4de5-9b04-bced88fd0937","metadata":[],"name":"peso","scope":{"containerScope":{"containerScope":{"containerScope":{"containerScope":{"containerScope":{"containerScope":{"containerScope":{"contributions":{},"includedScopes":[]},"contributions":{},"includedScopes":[]},"contributions":{},"includedScopes":[{"containerScope":{"containerScope":{"containerScope":{"contributions":{},"includedScopes":[]},"contributions":{},"includedScopes":[]},"contributions":{},"includedScopes":[]},"contributions":{},"includedScopes":[]}]},"contributions":{},"includedScopes":[]},"contributions":{},"includedScopes":[]},"contributions":{},"includedScopes":[]},"contributions":{},"includedScopes":[]},"contributions":{},"includedScopes":[]},"sourceMap":{"end":{"column":22,"line":27,"offset":785},"start":{"column":18,"line":27,"offset":781}}}],"id":"8e18e1c0-5b6d-425d-8993-8d536afd40bf","message":"/","metadata":[],"receiver":{"args":[{"id":"eb52ad26-5e39-49b0-ab87-3d99cc08e01d","metadata":[],"scope":{"containerScope":{"containerScope":{"containerScope":{"containerScope":{"containerScope":{"containerScope":{"containerScope":{"containerScope":{"contributions":{},"includedScopes":[]},"contributions":{},"includedScopes":[]},"contributions":{},"includedScopes":[{"containerScope":{"containerScope":{"containerScope":{"contributions":{},"includedScopes":[]},"contributions":{},"includedScopes":[]},"contributions":{},"includedScopes":[]},"contributions":{},"includedScopes":[]}]},"contributions":{},"includedScopes":[]},"contributions":{},"includedScopes":[]},"contributions":{},"includedScopes":[]},"contributions":{},"includedScopes":[]},"contributions":{},"includedScopes":[]},"contributions":{},"includedScopes":[]},"sourceMap":{"end":{"column":15,"line":27,"offset":778},"start":{"column":12,"line":27,"offset":775}},"value":430}],"id":"a3eef62c-af57-4119-b1e8-ddb38e6ccad3","message":"*","metadata":[],"receiver":{"args":[{"id":"48fc57fb-a00b-4a7a-ac1c-2ca4a2fa3790","metadata":[],"name":"dosis","scope":{"containerScope":{"containerScope":{"containerScope":{"containerScope":{"containerScope":{"containerScope":{"containerScope":{"containerScope":{"containerScope":{"contributions":{},"includedScopes":[]},"contributions":{},"includedScopes":[]},"contributions":{},"includedScopes":[{"containerScope":{"containerScope":{"containerScope":{"contributions":{},"includedScopes":[]},"contributions":{},"includedScopes":[]},"contributions":{},"includedScopes":[]},"contributions":{},"includedScopes":[]}]},"contributions":{},"includedScopes":[]},"contributions":{},"includedScopes":[]},"contributions":{},"includedScopes":[]},"contributions":{},"includedScopes":[]},"contributions":{},"includedScopes":[]},"contributions":{},"includedScopes":[]},"contributions":{},"includedScopes":[]},"sourceMap":{"end":{"column":58,"line":26,"offset":756},"start":{"column":53,"line":26,"offset":751}}},{"id":"96b98f35-0c5b-4e11-9b17-94b297b772bc","metadata":[],"scope":{"containerScope":{"containerScope":{"containerScope":{"containerScope":{"containerScope":{"containerScope":{"containerScope":{"containerScope":{"containerScope":{"contributions":{},"includedScopes":[]},"contributions":{},"includedScopes":[]},"contributions":{},"includedScopes":[{"containerScope":{"containerScope":{"containerScope":{"contributions":{},"includedScopes":[]},"contributions":{},"includedScopes":[]},"contributions":{},"includedScopes":[]},"contributions":{},"includedScopes":[]}]},"contributions":{},"includedScopes":[]},"contributions":{},"includedScopes":[]},"contributions":{},"includedScopes":[]},"contributions":{},"includedScopes":[]},"contributions":{},"includedScopes":[]},"contributions":{},"includedScopes":[]},"contributions":{},"includedScopes":[]},"sourceMap":{"end":{"column":63,"line":26,"offset":761},"start":{"column":59,"line":26,"offset":757}}}],"id":"9f4478ae-6a37-4957-8ed8-946571548894","message":"rendimientoQueOtorga","metadata":[],"receiver":{"id":"938f546a-478b-423e-b7f6-d148f699a717","metadata":[],"name":"bebidaConsumida","scope":{"containerScope":{"containerScope":{"containerScope":{"containerScope":{"containerScope":{"containerScope":{"containerScope":{"containerScope":{"containerScope":{"contributions":{},"includedScopes":[]},"contributions":{},"includedScopes":[]},"contributions":{},"includedScopes":[{"containerScope":{"containerScope":{"containerScope":{"contributions":{},"includedScopes":[]},"contributions":{},"includedScopes":[]},"contributions":{},"includedScopes":[]},"contributions":{},"includedScopes":[]}]},"contributions":{},"includedScopes":[]},"contributions":{},"includedScopes":[]},"contributions":{},"includedScopes":[]},"contributions":{},"includedScopes":[]},"contributions":{},"includedScopes":[]},"contributions":{},"includedScopes":[]},"contributions":{},"includedScopes":[]},"sourceMap":{"end":{"column":31,"line":26,"offset":729},"start":{"column":16,"line":26,"offset":714}}},"scope":{"containerScope":{"containerScope":{"containerScope":{"containerScope":{"containerScope":{"containerScope":{"containerScope":{"containerScope":{"contributions":{},"includedScopes":[]},"contributions":{},"includedScopes":[]},"contributions":{},"includedScopes":[{"containerScope":{"containerScope":{"containerScope":{"contributions":{},"includedScopes":[]},"contributions":{},"includedScopes":[]},"contributions":{},"includedScopes":[]},"contributions":{},"includedScopes":[]}]},"contributions":{},"includedScopes":[]},"contributions":{},"includedScopes":[]},"contributions":{},"includedScopes":[]},"contributions":{},"includedScopes":[]},"contributions":{},"includedScopes":[]},"contributions":{},"includedScopes":[]},"sourceMap":{"end":{"column":64,"line":26,"offset":762},"start":{"column":16,"line":26,"offset":714}}},"scope":{"containerScope":{"containerScope":{"containerScope":{"containerScope":{"containerScope":{"containerScope":{"containerScope":{"contributions":{},"includedScopes":[]},"contributions":{},"includedScopes":[]},"contributions":{},"includedScopes":[{"containerScope":{"containerScope":{"containerScope":{"contributions":{},"includedScopes":[]},"contributions":{},"includedScopes":[]},"contributions":{},"includedScopes":[]},"contributions":{},"includedScopes":[]}]},"contributions":{},"includedScopes":[]},"contributions":{},"includedScopes":[]},"contributions":{},"includedScopes":[]},"contributions":{},"includedScopes":[]},"contributions":{},"includedScopes":[]},"sourceMap":{"end":{"column":15,"line":27,"offset":778},"start":{"column":16,"line":26,"offset":714}}},"scope":{"containerScope":{"containerScope":{"containerScope":{"containerScope":{"containerScope":{"containerScope":{"contributions":{},"includedScopes":[]},"contributions":{},"includedScopes":[]},"contributions":{},"includedScopes":[{"containerScope":{"containerScope":{"containerScope":{"contributions":{},"includedScopes":[]},"contributions":{},"includedScopes":[]},"contributions":{},"includedScopes":[]},"contributions":{},"includedScopes":[]}]},"contributions":{},"includedScopes":[]},"contributions":{},"includedScopes":[]},"contributions":{},"includedScopes":[]},"contributions":{},"includedScopes":[]},"sourceMap":{"end":{"column":22,"line":27,"offset":785},"start":{"column":16,"line":26,"offset":714}}}}],"sourceMap":{"end":{"column":6,"line":28,"offset":792},"start":{"column":23,"line":25,"offset":696}}},"compiled":false,"id":"c7ae819c-0abe-446c-830d-a04ba67fb2a5","isOverride":false,"metadata":[{"args":{"position":"start","text":"//method bebidaConsumida() = bebidaConsumida"},"name":"comment"}],"name":"velocidad","parameters":[],"problems":[],"scope":{"containerScope":{"containerScope":{"containerScope":{"contributions":{},"includedScopes":[]},"contributions":{},"includedScopes":[]},"contributions":{},"includedScopes":[{"containerScope":{"containerScope":{"containerScope":{"contributions":{},"includedScopes":[]},"contributions":{},"includedScopes":[]},"contributions":{},"includedScopes":[]},"contributions":{},"includedScopes":[]}]},"contributions":{},"includedScopes":[]},"sourceMap":{"end":{"column":6,"line":28,"offset":792},"start":{"column":5,"line":25,"offset":678}}},{"body":{"id":"ca588e04-3b45-418a-8c63-48d929452126","metadata":[],"problems":[],"scope":{"containerScope":{"containerScope":{"containerScope":{"containerScope":{"contributions":{},"includedScopes":[]},"contributions":{},"includedScopes":[]},"contributions":{},"includedScopes":[{"containerScope":{"containerScope":{"containerScope":{"contributions":{},"includedScopes":[]},"contributions":{},"includedScopes":[]},"contributions":{},"includedScopes":[]},"contributions":{},"includedScopes":[]}]},"contributions":{},"includedScopes":[]},"contributions":{},"includedScopes":[]},"sentences":[{"id":"37207c1c-dedb-4891-a788-dfb36a998a7e","metadata":[],"scope":{"containerScope":{"containerScope":{"containerScope":{"containerScope":{"containerScope":{"contributions":{},"includedScopes":[]},"contributions":{},"includedScopes":[]},"contributions":{},"includedScopes":[{"containerScope":{"containerScope":{"containerScope":{"contributions":{},"includedScopes":[]},"contributions":{},"includedScopes":[]},"contributions":{},"includedScopes":[]},"contributions":{},"includedScopes":[]}]},"contributions":{},"includedScopes":[]},"contributions":{},"includedScopes":[]},"contributions":{},"includedScopes":[]},"sourceMap":{"end":{"column":20,"line":31,"offset":835},"start":{"column":9,"line":31,"offset":824}},"value":{"id":"417d0c8a-f375-42c3-a74c-c5f74bc51213","metadata":[],"name":"peso","scope":{"containerScope":{"containerScope":{"containerScope":{"containerScope":{"containerScope":{"containerScope":{"contributions":{},"includedScopes":[]},"contributions":{},"includedScopes":[]},"contributions":{},"includedScopes":[{"containerScope":{"containerScope":{"containerScope":{"contributions":{},"includedScopes":[]},"contributions":{},"includedScopes":[]},"contributions":{},"includedScopes":[]},"contributions":{},"includedScopes":[]}]},"contributions":{},"includedScopes":[]},"contributions":{},"includedScopes":[]},"contributions":{},"includedScopes":[]},"contributions":{},"includedScopes":[]},"sourceMap":{"end":{"column":20,"line":31,"offset":835},"start":{"column":16,"line":31,"offset":831}}}}],"sourceMap":{"end":{"column":6,"line":32,"offset":842},"start":{"column":18,"line":30,"offset":813}}},"compiled":false,"id":"3f20fd47-6de7-4a50-92c0-15bdd526ae56","isOverride":false,"metadata":[],"name":"peso","parameters":[],"problems":[],"scope":{"containerScope":{"containerScope":{"containerScope":{"contributions":{},"includedScopes":[]},"contributions":{},"includedScopes":[]},"contributions":{},"includedScopes":[{"containerScope":{"containerScope":{"containerScope":{"contributions":{},"includedScopes":[]},"contributions":{},"includedScopes":[]},"contributions":{},"includedScopes":[]},"contributions":{},"includedScopes":[]}]},"contributions":{},"includedScopes":[]},"sourceMap":{"end":{"column":6,"line":32,"offset":842},"start":{"column":5,"line":30,"offset":800}}},{"body":{"id":"c2a6ee02-7b7f-4a30-bf0a-c8a1af0d0ef7","metadata":[],"problems":[],"scope":{"containerScope":{"containerScope":{"containerScope":{"containerScope":{"contributions":{},"includedScopes":[]},"contributions":{},"includedScopes":[]},"contributions":{},"includedScopes":[{"containerScope":{"containerScope":{"containerScope":{"contributions":{},"includedScopes":[]},"contributions":{},"includedScopes":[]},"contributions":{},"includedScopes":[]},"contributions":{},"includedScopes":[]}]},"contributions":{},"includedScopes":[]},"contributions":{},"includedScopes":[]},"sentences":[{"id":"d2457b28-4d66-4dce-95f0-e6267e340abf","metadata":[],"scope":{"containerScope":{"containerScope":{"containerScope":{"containerScope":{"containerScope":{"contributions":{},"includedScopes":[]},"contributions":{},"includedScopes":[]},"contributions":{},"includedScopes":[{"containerScope":{"containerScope":{"containerScope":{"contributions":{},"includedScopes":[]},"contributions":{},"includedScopes":[]},"contributions":{},"includedScopes":[]},"contributions":{},"includedScopes":[]}]},"contributions":{},"includedScopes":[]},"contributions":{},"includedScopes":[]},"contributions":{},"includedScopes":[]},"sourceMap":{"end":{"column":25,"line":34,"offset":904},"start":{"column":9,"line":34,"offset":888}},"value":{"id":"a90b3f72-de49-4d44-9f35-f3b1fd6fe22f","metadata":[],"name":"nuevoPeso","scope":{"containerScope":{"containerScope":{"containerScope":{"containerScope":{"containerScope":{"containerScope":{"contributions":{},"includedScopes":[]},"contributions":{},"includedScopes":[]},"contributions":{},"includedScopes":[{"containerScope":{"containerScope":{"containerScope":{"contributions":{},"includedScopes":[]},"contributions":{},"includedScopes":[]},"contributions":{},"includedScopes":[]},"contributions":{},"includedScopes":[]}]},"contributions":{},"includedScopes":[]},"contributions":{},"includedScopes":[]},"contributions":{},"includedScopes":[]},"contributions":{},"includedScopes":[]},"sourceMap":{"end":{"column":25,"line":34,"offset":904},"start":{"column":16,"line":34,"offset":895}}},"variable":{"id":"e15b6de3-f485-458e-aa23-789aa25d4231","metadata":[],"name":"peso","scope":{"containerScope":{"containerScope":{"containerScope":{"containerScope":{"containerScope":{"containerScope":{"contributions":{},"includedScopes":[]},"contributions":{},"includedScopes":[]},"contributions":{},"includedScopes":[{"containerScope":{"containerScope":{"containerScope":{"contributions":{},"includedScopes":[]},"contributions":{},"includedScopes":[]},"contributions":{},"includedScopes":[]},"contributions":{},"includedScopes":[]}]},"contributions":{},"includedScopes":[]},"contributions":{},"includedScopes":[]},"contributions":{},"includedScopes":[]},"contributions":{},"includedScopes":[]},"sourceMap":{"end":{"column":13,"line":34,"offset":892},"start":{"column":9,"line":34,"offset":888}}}}],"sourceMap":{"end":{"column":6,"line":35,"offset":911},"start":{"column":34,"line":33,"offset":877}}},"compiled":false,"id":"23b1cce9-0eef-4396-9a1e-9c7687eca41c","isOverride":false,"metadata":[],"name":"cambiarPeso","parameters":[{"id":"17ec685d-dc44-4b56-8959-4b40038679ec","isVarArg":false,"metadata":[],"name":"nuevoPeso","scope":{"containerScope":{"containerScope":{"containerScope":{"containerScope":{"contributions":{},"includedScopes":[]},"contributions":{},"includedScopes":[]},"contributions":{},"includedScopes":[{"containerScope":{"containerScope":{"containerScope":{"contributions":{},"includedScopes":[]},"contributions":{},"includedScopes":[]},"contributions":{},"includedScopes":[]},"contributions":{},"includedScopes":[]}]},"contributions":{},"includedScopes":[]},"contributions":{},"includedScopes":[]},"sourceMap":{"end":{"column":33,"line":33,"offset":876},"start":{"column":24,"line":33,"offset":867}}}],"problems":[],"scope":{"containerScope":{"containerScope":{"containerScope":{"contributions":{},"includedScopes":[]},"contributions":{},"includedScopes":[]},"contributions":{},"includedScopes":[{"containerScope":{"containerScope":{"containerScope":{"contributions":{},"includedScopes":[]},"contributions":{},"includedScopes":[]},"contributions":{},"includedScopes":[]},"contributions":{},"includedScopes":[]}]},"contributions":{},"includedScopes":[]},"sourceMap":{"end":{"column":6,"line":35,"offset":911},"start":{"column":5,"line":33,"offset":848}}}],"metadata":[{"args":{"position":"start","text":"/*\r\nAgregado al readme:\r\ncianuro: el rendimiento sera cero si el peso del deportista es 70 o menos, si es mas\r\nque 70 entoces el rendimiento es el 1% de la dosis consumida.\r\n\r\nagregar a pepe, otro voluntario, que pesa inicialmente 80, \r\ntiene 30 años, pepe debe\r\npoder cumplir anios y se diferencia de tito en que puede calcular su \r\nvelocidad si tiene mas de 30 entonces resta 10 de velocidad\r\n*/"},"name":"comment"}],"name":"tito","problems":[],"scope":{"containerScope":{"containerScope":{"contributions":{},"includedScopes":[]},"contributions":{},"includedScopes":[]},"contributions":{},"includedScopes":[{"containerScope":{"containerScope":{"containerScope":{"contributions":{},"includedScopes":[]},"contributions":{},"includedScopes":[]},"contributions":{},"includedScopes":[]},"contributions":{},"includedScopes":[]}]},"sourceMap":{"end":{"column":2,"line":36,"offset":914},"start":{"column":1,"line":13,"offset":424}},"supertypes":[]},{"id":"82c84e35-47a3-4a9f-bb7f-afc46b75b589","members":[{"id":"43fa1aa2-fbfa-4c43-b47d-29ec73b8e1f0","isConstant":false,"isProperty":false,"metadata":[],"name":"peso","scope":{"containerScope":{"containerScope":{"containerScope":{"contributions":{},"includedScopes":[]},"contributions":{},"includedScopes":[]},"contributions":{},"includedScopes":[{"containerScope":{"containerScope":{"containerScope":{"contributions":{},"includedScopes":[]},"contributions":{},"includedScopes":[]},"contributions":{},"includedScopes":[]},"contributions":{},"includedScopes":[]}]},"contributions":{},"includedScopes":[]},"sourceMap":{"end":{"column":18,"line":39,"offset":949},"start":{"column":5,"line":39,"offset":936}},"value":{"id":"ee7ddb99-3549-46db-b416-4a6e38606382","metadata":[],"scope":{"containerScope":{"containerScope":{"containerScope":{"containerScope":{"contributions":{},"includedScopes":[]},"contributions":{},"includedScopes":[]},"contributions":{},"includedScopes":[{"containerScope":{"containerScope":{"containerScope":{"contributions":{},"includedScopes":[]},"contributions":{},"includedScopes":[]},"contributions":{},"includedScopes":[]},"contributions":{},"includedScopes":[]}]},"contributions":{},"includedScopes":[]},"contributions":{},"includedScopes":[]},"sourceMap":{"end":{"column":18,"line":39,"offset":949},"start":{"column":16,"line":39,"offset":947}},"value":80}},{"id":"a7773e76-2299-45cd-8b16-14e33c94fca7","isConstant":false,"isProperty":false,"metadata":[],"name":"bebidaConsumida","scope":{"containerScope":{"containerScope":{"containerScope":{"contributions":{},"includedScopes":[]},"contributions":{},"includedScopes":[]},"contributions":{},"includedScopes":[{"containerScope":{"containerScope":{"containerScope":{"contributions":{},"includedScopes":[]},"contributions":{},"includedScopes":[]},"contributions":{},"includedScopes":[]},"contributions":{},"includedScopes":[]}]},"contributions":{},"includedScopes":[]},"sourceMap":{"end":{"column":33,"line":40,"offset":983},"start":{"column":5,"line":40,"offset":955}},"value":{"id":"75577e0d-9fc8-4fc8-9610-276eb69e3683","metadata":[],"name":"terere","scope":{"containerScope":{"containerScope":{"containerScope":{"containerScope":{"contributions":{},"includedScopes":[]},"contributions":{},"includedScopes":[]},"contributions":{},"includedScopes":[{"containerScope":{"containerScope":{"containerScope":{"contributions":{},"includedScopes":[]},"contributions":{},"includedScopes":[]},"contributions":{},"includedScopes":[]},"contributions":{},"includedScopes":[]}]},"contributions":{},"includedScopes":[]},"contributions":{},"includedScopes":[]},"sourceMap":{"end":{"column":33,"line":40,"offset":983},"start":{"column":27,"line":40,"offset":977}}}},{"id":"edcb1695-65b6-46f6-a775-e1809e174b2c","isConstant":false,"isProperty":false,"metadata":[],"name":"dosis","scope":{"containerScope":{"containerScope":{"containerScope":{"contributions":{},"includedScopes":[]},"contributions":{},"includedScopes":[]},"contributions":{},"includedScopes":[{"containerScope":{"containerScope":{"containerScope":{"contributions":{},"includedScopes":[]},"contributions":{},"includedScopes":[]},"contributions":{},"includedScopes":[]},"contributions":{},"includedScopes":[]}]},"contributions":{},"includedScopes":[]},"sourceMap":{"end":{"column":19,"line":41,"offset":1003},"start":{"column":5,"line":41,"offset":989}},"value":{"id":"ecbbb88e-2e67-4485-8ce9-e30dea0c31f2","metadata":[],"scope":{"containerScope":{"containerScope":{"containerScope":{"containerScope":{"contributions":{},"includedScopes":[]},"contributions":{},"includedScopes":[]},"contributions":{},"includedScopes":[{"containerScope":{"containerScope":{"containerScope":{"contributions":{},"includedScopes":[]},"contributions":{},"includedScopes":[]},"contributions":{},"includedScopes":[]},"contributions":{},"includedScopes":[]}]},"contributions":{},"includedScopes":[]},"contributions":{},"includedScopes":[]},"sourceMap":{"end":{"column":19,"line":41,"offset":1003},"start":{"column":17,"line":41,"offset":1001}},"value":10}},{"id":"47f5b6ad-36b7-4b36-ac69-3d95bfc6f6f7","isConstant":false,"isProperty":false,"metadata":[],"name":"edad","scope":{"containerScope":{"containerScope":{"containerScope":{"contributions":{},"includedScopes":[]},"contributions":{},"includedScopes":[]},"contributions":{},"includedScopes":[{"containerScope":{"containerScope":{"containerScope":{"contributions":{},"includedScopes":[]},"contributions":{},"includedScopes":[]},"contributions":{},"includedScopes":[]},"contributions":{},"includedScopes":[]}]},"contributions":{},"includedScopes":[]},"sourceMap":{"end":{"column":18,"line":42,"offset":1022},"start":{"column":5,"line":42,"offset":1009}},"value":{"id":"0f9310eb-3153-492f-9c72-4c829bdd53f9","metadata":[],"scope":{"containerScope":{"containerScope":{"containerScope":{"containerScope":{"contributions":{},"includedScopes":[]},"contributions":{},"includedScopes":[]},"contributions":{},"includedScopes":[{"containerScope":{"containerScope":{"containerScope":{"contributions":{},"includedScopes":[]},"contributions":{},"includedScopes":[]},"contributions":{},"includedScopes":[]},"contributions":{},"includedScopes":[]}]},"contributions":{},"includedScopes":[]},"contributions":{},"includedScopes":[]},"sourceMap":{"end":{"column":18,"line":42,"offset":1022},"start":{"column":16,"line":42,"offset":1020}},"value":30}},{"body":{"id":"b7ef3531-2f1a-48a6-8c2b-1acc7b789b74","metadata":[],"problems":[],"scope":{"containerScope":{"containerScope":{"containerScope":{"containerScope":{"contributions":{},"includedScopes":[]},"contributions":{},"includedScopes":[]},"contributions":{},"includedScopes":[{"containerScope":{"containerScope":{"containerScope":{"contributions":{},"includedScopes":[]},"contributions":{},"includedScopes":[]},"contributions":{},"includedScopes":[]},"contributions":{},"includedScopes":[]}]},"contributions":{},"includedScopes":[]},"contributions":{},"includedScopes":[]},"sentences":[{"id":"9ededd97-ab5b-4828-8354-00ad994d0e47","metadata":[],"scope":{"containerScope":{"containerScope":{"containerScope":{"containerScope":{"containerScope":{"contributions":{},"includedScopes":[]},"contributions":{},"includedScopes":[]},"contributions":{},"includedScopes":[{"containerScope":{"containerScope":{"containerScope":{"contributions":{},"includedScopes":[]},"contributions":{},"includedScopes":[]},"contributions":{},"includedScopes":[]},"contributions":{},"includedScopes":[]}]},"contributions":{},"includedScopes":[]},"contributions":{},"includedScopes":[]},"contributions":{},"includedScopes":[]},"sourceMap":{"end":{"column":33,"line":45,"offset":1098},"start":{"column":9,"line":45,"offset":1074}},"value":{"id":"60645b90-e1c1-45ef-bf80-172fd3c8fe3e","metadata":[],"name":"bebida","scope":{"containerScope":{"containerScope":{"containerScope":{"containerScope":{"containerScope":{"containerScope":{"contributions":{},"includedScopes":[]},"contributions":{},"includedScopes":[]},"contributions":{},"includedScopes":[{"containerScope":{"containerScope":{"containerScope":{"contributions":{},"includedScopes":[]},"contributions":{},"includedScopes":[]},"contributions":{},"includedScopes":[]},"contributions":{},"includedScopes":[]}]},"contributions":{},"includedScopes":[]},"contributions":{},"includedScopes":[]},"contributions":{},"includedScopes":[]},"contributions":{},"includedScopes":[]},"sourceMap":{"end":{"column":33,"line":45,"offset":1098},"start":{"column":27,"line":45,"offset":1092}}},"variable":{"id":"580c0b8c-fbe3-4758-9357-71cba8207503","metadata":[],"name":"bebidaConsumida","scope":{"containerScope":{"containerScope":{"containerScope":{"containerScope":{"containerScope":{"containerScope":{"contributions":{},"includedScopes":[]},"contributions":{},"includedScopes":[]},"contributions":{},"includedScopes":[{"containerScope":{"containerScope":{"containerScope":{"contributions":{},"includedScopes":[]},"contributions":{},"includedScopes":[]},"contributions":{},"includedScopes":[]},"contributions":{},"includedScopes":[]}]},"contributions":{},"includedScopes":[]},"contributions":{},"includedScopes":[]},"contributions":{},"includedScopes":[]},"contributions":{},"includedScopes":[]},"sourceMap":{"end":{"column":24,"line":45,"offset":1089},"start":{"column":9,"line":45,"offset":1074}}}},{"id":"9ca21069-bc68-41f0-b3bd-0f31613db9ba","metadata":[],"scope":{"containerScope":{"containerScope":{"containerScope":{"containerScope":{"containerScope":{"contributions":{},"includedScopes":[]},"contributions":{},"includedScopes":[]},"contributions":{},"includedScopes":[{"containerScope":{"containerScope":{"containerScope":{"contributions":{},"includedScopes":[]},"contributions":{},"includedScopes":[]},"contributions":{},"includedScopes":[]},"contributions":{},"includedScopes":[]}]},"contributions":{},"includedScopes":[]},"contributions":{},"includedScopes":[]},"contributions":{},"includedScopes":[]},"sourceMap":{"end":{"column":25,"line":46,"offset":1124},"start":{"column":9,"line":46,"offset":1108}},"value":{"id":"f7bc53b3-1bf3-4002-aeaf-18852d2d8555","metadata":[],"name":"cantidad","scope":{"containerScope":{"containerScope":{"containerScope":{"containerScope":{"containerScope":{"containerScope":{"contributions":{},"includedScopes":[]},"contributions":{},"includedScopes":[]},"contributions":{},"includedScopes":[{"containerScope":{"containerScope":{"containerScope":{"contributions":{},"includedScopes":[]},"contributions":{},"includedScopes":[]},"contributions":{},"includedScopes":[]},"contributions":{},"includedScopes":[]}]},"contributions":{},"includedScopes":[]},"contributions":{},"includedScopes":[]},"contributions":{},"includedScopes":[]},"contributions":{},"includedScopes":[]},"sourceMap":{"end":{"column":25,"line":46,"offset":1124},"start":{"column":17,"line":46,"offset":1116}}},"variable":{"id":"afcc76ca-792e-4a29-a2a6-1672debb222e","metadata":[],"name":"dosis","scope":{"containerScope":{"containerScope":{"containerScope":{"containerScope":{"containerScope":{"containerScope":{"contributions":{},"includedScopes":[]},"contributions":{},"includedScopes":[]},"contributions":{},"includedScopes":[{"containerScope":{"containerScope":{"containerScope":{"contributions":{},"includedScopes":[]},"contributions":{},"includedScopes":[]},"contributions":{},"includedScopes":[]},"contributions":{},"includedScopes":[]}]},"contributions":{},"includedScopes":[]},"contributions":{},"includedScopes":[]},"contributions":{},"includedScopes":[]},"contributions":{},"includedScopes":[]},"sourceMap":{"end":{"column":14,"line":46,"offset":1113},"start":{"column":9,"line":46,"offset":1108}}}}],"sourceMap":{"end":{"column":6,"line":47,"offset":1131},"start":{"column":38,"line":44,"offset":1063}}},"compiled":false,"id":"9f63eb4e-eebf-4461-ac3d-ff8fb18aaff7","isOverride":false,"metadata":[],"name":"consumir","parameters":[{"id":"bdad4b97-e4e8-417f-bc5a-19b7eb051dcb","isVarArg":false,"metadata":[],"name":"cantidad","scope":{"containerScope":{"containerScope":{"containerScope":{"containerScope":{"contributions":{},"includedScopes":[]},"contributions":{},"includedScopes":[]},"contributions":{},"includedScopes":[{"containerScope":{"containerScope":{"containerScope":{"contributions":{},"includedScopes":[]},"contributions":{},"includedScopes":[]},"contributions":{},"includedScopes":[]},"contributions":{},"includedScopes":[]}]},"contributions":{},"includedScopes":[]},"contributions":{},"includedScopes":[]},"sourceMap":{"end":{"column":29,"line":44,"offset":1054},"start":{"column":21,"line":44,"offset":1046}}},{"id":"e009cdaa-8fed-46f3-89f5-976e6392d190","isVarArg":false,"metadata":[],"name":"bebida","scope":{"containerScope":{"containerScope":{"containerScope":{"containerScope":{"contributions":{},"includedScopes":[]},"contributions":{},"includedScopes":[]},"contributions":{},"includedScopes":[{"containerScope":{"containerScope":{"containerScope":{"contributions":{},"includedScopes":[]},"contributions":{},"includedScopes":[]},"contributions":{},"includedScopes":[]},"contributions":{},"includedScopes":[]}]},"contributions":{},"includedScopes":[]},"contributions":{},"includedScopes":[]},"sourceMap":{"end":{"column":37,"line":44,"offset":1062},"start":{"column":31,"line":44,"offset":1056}}}],"problems":[],"scope":{"containerScope":{"containerScope":{"containerScope":{"contributions":{},"includedScopes":[]},"contributions":{},"includedScopes":[]},"contributions":{},"includedScopes":[{"containerScope":{"containerScope":{"containerScope":{"contributions":{},"includedScopes":[]},"contributions":{},"includedScopes":[]},"contributions":{},"includedScopes":[]},"contributions":{},"includedScopes":[]}]},"contributions":{},"includedScopes":[]},"sourceMap":{"end":{"column":6,"line":47,"offset":1131},"start":{"column":5,"line":44,"offset":1030}}},{"body":{"id":"69662482-6360-4fb5-9f4c-58d13b2d88a6","metadata":[],"problems":[],"scope":{"containerScope":{"containerScope":{"containerScope":{"containerScope":{"contributions":{},"includedScopes":[]},"contributions":{},"includedScopes":[]},"contributions":{},"includedScopes":[{"containerScope":{"containerScope":{"containerScope":{"contributions":{},"includedScopes":[]},"contributions":{},"includedScopes":[]},"contributions":{},"includedScopes":[]},"contributions":{},"includedScopes":[]}]},"contributions":{},"includedScopes":[]},"contributions":{},"includedScopes":[]},"sentences":[{"id":"dc8dca05-7aeb-4526-ac70-116099bfa80f","metadata":[],"scope":{"containerScope":{"containerScope":{"containerScope":{"containerScope":{"containerScope":{"contributions":{},"includedScopes":[]},"contributions":{},"includedScopes":[]},"contributions":{},"includedScopes":[{"containerScope":{"containerScope":{"containerScope":{"contributions":{},"includedScopes":[]},"contributions":{},"includedScopes":[]},"contributions":{},"includedScopes":[]},"contributions":{},"includedScopes":[]}]},"contributions":{},"includedScopes":[]},"contributions":{},"includedScopes":[]},"contributions":{},"includedScopes":[]},"sourceMap":{"end":{"column":48,"line":51,"offset":1272},"start":{"column":9,"line":50,"offset":1168}},"value":{"args":[{"condition":{"args":[{"id":"bd894b55-2f6c-4193-9c4e-6c52e82f9bac","metadata":[],"scope":{"containerScope":{"containerScope":{"containerScope":{"containerScope":{"containerScope":{"containerScope":{"containerScope":{"containerScope":{"containerScope":{"contributions":{},"includedScopes":[]},"contributions":{},"includedScopes":[]},"contributions":{},"includedScopes":[{"containerScope":{"containerScope":{"containerScope":{"contributions":{},"includedScopes":[]},"contributions":{},"includedScopes":[]},"contributions":{},"includedScopes":[]},"contributions":{},"includedScopes":[]}]},"contributions":{},"includedScopes":[]},"contributions":{},"includedScopes":[]},"contributions":{},"includedScopes":[]},"contributions":{},"includedScopes":[]},"contributions":{},"includedScopes":[]},"contributions":{},"includedScopes":[]},"contributions":{},"includedScopes":[]},"sourceMap":{"end":{"column":37,"line":51,"offset":1261},"start":{"column":35,"line":51,"offset":1259}},"value":30}],"id":"ad93fb77-e0bf-4913-90d7-9cd65612bc6a","message":">","metadata":[],"receiver":{"id":"eeba112a-c8fc-4c78-9d03-f5852ed25234","metadata":[],"name":"edad","scope":{"containerScope":{"containerScope":{"containerScope":{"containerScope":{"containerScope":{"containerScope":{"containerScope":{"containerScope":{"containerScope":{"contributions":{},"includedScopes":[]},"contributions":{},"includedScopes":[]},"contributions":{},"includedScopes":[{"containerScope":{"containerScope":{"containerScope":{"contributions":{},"includedScopes":[]},"contributions":{},"includedScopes":[]},"contributions":{},"includedScopes":[]},"contributions":{},"includedScopes":[]}]},"contributions":{},"includedScopes":[]},"contributions":{},"includedScopes":[]},"contributions":{},"includedScopes":[]},"contributions":{},"includedScopes":[]},"contributions":{},"includedScopes":[]},"contributions":{},"includedScopes":[]},"contributions":{},"includedScopes":[]},"sourceMap":{"end":{"column":32,"line":51,"offset":1256},"start":{"column":28,"line":51,"offset":1252}}},"scope":{"containerScope":{"containerScope":{"containerScope":{"containerScope":{"containerScope":{"containerScope":{"containerScope":{"containerScope":{"contributions":{},"includedScopes":[]},"contributions":{},"includedScopes":[]},"contributions":{},"includedScopes":[{"containerScope":{"containerScope":{"containerScope":{"contributions":{},"includedScopes":[]},"contributions":{},"includedScopes":[]},"contributions":{},"includedScopes":[]},"contributions":{},"includedScopes":[]}]},"contributions":{},"includedScopes":[]},"contributions":{},"includedScopes":[]},"contributions":{},"includedScopes":[]},"contributions":{},"includedScopes":[]},"contributions":{},"includedScopes":[]},"contributions":{},"includedScopes":[]},"sourceMap":{"end":{"column":37,"line":51,"offset":1261},"start":{"column":28,"line":51,"offset":1252}}},"elseBody":{"id":"05ac493e-11a6-446c-9d9c-26700d16cf12","metadata":[],"scope":{"containerScope":{"containerScope":{"containerScope":{"containerScope":{"containerScope":{"containerScope":{"containerScope":{"containerScope":{"contributions":{},"includedScopes":[]},"contributions":{},"includedScopes":[]},"contributions":{},"includedScopes":[{"containerScope":{"containerScope":{"containerScope":{"contributions":{},"includedScopes":[]},"contributions":{},"includedScopes":[]},"contributions":{},"includedScopes":[]},"contributions":{},"includedScopes":[]}]},"contributions":{},"includedScopes":[]},"contributions":{},"includedScopes":[]},"contributions":{},"includedScopes":[]},"contributions":{},"includedScopes":[]},"contributions":{},"includedScopes":[]},"contributions":{},"includedScopes":[]},"sentences":[{"id":"5b56c275-c6ee-4250-9f46-02cfd45ac11c","metadata":[],"scope":{"containerScope":{"containerScope":{"containerScope":{"containerScope":{"containerScope":{"containerScope":{"containerScope":{"containerScope":{"containerScope":{"contributions":{},"includedScopes":[]},"contributions":{},"includedScopes":[]},"contributions":{},"includedScopes":[{"containerScope":{"containerScope":{"containerScope":{"contributions":{},"includedScopes":[]},"contributions":{},"includedScopes":[]},"contributions":{},"includedScopes":[]},"contributions":{},"includedScopes":[]}]},"contributions":{},"includedScopes":[]},"contributions":{},"includedScopes":[]},"contributions":{},"includedScopes":[]},"contributions":{},"includedScopes":[]},"contributions":{},"includedScopes":[]},"contributions":{},"includedScopes":[]},"contributions":{},"includedScopes":[]},"sourceMap":{"end":{"column":48,"line":51,"offset":1272},"start":{"column":47,"line":51,"offset":1271}},"value":0}],"sourceMap":{"end":{"column":48,"line":51,"offset":1272},"start":{"column":47,"line":51,"offset":1271}}},"id":"ac09666d-c987-4b6d-bf85-b93449712fbb","metadata":[],"scope":{"containerScope":{"containerScope":{"containerScope":{"containerScope":{"containerScope":{"containerScope":{"containerScope":{"contributions":{},"includedScopes":[]},"contributions":{},"includedScopes":[]},"contributions":{},"includedScopes":[{"containerScope":{"containerScope":{"containerScope":{"contributions":{},"includedScopes":[]},"contributions":{},"includedScopes":[]},"contributions":{},"includedScopes":[]},"contributions":{},"includedScopes":[]}]},"contributions":{},"includedScopes":[]},"contributions":{},"includedScopes":[]},"contributions":{},"includedScopes":[]},"contributions":{},"includedScopes":[]},"contributions":{},"includedScopes":[]},"sourceMap":{"end":{"column":48,"line":51,"offset":1272},"start":{"column":25,"line":51,"offset":1249}},"thenBody":{"id":"0b48de56-d990-4611-ac5a-6e8929cca651","metadata":[],"scope":{"containerScope":{"containerScope":{"containerScope":{"containerScope":{"containerScope":{"containerScope":{"containerScope":{"containerScope":{"contributions":{},"includedScopes":[]},"contributions":{},"includedScopes":[]},"contributions":{},"includedScopes":[{"containerScope":{"containerScope":{"containerScope":{"contributions":{},"includedScopes":[]},"contributions":{},"includedScopes":[]},"contributions":{},"includedScopes":[]},"contributions":{},"includedScopes":[]}]},"contributions":{},"includedScopes":[]},"contributions":{},"includedScopes":[]},"contributions":{},"includedScopes":[]},"contributions":{},"includedScopes":[]},"contributions":{},"includedScopes":[]},"contributions":{},"includedScopes":[]},"sentences":[{"id":"e3de4540-2649-4c25-84bb-c7e2c8036750","metadata":[],"scope":{"containerScope":{"containerScope":{"containerScope":{"containerScope":{"containerScope":{"containerScope":{"containerScope":{"containerScope":{"containerScope":{"contributions":{},"includedScopes":[]},"contributions":{},"includedScopes":[]},"contributions":{},"includedScopes":[{"containerScope":{"containerScope":{"containerScope":{"contributions":{},"includedScopes":[]},"contributions":{},"includedScopes":[]},"contributions":{},"includedScopes":[]},"contributions":{},"includedScopes":[]}]},"contributions":{},"includedScopes":[]},"contributions":{},"includedScopes":[]},"contributions":{},"includedScopes":[]},"contributions":{},"includedScopes":[]},"contributions":{},"includedScopes":[]},"contributions":{},"includedScopes":[]},"contributions":{},"includedScopes":[]},"sourceMap":{"end":{"column":41,"line":51,"offset":1265},"start":{"column":39,"line":51,"offset":1263}},"value":10}],"sourceMap":{"end":{"column":41,"line":51,"offset":1265},"start":{"column":39,"line":51,"offset":1263}}}}],"id":"9bf58bf8-c56e-4915-9032-b80540c67db6","message":"-","metadata":[],"receiver":{"args":[{"id":"be36ec35-c0e6-4ee7-8b0f-ffb1cd3747c1","metadata":[],"name":"peso","scope":{"containerScope":{"containerScope":{"containerScope":{"containerScope":{"containerScope":{"containerScope":{"containerScope":{"containerScope":{"contributions":{},"includedScopes":[]},"contributions":{},"includedScopes":[]},"contributions":{},"includedScopes":[{"containerScope":{"containerScope":{"containerScope":{"contributions":{},"includedScopes":[]},"contributions":{},"includedScopes":[]},"contributions":{},"includedScopes":[]},"contributions":{},"includedScopes":[]}]},"contributions":{},"includedScopes":[]},"contributions":{},"includedScopes":[]},"contributions":{},"includedScopes":[]},"contributions":{},"includedScopes":[]},"contributions":{},"includedScopes":[]},"contributions":{},"includedScopes":[]},"sourceMap":{"end":{"column":22,"line":51,"offset":1246},"start":{"column":18,"line":51,"offset":1242}}}],"id":"f92b9f17-6229-461c-92bf-7c00d5bc2ca4","message":"/","metadata":[],"receiver":{"args":[{"id":"506ee331-afc4-4a88-a664-eab3a20dc166","metadata":[],"scope":{"containerScope":{"containerScope":{"containerScope":{"containerScope":{"containerScope":{"containerScope":{"containerScope":{"containerScope":{"containerScope":{"contributions":{},"includedScopes":[]},"contributions":{},"includedScopes":[]},"contributions":{},"includedScopes":[{"containerScope":{"containerScope":{"containerScope":{"contributions":{},"includedScopes":[]},"contributions":{},"includedScopes":[]},"contributions":{},"includedScopes":[]},"contributions":{},"includedScopes":[]}]},"contributions":{},"includedScopes":[]},"contributions":{},"includedScopes":[]},"contributions":{},"includedScopes":[]},"contributions":{},"includedScopes":[]},"contributions":{},"includedScopes":[]},"contributions":{},"includedScopes":[]},"contributions":{},"includedScopes":[]},"sourceMap":{"end":{"column":15,"line":51,"offset":1239},"start":{"column":12,"line":51,"offset":1236}},"value":430}],"id":"ec240008-b631-4c46-a5ce-b67831100cb9","message":"*","metadata":[],"receiver":{"args":[{"id":"64639bf4-d087-4213-ae9e-11661c5456ba","metadata":[],"name":"dosis","scope":{"containerScope":{"containerScope":{"containerScope":{"containerScope":{"containerScope":{"containerScope":{"containerScope":{"containerScope":{"containerScope":{"containerScope":{"contributions":{},"includedScopes":[]},"contributions":{},"includedScopes":[]},"contributions":{},"includedScopes":[{"containerScope":{"containerScope":{"containerScope":{"contributions":{},"includedScopes":[]},"contributions":{},"includedScopes":[]},"contributions":{},"includedScopes":[]},"contributions":{},"includedScopes":[]}]},"contributions":{},"includedScopes":[]},"contributions":{},"includedScopes":[]},"contributions":{},"includedScopes":[]},"contributions":{},"includedScopes":[]},"contributions":{},"includedScopes":[]},"contributions":{},"includedScopes":[]},"contributions":{},"includedScopes":[]},"contributions":{},"includedScopes":[]},"sourceMap":{"end":{"column":58,"line":50,"offset":1217},"start":{"column":53,"line":50,"offset":1212}}},{"id":"5bb8a168-92cb-45ff-a2e0-579ccae87571","metadata":[],"scope":{"containerScope":{"containerScope":{"containerScope":{"containerScope":{"containerScope":{"containerScope":{"containerScope":{"containerScope":{"containerScope":{"containerScope":{"contributions":{},"includedScopes":[]},"contributions":{},"includedScopes":[]},"contributions":{},"includedScopes":[{"containerScope":{"containerScope":{"containerScope":{"contributions":{},"includedScopes":[]},"contributions":{},"includedScopes":[]},"contributions":{},"includedScopes":[]},"contributions":{},"includedScopes":[]}]},"contributions":{},"includedScopes":[]},"contributions":{},"includedScopes":[]},"contributions":{},"includedScopes":[]},"contributions":{},"includedScopes":[]},"contributions":{},"includedScopes":[]},"contributions":{},"includedScopes":[]},"contributions":{},"includedScopes":[]},"contributions":{},"includedScopes":[]},"sourceMap":{"end":{"column":63,"line":50,"offset":1222},"start":{"column":59,"line":50,"offset":1218}}}],"id":"f7facacf-8848-4e39-a520-9472d572e457","message":"rendimientoQueOtorga","metadata":[],"receiver":{"id":"95d4ead1-db5b-4a98-b8ec-be176f1722ed","metadata":[],"name":"bebidaConsumida","scope":{"containerScope":{"containerScope":{"containerScope":{"containerScope":{"containerScope":{"containerScope":{"containerScope":{"containerScope":{"containerScope":{"containerScope":{"contributions":{},"includedScopes":[]},"contributions":{},"includedScopes":[]},"contributions":{},"includedScopes":[{"containerScope":{"containerScope":{"containerScope":{"contributions":{},"includedScopes":[]},"contributions":{},"includedScopes":[]},"contributions":{},"includedScopes":[]},"contributions":{},"includedScopes":[]}]},"contributions":{},"includedScopes":[]},"contributions":{},"includedScopes":[]},"contributions":{},"includedScopes":[]},"contributions":{},"includedScopes":[]},"contributions":{},"includedScopes":[]},"contributions":{},"includedScopes":[]},"contributions":{},"includedScopes":[]},"contributions":{},"includedScopes":[]},"sourceMap":{"end":{"column":31,"line":50,"offset":1190},"start":{"column":16,"line":50,"offset":1175}}},"scope":{"containerScope":{"containerScope":{"containerScope":{"containerScope":{"containerScope":{"containerScope":{"containerScope":{"containerScope":{"containerScope":{"contributions":{},"includedScopes":[]},"contributions":{},"includedScopes":[]},"contributions":{},"includedScopes":[{"containerScope":{"containerScope":{"containerScope":{"contributions":{},"includedScopes":[]},"contributions":{},"includedScopes":[]},"contributions":{},"includedScopes":[]},"contributions":{},"includedScopes":[]}]},"contributions":{},"includedScopes":[]},"contributions":{},"includedScopes":[]},"contributions":{},"includedScopes":[]},"contributions":{},"includedScopes":[]},"contributions":{},"includedScopes":[]},"contributions":{},"includedScopes":[]},"contributions":{},"includedScopes":[]},"sourceMap":{"end":{"column":64,"line":50,"offset":1223},"start":{"column":16,"line":50,"offset":1175}}},"scope":{"containerScope":{"containerScope":{"containerScope":{"containerScope":{"containerScope":{"containerScope":{"containerScope":{"containerScope":{"contributions":{},"includedScopes":[]},"contributions":{},"includedScopes":[]},"contributions":{},"includedScopes":[{"containerScope":{"containerScope":{"containerScope":{"contributions":{},"includedScopes":[]},"contributions":{},"includedScopes":[]},"contributions":{},"includedScopes":[]},"contributions":{},"includedScopes":[]}]},"contributions":{},"includedScopes":[]},"contributions":{},"includedScopes":[]},"contributions":{},"includedScopes":[]},"contributions":{},"includedScopes":[]},"contributions":{},"includedScopes":[]},"contributions":{},"includedScopes":[]},"sourceMap":{"end":{"column":15,"line":51,"offset":1239},"start":{"column":16,"line":50,"offset":1175}}},"scope":{"containerScope":{"containerScope":{"containerScope":{"containerScope":{"containerScope":{"containerScope":{"containerScope":{"contributions":{},"includedScopes":[]},"contributions":{},"includedScopes":[]},"contributions":{},"includedScopes":[{"containerScope":{"containerScope":{"containerScope":{"contributions":{},"includedScopes":[]},"contributions":{},"includedScopes":[]},"contributions":{},"includedScopes":[]},"contributions":{},"includedScopes":[]}]},"contributions":{},"includedScopes":[]},"contributions":{},"includedScopes":[]},"contributions":{},"includedScopes":[]},"contributions":{},"includedScopes":[]},"contributions":{},"includedScopes":[]},"sourceMap":{"end":{"column":22,"line":51,"offset":1246},"start":{"column":16,"line":50,"offset":1175}}},"scope":{"containerScope":{"containerScope":{"containerScope":{"containerScope":{"containerScope":{"containerScope":{"contributions":{},"includedScopes":[]},"contributions":{},"includedScopes":[]},"contributions":{},"includedScopes":[{"containerScope":{"containerScope":{"containerScope":{"contributions":{},"includedScopes":[]},"contributions":{},"includedScopes":[]},"contributions":{},"includedScopes":[]},"contributions":{},"includedScopes":[]}]},"contributions":{},"includedScopes":[]},"contributions":{},"includedScopes":[]},"contributions":{},"includedScopes":[]},"contributions":{},"includedScopes":[]},"sourceMap":{"end":{"column":48,"line":51,"offset":1272},"start":{"column":16,"line":50,"offset":1175}}}}],"sourceMap":{"end":{"column":6,"line":52,"offset":1280},"start":{"column":23,"line":49,"offset":1157}}},"compiled":false,"id":"92da8170-bf52-478c-b6f3-948848aacf41","isOverride":false,"metadata":[],"name":"velocidad","parameters":[],"problems":[],"scope":{"containerScope":{"containerScope":{"containerScope":{"contributions":{},"includedScopes":[]},"contributions":{},"includedScopes":[]},"contributions":{},"includedScopes":[{"containerScope":{"containerScope":{"containerScope":{"contributions":{},"includedScopes":[]},"contributions":{},"includedScopes":[]},"contributions":{},"includedScopes":[]},"contributions":{},"includedScopes":[]}]},"contributions":{},"includedScopes":[]},"sourceMap":{"end":{"column":6,"line":52,"offset":1280},"start":{"column":5,"line":49,"offset":1139}}},{"body":{"id":"9bd5d0c4-01f7-4b29-bee6-8ffec9138dd3","metadata":[],"problems":[],"scope":{"containerScope":{"containerScope":{"containerScope":{"containerScope":{"contributions":{},"includedScopes":[]},"contributions":{},"includedScopes":[]},"contributions":{},"includedScopes":[{"containerScope":{"containerScope":{"containerScope":{"contributions":{},"includedScopes":[]},"contributions":{},"includedScopes":[]},"contributions":{},"includedScopes":[]},"contributions":{},"includedScopes":[]}]},"contributions":{},"includedScopes":[]},"contributions":{},"includedScopes":[]},"sentences":[{"id":"a0223320-9f6a-46a4-81ba-6c46444ba9d9","metadata":[],"scope":{"containerScope":{"containerScope":{"containerScope":{"containerScope":{"containerScope":{"contributions":{},"includedScopes":[]},"contributions":{},"includedScopes":[]},"contributions":{},"includedScopes":[{"containerScope":{"containerScope":{"containerScope":{"contributions":{},"includedScopes":[]},"contributions":{},"includedScopes":[]},"contributions":{},"includedScopes":[]},"contributions":{},"includedScopes":[]}]},"contributions":{},"includedScopes":[]},"contributions":{},"includedScopes":[]},"contributions":{},"includedScopes":[]},"sourceMap":{"end":{"column":20,"line":55,"offset":1323},"start":{"column":9,"line":55,"offset":1312}},"value":{"id":"78685f5a-5e5c-4830-8221-dca3a0411c3b","metadata":[],"name":"peso","scope":{"containerScope":{"containerScope":{"containerScope":{"containerScope":{"containerScope":{"containerScope":{"contributions":{},"includedScopes":[]},"contributions":{},"includedScopes":[]},"contributions":{},"includedScopes":[{"containerScope":{"containerScope":{"containerScope":{"contributions":{},"includedScopes":[]},"contributions":{},"includedScopes":[]},"contributions":{},"includedScopes":[]},"contributions":{},"includedScopes":[]}]},"contributions":{},"includedScopes":[]},"contributions":{},"includedScopes":[]},"contributions":{},"includedScopes":[]},"contributions":{},"includedScopes":[]},"sourceMap":{"end":{"column":20,"line":55,"offset":1323},"start":{"column":16,"line":55,"offset":1319}}}}],"sourceMap":{"end":{"column":6,"line":56,"offset":1330},"start":{"column":18,"line":54,"offset":1301}}},"compiled":false,"id":"6f5c83af-6ef4-4291-949a-3531414788f3","isOverride":false,"metadata":[],"name":"peso","parameters":[],"problems":[],"scope":{"containerScope":{"containerScope":{"containerScope":{"contributions":{},"includedScopes":[]},"contributions":{},"includedScopes":[]},"contributions":{},"includedScopes":[{"containerScope":{"containerScope":{"containerScope":{"contributions":{},"includedScopes":[]},"contributions":{},"includedScopes":[]},"contributions":{},"includedScopes":[]},"contributions":{},"includedScopes":[]}]},"contributions":{},"includedScopes":[]},"sourceMap":{"end":{"column":6,"line":56,"offset":1330},"start":{"column":5,"line":54,"offset":1288}}},{"body":{"id":"9b935750-e090-4a2e-a1a8-0524bfc5a774","metadata":[],"problems":[],"scope":{"containerScope":{"containerScope":{"containerScope":{"containerScope":{"contributions":{},"includedScopes":[]},"contributions":{},"includedScopes":[]},"contributions":{},"includedScopes":[{"containerScope":{"containerScope":{"containerScope":{"contributions":{},"includedScopes":[]},"contributions":{},"includedScopes":[]},"contributions":{},"includedScopes":[]},"contributions":{},"includedScopes":[]}]},"contributions":{},"includedScopes":[]},"contributions":{},"includedScopes":[]},"sentences":[{"id":"ccebf119-3fc5-4ea0-a486-fedd31874278","metadata":[],"scope":{"containerScope":{"containerScope":{"containerScope":{"containerScope":{"containerScope":{"contributions":{},"includedScopes":[]},"contributions":{},"includedScopes":[]},"contributions":{},"includedScopes":[{"containerScope":{"containerScope":{"containerScope":{"contributions":{},"includedScopes":[]},"contributions":{},"includedScopes":[]},"contributions":{},"includedScopes":[]},"contributions":{},"includedScopes":[]}]},"contributions":{},"includedScopes":[]},"contributions":{},"includedScopes":[]},"contributions":{},"includedScopes":[]},"sourceMap":{"end":{"column":25,"line":58,"offset":1392},"start":{"column":9,"line":58,"offset":1376}},"value":{"id":"b5117c0f-f83f-4ab5-95ea-a5ad712e9438","metadata":[],"name":"nuevoPeso","scope":{"containerScope":{"containerScope":{"containerScope":{"containerScope":{"containerScope":{"containerScope":{"contributions":{},"includedScopes":[]},"contributions":{},"includedScopes":[]},"contributions":{},"includedScopes":[{"containerScope":{"containerScope":{"containerScope":{"contributions":{},"includedScopes":[]},"contributions":{},"includedScopes":[]},"contributions":{},"includedScopes":[]},"contributions":{},"includedScopes":[]}]},"contributions":{},"includedScopes":[]},"contributions":{},"includedScopes":[]},"contributions":{},"includedScopes":[]},"contributions":{},"includedScopes":[]},"sourceMap":{"end":{"column":25,"line":58,"offset":1392},"start":{"column":16,"line":58,"offset":1383}}},"variable":{"id":"a6ed25fa-3bb6-4434-a487-5eced80c3ff7","metadata":[],"name":"peso","scope":{"containerScope":{"containerScope":{"containerScope":{"containerScope":{"containerScope":{"containerScope":{"contributions":{},"includedScopes":[]},"contributions":{},"includedScopes":[]},"contributions":{},"includedScopes":[{"containerScope":{"containerScope":{"containerScope":{"contributions":{},"includedScopes":[]},"contributions":{},"includedScopes":[]},"contributions":{},"includedScopes":[]},"contributions":{},"includedScopes":[]}]},"contributions":{},"includedScopes":[]},"contributions":{},"includedScopes":[]},"contributions":{},"includedScopes":[]},"contributions":{},"includedScopes":[]},"sourceMap":{"end":{"column":13,"line":58,"offset":1380},"start":{"column":9,"line":58,"offset":1376}}}}],"sourceMap":{"end":{"column":6,"line":59,"offset":1399},"start":{"column":34,"line":57,"offset":1365}}},"compiled":false,"id":"3e6eafa9-77cb-4c82-bfeb-0f7730195cb4","isOverride":false,"metadata":[],"name":"cambiarPeso","parameters":[{"id":"fa0e306a-9af6-44c3-92dd-f88730882b3e","isVarArg":false,"metadata":[],"name":"nuevoPeso","scope":{"containerScope":{"containerScope":{"containerScope":{"containerScope":{"contributions":{},"includedScopes":[]},"contributions":{},"includedScopes":[]},"contributions":{},"includedScopes":[{"containerScope":{"containerScope":{"containerScope":{"contributions":{},"includedScopes":[]},"contributions":{},"includedScopes":[]},"contributions":{},"includedScopes":[]},"contributions":{},"includedScopes":[]}]},"contributions":{},"includedScopes":[]},"contributions":{},"includedScopes":[]},"sourceMap":{"end":{"column":33,"line":57,"offset":1364},"start":{"column":24,"line":57,"offset":1355}}}],"problems":[],"scope":{"containerScope":{"containerScope":{"containerScope":{"contributions":{},"includedScopes":[]},"contributions":{},"includedScopes":[]},"contributions":{},"includedScopes":[{"containerScope":{"containerScope":{"containerScope":{"contributions":{},"includedScopes":[]},"contributions":{},"includedScopes":[]},"contributions":{},"includedScopes":[]},"contributions":{},"includedScopes":[]}]},"contributions":{},"includedScopes":[]},"sourceMap":{"end":{"column":6,"line":59,"offset":1399},"start":{"column":5,"line":57,"offset":1336}}},{"body":{"id":"c3b2c4da-bbc8-4796-94b0-4eda2eddbe20","metadata":[],"problems":[],"scope":{"containerScope":{"containerScope":{"containerScope":{"containerScope":{"contributions":{},"includedScopes":[]},"contributions":{},"includedScopes":[]},"contributions":{},"includedScopes":[{"containerScope":{"containerScope":{"containerScope":{"contributions":{},"includedScopes":[]},"contributions":{},"includedScopes":[]},"contributions":{},"includedScopes":[]},"contributions":{},"includedScopes":[]}]},"contributions":{},"includedScopes":[]},"contributions":{},"includedScopes":[]},"sentences":[{"id":"7385d630-2134-4b4f-a3a8-fc091f401c19","metadata":[],"scope":{"containerScope":{"containerScope":{"containerScope":{"containerScope":{"containerScope":{"contributions":{},"includedScopes":[]},"contributions":{},"includedScopes":[]},"contributions":{},"includedScopes":[{"containerScope":{"containerScope":{"containerScope":{"contributions":{},"includedScopes":[]},"contributions":{},"includedScopes":[]},"contributions":{},"includedScopes":[]},"contributions":{},"includedScopes":[]}]},"contributions":{},"includedScopes":[]},"contributions":{},"includedScopes":[]},"contributions":{},"includedScopes":[]},"sourceMap":{"end":{"column":37,"line":60,"offset":1437},"start":{"column":28,"line":60,"offset":1428}},"value":{"args":[{"id":"dcb237e9-3d8b-4505-9217-7e61a379c5a1","metadata":[],"scope":{"containerScope":{"containerScope":{"containerScope":{"containerScope":{"containerScope":{"containerScope":{"containerScope":{"contributions":{},"includedScopes":[]},"contributions":{},"includedScopes":[]},"contributions":{},"includedScopes":[{"containerScope":{"containerScope":{"containerScope":{"contributions":{},"includedScopes":[]},"contributions":{},"includedScopes":[]},"contributions":{},"includedScopes":[]},"contributions":{},"includedScopes":[]}]},"contributions":{},"includedScopes":[]},"contributions":{},"includedScopes":[]},"contributions":{},"includedScopes":[]},"contributions":{},"includedScopes":[]},"contributions":{},"includedScopes":[]},"sourceMap":{"end":{"column":37,"line":60,"offset":1437},"start":{"column":36,"line":60,"offset":1436}},"value":1}],"id":"7f97dd0e-51f1-43e8-b769-150ef9bb282a","message":"+","metadata":[],"receiver":{"id":"c25044a0-4c26-4cd1-8dd3-d097c2175a24","metadata":[],"name":"edad","scope":{"containerScope":{"containerScope":{"containerScope":{"containerScope":{"containerScope":{"containerScope":{"containerScope":{"contributions":{},"includedScopes":[]},"contributions":{},"includedScopes":[]},"contributions":{},"includedScopes":[{"containerScope":{"containerScope":{"containerScope":{"contributions":{},"includedScopes":[]},"contributions":{},"includedScopes":[]},"contributions":{},"includedScopes":[]},"contributions":{},"includedScopes":[]}]},"contributions":{},"includedScopes":[]},"contributions":{},"includedScopes":[]},"contributions":{},"includedScopes":[]},"contributions":{},"includedScopes":[]},"contributions":{},"includedScopes":[]},"sourceMap":{"end":{"column":32,"line":60,"offset":1432},"start":{"column":28,"line":60,"offset":1428}}},"scope":{"containerScope":{"containerScope":{"containerScope":{"containerScope":{"containerScope":{"containerScope":{"contributions":{},"includedScopes":[]},"contributions":{},"includedScopes":[]},"contributions":{},"includedScopes":[{"containerScope":{"containerScope":{"containerScope":{"contributions":{},"includedScopes":[]},"contributions":{},"includedScopes":[]},"contributions":{},"includedScopes":[]},"contributions":{},"includedScopes":[]}]},"contributions":{},"includedScopes":[]},"contributions":{},"includedScopes":[]},"contributions":{},"includedScopes":[]},"contributions":{},"includedScopes":[]}},"variable":{"id":"1073d391-e26a-4a8b-a2a4-55aa2a6711c2","metadata":[],"name":"edad","scope":{"containerScope":{"containerScope":{"containerScope":{"containerScope":{"containerScope":{"containerScope":{"contributions":{},"includedScopes":[]},"contributions":{},"includedScopes":[]},"contributions":{},"includedScopes":[{"containerScope":{"containerScope":{"containerScope":{"contributions":{},"includedScopes":[]},"contributions":{},"includedScopes":[]},"contributions":{},"includedScopes":[]},"contributions":{},"includedScopes":[]}]},"contributions":{},"includedScopes":[]},"contributions":{},"includedScopes":[]},"contributions":{},"includedScopes":[]},"contributions":{},"includedScopes":[]},"sourceMap":{"end":{"column":32,"line":60,"offset":1432},"start":{"column":28,"line":60,"offset":1428}}}}],"sourceMap":{"end":{"column":38,"line":60,"offset":1438},"start":{"column":27,"line":60,"offset":1427}}},"compiled":false,"id":"4bb4d915-9d42-4481-b2e0-7b89b5fe9012","isOverride":false,"metadata":[],"name":"cumplirAnios","parameters":[],"problems":[],"scope":{"containerScope":{"containerScope":{"containerScope":{"contributions":{},"includedScopes":[]},"contributions":{},"includedScopes":[]},"contributions":{},"includedScopes":[{"containerScope":{"containerScope":{"containerScope":{"contributions":{},"includedScopes":[]},"contributions":{},"includedScopes":[]},"contributions":{},"includedScopes":[]},"contributions":{},"includedScopes":[]}]},"contributions":{},"includedScopes":[]},"sourceMap":{"end":{"column":38,"line":60,"offset":1438},"start":{"column":5,"line":60,"offset":1405}}}],"metadata":[],"name":"pepe","problems":[],"scope":{"containerScope":{"containerScope":{"contributions":{},"includedScopes":[]},"contributions":{},"includedScopes":[]},"contributions":{},"includedScopes":[{"containerScope":{"containerScope":{"containerScope":{"contributions":{},"includedScopes":[]},"contributions":{},"includedScopes":[]},"contributions":{},"includedScopes":[]},"contributions":{},"includedScopes":[]}]},"sourceMap":{"end":{"column":2,"line":61,"offset":1441},"start":{"column":1,"line":38,"offset":918}},"supertypes":[]},{"id":"25b1e28b-a55a-4110-b6cf-5bd7bcc418fa","members":[{"body":{"id":"e32fd40e-75a1-4c2d-8fc7-3916862cab85","metadata":[],"problems":[],"scope":{"containerScope":{"containerScope":{"containerScope":{"containerScope":{"contributions":{},"includedScopes":[]},"contributions":{},"includedScopes":[]},"contributions":{},"includedScopes":[{"containerScope":{"containerScope":{"containerScope":{"contributions":{},"includedScopes":[]},"contributions":{},"includedScopes":[]},"contributions":{},"includedScopes":[]},"contributions":{},"includedScopes":[]}]},"contributions":{},"includedScopes":[]},"contributions":{},"includedScopes":[]},"sentences":[{"id":"fa89e921-d2ec-48b6-8850-538b545b748f","metadata":[],"scope":{"containerScope":{"containerScope":{"containerScope":{"containerScope":{"containerScope":{"contributions":{},"includedScopes":[]},"contributions":{},"includedScopes":[]},"contributions":{},"includedScopes":[{"containerScope":{"containerScope":{"containerScope":{"contributions":{},"includedScopes":[]},"contributions":{},"includedScopes":[]},"contributions":{},"includedScopes":[]},"contributions":{},"includedScopes":[]}]},"contributions":{},"includedScopes":[]},"contributions":{},"includedScopes":[]},"contributions":{},"includedScopes":[]},"sourceMap":{"end":{"column":69,"line":65,"offset":1600},"start":{"column":9,"line":65,"offset":1540}},"value":{"args":[{"id":"70b00fb6-e72d-4dde-8cc3-4518481341be","metadata":[{"args":{"position":"end","text":"//** elevar a la potencia"},"name":"comment"}],"name":"dosisConsumidaWhisky","scope":{"containerScope":{"containerScope":{"containerScope":{"containerScope":{"containerScope":{"containerScope":{"containerScope":{"contributions":{},"includedScopes":[]},"contributions":{},"includedScopes":[]},"contributions":{},"includedScopes":[{"containerScope":{"containerScope":{"containerScope":{"contributions":{},"includedScopes":[]},"contributions":{},"includedScopes":[]},"contributions":{},"includedScopes":[]},"contributions":{},"includedScopes":[]}]},"contributions":{},"includedScopes":[]},"contributions":{},"includedScopes":[]},"contributions":{},"includedScopes":[]},"contributions":{},"includedScopes":[]},"contributions":{},"includedScopes":[]},"sourceMap":{"end":{"column":43,"line":65,"offset":1574},"start":{"column":23,"line":65,"offset":1554}}}],"id":"ddf5a877-e7a7-4698-8cc9-95ab66f7cfae","message":"**","metadata":[],"receiver":{"id":"d135780c-e539-47c5-84ac-5352b079bb03","metadata":[],"scope":{"containerScope":{"containerScope":{"containerScope":{"containerScope":{"containerScope":{"containerScope":{"containerScope":{"contributions":{},"includedScopes":[]},"contributions":{},"includedScopes":[]},"contributions":{},"includedScopes":[{"containerScope":{"containerScope":{"containerScope":{"contributions":{},"includedScopes":[]},"contributions":{},"includedScopes":[]},"contributions":{},"includedScopes":[]},"contributions":{},"includedScopes":[]}]},"contributions":{},"includedScopes":[]},"contributions":{},"includedScopes":[]},"contributions":{},"includedScopes":[]},"contributions":{},"includedScopes":[]},"contributions":{},"includedScopes":[]},"sourceMap":{"end":{"column":19,"line":65,"offset":1550},"start":{"column":16,"line":65,"offset":1547}},"value":0.9},"scope":{"containerScope":{"containerScope":{"containerScope":{"containerScope":{"containerScope":{"containerScope":{"contributions":{},"includedScopes":[]},"contributions":{},"includedScopes":[]},"contributions":{},"includedScopes":[{"containerScope":{"containerScope":{"containerScope":{"contributions":{},"includedScopes":[]},"contributions":{},"includedScopes":[]},"contributions":{},"includedScopes":[]},"contributions":{},"includedScopes":[]}]},"contributions":{},"includedScopes":[]},"contributions":{},"includedScopes":[]},"contributions":{},"includedScopes":[]},"contributions":{},"includedScopes":[]},"sourceMap":{"end":{"column":69,"line":65,"offset":1600},"start":{"column":16,"line":65,"offset":1547}}}}],"sourceMap":{"end":{"column":4,"line":66,"offset":1605},"start":{"column":68,"line":64,"offset":1529}}},"compiled":false,"id":"fefcdbab-b3b3-4903-bf21-0c41b9de41d8","isOverride":false,"metadata":[],"name":"rendimientoQueOtorga","parameters":[{"id":"413dfa69-93d6-4aeb-a95f-227b0cf6bee9","isVarArg":false,"metadata":[],"name":"dosisConsumidaWhisky","scope":{"containerScope":{"containerScope":{"containerScope":{"containerScope":{"contributions":{},"includedScopes":[]},"contributions":{},"includedScopes":[]},"contributions":{},"includedScopes":[{"containerScope":{"containerScope":{"containerScope":{"contributions":{},"includedScopes":[]},"contributions":{},"includedScopes":[]},"contributions":{},"includedScopes":[]},"contributions":{},"includedScopes":[]}]},"contributions":{},"includedScopes":[]},"contributions":{},"includedScopes":[]},"sourceMap":{"end":{"column":53,"line":64,"offset":1514},"start":{"column":33,"line":64,"offset":1494}}},{"id":"4b259404-1089-43c1-856e-4d55b2388c5e","isVarArg":false,"metadata":[],"name":"unDeportista","scope":{"containerScope":{"containerScope":{"containerScope":{"containerScope":{"contributions":{},"includedScopes":[]},"contributions":{},"includedScopes":[]},"contributions":{},"includedScopes":[{"containerScope":{"containerScope":{"containerScope":{"contributions":{},"includedScopes":[]},"contributions":{},"includedScopes":[]},"contributions":{},"includedScopes":[]},"contributions":{},"includedScopes":[]}]},"contributions":{},"includedScopes":[]},"contributions":{},"includedScopes":[]},"sourceMap":{"end":{"column":67,"line":64,"offset":1528},"start":{"column":55,"line":64,"offset":1516}}}],"problems":[],"scope":{"containerScope":{"containerScope":{"containerScope":{"contributions":{},"includedScopes":[]},"contributions":{},"includedScopes":[]},"contributions":{},"includedScopes":[{"containerScope":{"containerScope":{"containerScope":{"contributions":{},"includedScopes":[]},"contributions":{},"includedScopes":[]},"contributions":{},"includedScopes":[]},"contributions":{},"includedScopes":[]}]},"contributions":{},"includedScopes":[]},"sourceMap":{"end":{"column":4,"line":66,"offset":1605},"start":{"column":5,"line":64,"offset":1466}}}],"metadata":[],"name":"whisky","problems":[],"scope":{"containerScope":{"containerScope":{"contributions":{},"includedScopes":[]},"contributions":{},"includedScopes":[]},"contributions":{},"includedScopes":[{"containerScope":{"containerScope":{"containerScope":{"contributions":{},"includedScopes":[]},"contributions":{},"includedScopes":[]},"contributions":{},"includedScopes":[]},"contributions":{},"includedScopes":[]}]},"sourceMap":{"end":{"column":2,"line":68,"offset":1610},"start":{"column":1,"line":63,"offset":1445}},"supertypes":[]},{"id":"1c74c70f-d423-4f3b-9877-cf591e2d3a8d","members":[{"body":{"id":"828fa0de-c639-4da5-bac8-08664fd7bccb","metadata":[],"problems":[],"scope":{"containerScope":{"containerScope":{"containerScope":{"containerScope":{"contributions":{},"includedScopes":[]},"contributions":{},"includedScopes":[]},"contributions":{},"includedScopes":[{"containerScope":{"containerScope":{"containerScope":{"contributions":{},"includedScopes":[]},"contributions":{},"includedScopes":[]},"contributions":{},"includedScopes":[]},"contributions":{},"includedScopes":[]}]},"contributions":{},"includedScopes":[]},"contributions":{},"includedScopes":[]},"sentences":[{"id":"59ffa694-4c96-4544-9c04-6496dbf98c7f","metadata":[],"scope":{"containerScope":{"containerScope":{"containerScope":{"containerScope":{"containerScope":{"contributions":{},"includedScopes":[]},"contributions":{},"includedScopes":[]},"contributions":{},"includedScopes":[{"containerScope":{"containerScope":{"containerScope":{"contributions":{},"includedScopes":[]},"contributions":{},"includedScopes":[]},"contributions":{},"includedScopes":[]},"contributions":{},"includedScopes":[]}]},"contributions":{},"includedScopes":[]},"contributions":{},"includedScopes":[]},"contributions":{},"includedScopes":[]},"sourceMap":{"end":{"column":49,"line":72,"offset":1749},"start":{"column":9,"line":72,"offset":1709}},"value":{"args":[{"args":[{"id":"7d57f312-65a0-4408-8df5-23cf6cb058d8","metadata":[],"name":"dosisConsumidaTerere","scope":{"containerScope":{"containerScope":{"containerScope":{"containerScope":{"containerScope":{"containerScope":{"containerScope":{"containerScope":{"contributions":{},"includedScopes":[]},"contributions":{},"includedScopes":[]},"contributions":{},"includedScopes":[{"containerScope":{"containerScope":{"containerScope":{"contributions":{},"includedScopes":[]},"contributions":{},"includedScopes":[]},"contributions":{},"includedScopes":[]},"contributions":{},"includedScopes":[]}]},"contributions":{},"includedScopes":[]},"contributions":{},"includedScopes":[]},"contributions":{},"includedScopes":[]},"contributions":{},"includedScopes":[]},"contributions":{},"includedScopes":[]},"contributions":{},"includedScopes":[]},"sourceMap":{"end":{"column":48,"line":72,"offset":1748},"start":{"column":28,"line":72,"offset":1728}}}],"id":"9f26edf4-9a1b-4aaf-86eb-dc20f3c9cf77","message":"*","metadata":[],"receiver":{"id":"d82793b2-dec7-49c2-a1d3-a02e633a6400","metadata":[],"scope":{"containerScope":{"containerScope":{"containerScope":{"containerScope":{"containerScope":{"containerScope":{"containerScope":{"containerScope":{"contributions":{},"includedScopes":[]},"contributions":{},"includedScopes":[]},"contributions":{},"includedScopes":[{"containerScope":{"containerScope":{"containerScope":{"contributions":{},"includedScopes":[]},"contributions":{},"includedScopes":[]},"contributions":{},"includedScopes":[]},"contributions":{},"includedScopes":[]}]},"contributions":{},"includedScopes":[]},"contributions":{},"includedScopes":[]},"contributions":{},"includedScopes":[]},"contributions":{},"includedScopes":[]},"contributions":{},"includedScopes":[]},"contributions":{},"includedScopes":[]},"sourceMap":{"end":{"column":25,"line":72,"offset":1725},"start":{"column":22,"line":72,"offset":1722}},"value":0.1},"scope":{"containerScope":{"containerScope":{"containerScope":{"containerScope":{"containerScope":{"containerScope":{"containerScope":{"contributions":{},"includedScopes":[]},"contributions":{},"includedScopes":[]},"contributions":{},"includedScopes":[{"containerScope":{"containerScope":{"containerScope":{"contributions":{},"includedScopes":[]},"contributions":{},"includedScopes":[]},"contributions":{},"includedScopes":[]},"contributions":{},"includedScopes":[]}]},"contributions":{},"includedScopes":[]},"contributions":{},"includedScopes":[]},"contributions":{},"includedScopes":[]},"contributions":{},"includedScopes":[]},"contributions":{},"includedScopes":[]},"sourceMap":{"end":{"column":48,"line":72,"offset":1748},"start":{"column":22,"line":72,"offset":1722}}}],"id":"fdc54f52-2ca2-44e3-aa37-45d8f0395ef9","message":"max","metadata":[],"receiver":{"id":"0d7408f0-521f-4f73-9831-ab5eda848a0d","metadata":[],"scope":{"containerScope":{"containerScope":{"containerScope":{"containerScope":{"containerScope":{"containerScope":{"containerScope":{"contributions":{},"includedScopes":[]},"contributions":{},"includedScopes":[]},"contributions":{},"includedScopes":[{"containerScope":{"containerScope":{"containerScope":{"contributions":{},"includedScopes":[]},"contributions":{},"includedScopes":[]},"contributions":{},"includedScopes":[]},"contributions":{},"includedScopes":[]}]},"contributions":{},"includedScopes":[]},"contributions":{},"includedScopes":[]},"contributions":{},"includedScopes":[]},"contributions":{},"includedScopes":[]},"contributions":{},"includedScopes":[]},"sourceMap":{"end":{"column":17,"line":72,"offset":1717},"start":{"column":16,"line":72,"offset":1716}},"value":1},"scope":{"containerScope":{"containerScope":{"containerScope":{"containerScope":{"containerScope":{"containerScope":{"contributions":{},"includedScopes":[]},"contributions":{},"includedScopes":[]},"contributions":{},"includedScopes":[{"containerScope":{"containerScope":{"containerScope":{"contributions":{},"includedScopes":[]},"contributions":{},"includedScopes":[]},"contributions":{},"includedScopes":[]},"contributions":{},"includedScopes":[]}]},"contributions":{},"includedScopes":[]},"contributions":{},"includedScopes":[]},"contributions":{},"includedScopes":[]},"contributions":{},"includedScopes":[]},"sourceMap":{"end":{"column":49,"line":72,"offset":1749},"start":{"column":16,"line":72,"offset":1716}}}}],"sourceMap":{"end":{"column":4,"line":73,"offset":1754},"start":{"column":69,"line":71,"offset":1698}}},"compiled":false,"id":"287e8778-90a7-4a99-954d-fc146e44202a","isOverride":false,"metadata":[],"name":"rendimientoQueOtorga","parameters":[{"id":"8653d0d3-efaf-4950-b755-032c4da69d2b","isVarArg":false,"metadata":[],"name":"dosisConsumidaTerere","scope":{"containerScope":{"containerScope":{"containerScope":{"containerScope":{"contributions":{},"includedScopes":[]},"contributions":{},"includedScopes":[]},"contributions":{},"includedScopes":[{"containerScope":{"containerScope":{"containerScope":{"contributions":{},"includedScopes":[]},"contributions":{},"includedScopes":[]},"contributions":{},"includedScopes":[]},"contributions":{},"includedScopes":[]}]},"contributions":{},"includedScopes":[]},"contributions":{},"includedScopes":[]},"sourceMap":{"end":{"column":54,"line":71,"offset":1683},"start":{"column":34,"line":71,"offset":1663}}},{"id":"ce2e9ac0-0408-4985-bd69-3330c1a4c850","isVarArg":false,"metadata":[],"name":"unDeportista","scope":{"containerScope":{"containerScope":{"containerScope":{"containerScope":{"contributions":{},"includedScopes":[]},"contributions":{},"includedScopes":[]},"contributions":{},"includedScopes":[{"containerScope":{"containerScope":{"containerScope":{"contributions":{},"includedScopes":[]},"contributions":{},"includedScopes":[]},"contributions":{},"includedScopes":[]},"contributions":{},"includedScopes":[]}]},"contributions":{},"includedScopes":[]},"contributions":{},"includedScopes":[]},"sourceMap":{"end":{"column":68,"line":71,"offset":1697},"start":{"column":56,"line":71,"offset":1685}}}],"problems":[],"scope":{"containerScope":{"containerScope":{"containerScope":{"contributions":{},"includedScopes":[]},"contributions":{},"includedScopes":[]},"contributions":{},"includedScopes":[{"containerScope":{"containerScope":{"containerScope":{"contributions":{},"includedScopes":[]},"contributions":{},"includedScopes":[]},"contributions":{},"includedScopes":[]},"contributions":{},"includedScopes":[]}]},"contributions":{},"includedScopes":[]},"sourceMap":{"end":{"column":4,"line":73,"offset":1754},"start":{"column":6,"line":71,"offset":1635}}}],"metadata":[],"name":"terere","problems":[],"scope":{"containerScope":{"containerScope":{"contributions":{},"includedScopes":[]},"contributions":{},"includedScopes":[]},"contributions":{},"includedScopes":[{"containerScope":{"containerScope":{"containerScope":{"contributions":{},"includedScopes":[]},"contributions":{},"includedScopes":[]},"contributions":{},"includedScopes":[]},"contributions":{},"includedScopes":[]}]},"sourceMap":{"end":{"column":2,"line":74,"offset":1757},"start":{"column":1,"line":70,"offset":1614}},"supertypes":[]},{"id":"e22719c5-1ea5-409a-bb5f-ad5e439b4700","members":[{"body":{"id":"61095ed8-6002-4378-a0a4-4a03a0f48d9d","metadata":[],"problems":[],"scope":{"containerScope":{"containerScope":{"containerScope":{"containerScope":{"contributions":{},"includedScopes":[]},"contributions":{},"includedScopes":[]},"contributions":{},"includedScopes":[{"containerScope":{"containerScope":{"containerScope":{"contributions":{},"includedScopes":[]},"contributions":{},"includedScopes":[]},"contributions":{},"includedScopes":[]},"contributions":{},"includedScopes":[]}]},"contributions":{},"includedScopes":[]},"contributions":{},"includedScopes":[]},"sentences":[{"id":"b3c8219e-2c6d-4779-8f75-3f7d9ca21333","metadata":[],"scope":{"containerScope":{"containerScope":{"containerScope":{"containerScope":{"containerScope":{"contributions":{},"includedScopes":[]},"contributions":{},"includedScopes":[]},"contributions":{},"includedScopes":[{"containerScope":{"containerScope":{"containerScope":{"contributions":{},"includedScopes":[]},"contributions":{},"includedScopes":[]},"contributions":{},"includedScopes":[]},"contributions":{},"includedScopes":[]}]},"contributions":{},"includedScopes":[]},"contributions":{},"includedScopes":[]},"contributions":{},"includedScopes":[]},"sourceMap":{"end":{"column":15,"line":80,"offset":1968},"start":{"column":9,"line":78,"offset":1857}},"value":{"condition":{"args":[{"id":"4bf8f334-bb0b-4720-841f-c0b68a33bd68","metadata":[],"scope":{"containerScope":{"containerScope":{"containerScope":{"containerScope":{"containerScope":{"containerScope":{"containerScope":{"containerScope":{"contributions":{},"includedScopes":[]},"contributions":{},"includedScopes":[]},"contributions":{},"includedScopes":[{"containerScope":{"containerScope":{"containerScope":{"contributions":{},"includedScopes":[]},"contributions":{},"includedScopes":[]},"contributions":{},"includedScopes":[]},"contributions":{},"includedScopes":[]}]},"contributions":{},"includedScopes":[]},"contributions":{},"includedScopes":[]},"contributions":{},"includedScopes":[]},"contributions":{},"includedScopes":[]},"contributions":{},"includedScopes":[]},"contributions":{},"includedScopes":[]},"sourceMap":{"end":{"column":43,"line":78,"offset":1891},"start":{"column":41,"line":78,"offset":1889}},"value":70}],"id":"9af41941-98c3-406f-9c15-3ec6b73d082a","message":">","metadata":[],"receiver":{"args":[],"id":"15204794-4a63-42ba-9f1a-acca2b90a875","message":"peso","metadata":[],"receiver":{"id":"6f48f400-8af1-446f-9fd7-3d52eb0d0589","metadata":[],"name":"unDeportista","scope":{"containerScope":{"containerScope":{"containerScope":{"containerScope":{"containerScope":{"containerScope":{"containerScope":{"containerScope":{"containerScope":{"contributions":{},"includedScopes":[]},"contributions":{},"includedScopes":[]},"contributions":{},"includedScopes":[{"containerScope":{"containerScope":{"containerScope":{"contributions":{},"includedScopes":[]},"contributions":{},"includedScopes":[]},"contributions":{},"includedScopes":[]},"contributions":{},"includedScopes":[]}]},"contributions":{},"includedScopes":[]},"contributions":{},"includedScopes":[]},"contributions":{},"includedScopes":[]},"contributions":{},"includedScopes":[]},"contributions":{},"includedScopes":[]},"contributions":{},"includedScopes":[]},"contributions":{},"includedScopes":[]},"sourceMap":{"end":{"column":31,"line":78,"offset":1879},"start":{"column":19,"line":78,"offset":1867}}},"scope":{"containerScope":{"containerScope":{"containerScope":{"containerScope":{"containerScope":{"containerScope":{"containerScope":{"containerScope":{"contributions":{},"includedScopes":[]},"contributions":{},"includedScopes":[]},"contributions":{},"includedScopes":[{"containerScope":{"containerScope":{"containerScope":{"contributions":{},"includedScopes":[]},"contributions":{},"includedScopes":[]},"contributions":{},"includedScopes":[]},"contributions":{},"includedScopes":[]}]},"contributions":{},"includedScopes":[]},"contributions":{},"includedScopes":[]},"contributions":{},"includedScopes":[]},"contributions":{},"includedScopes":[]},"contributions":{},"includedScopes":[]},"contributions":{},"includedScopes":[]},"sourceMap":{"end":{"column":38,"line":78,"offset":1886},"start":{"column":19,"line":78,"offset":1867}}},"scope":{"containerScope":{"containerScope":{"containerScope":{"containerScope":{"containerScope":{"containerScope":{"containerScope":{"contributions":{},"includedScopes":[]},"contributions":{},"includedScopes":[]},"contributions":{},"includedScopes":[{"containerScope":{"containerScope":{"containerScope":{"contributions":{},"includedScopes":[]},"contributions":{},"includedScopes":[]},"contributions":{},"includedScopes":[]},"contributions":{},"includedScopes":[]}]},"contributions":{},"includedScopes":[]},"contributions":{},"includedScopes":[]},"contributions":{},"includedScopes":[]},"contributions":{},"includedScopes":[]},"contributions":{},"includedScopes":[]},"sourceMap":{"end":{"column":43,"line":78,"offset":1891},"start":{"column":19,"line":78,"offset":1867}}},"elseBody":{"id":"1bf11ba7-cfc3-4b82-965f-3427c0d5a969","metadata":[],"scope":{"containerScope":{"containerScope":{"containerScope":{"containerScope":{"containerScope":{"containerScope":{"containerScope":{"contributions":{},"includedScopes":[]},"contributions":{},"includedScopes":[]},"contributions":{},"includedScopes":[{"containerScope":{"containerScope":{"containerScope":{"contributions":{},"includedScopes":[]},"contributions":{},"includedScopes":[]},"contributions":{},"includedScopes":[]},"contributions":{},"includedScopes":[]}]},"contributions":{},"includedScopes":[]},"contributions":{},"includedScopes":[]},"contributions":{},"includedScopes":[]},"contributions":{},"includedScopes":[]},"contributions":{},"includedScopes":[]},"sentences":[{"id":"6763537e-9a9c-4431-bcc7-724c8ecd4a7f","metadata":[],"scope":{"containerScope":{"containerScope":{"containerScope":{"containerScope":{"containerScope":{"containerScope":{"containerScope":{"containerScope":{"contributions":{},"includedScopes":[]},"contributions":{},"includedScopes":[]},"contributions":{},"includedScopes":[{"containerScope":{"containerScope":{"containerScope":{"contributions":{},"includedScopes":[]},"contributions":{},"includedScopes":[]},"contributions":{},"includedScopes":[]},"contributions":{},"includedScopes":[]}]},"contributions":{},"includedScopes":[]},"contributions":{},"includedScopes":[]},"contributions":{},"includedScopes":[]},"contributions":{},"includedScopes":[]},"contributions":{},"includedScopes":[]},"contributions":{},"includedScopes":[]},"sourceMap":{"end":{"column":15,"line":80,"offset":1968},"start":{"column":14,"line":80,"offset":1967}},"value":0}],"sourceMap":{"end":{"column":15,"line":80,"offset":1968},"start":{"column":14,"line":80,"offset":1967}}},"id":"7bb3f2e2-30b9-4cc3-b005-bcdeca51ad49","metadata":[],"scope":{"containerScope":{"containerScope":{"containerScope":{"containerScope":{"containerScope":{"containerScope":{"contributions":{},"includedScopes":[]},"contributions":{},"includedScopes":[]},"contributions":{},"includedScopes":[{"containerScope":{"containerScope":{"containerScope":{"contributions":{},"includedScopes":[]},"contributions":{},"includedScopes":[]},"contributions":{},"includedScopes":[]},"contributions":{},"includedScopes":[]}]},"contributions":{},"includedScopes":[]},"contributions":{},"includedScopes":[]},"contributions":{},"includedScopes":[]},"contributions":{},"includedScopes":[]},"sourceMap":{"end":{"column":15,"line":80,"offset":1968},"start":{"column":16,"line":78,"offset":1864}},"thenBody":{"id":"0fe66aa0-dc9b-4af3-afb3-19ba3afd3f40","metadata":[],"scope":{"containerScope":{"containerScope":{"containerScope":{"containerScope":{"containerScope":{"containerScope":{"containerScope":{"contributions":{},"includedScopes":[]},"contributions":{},"includedScopes":[]},"contributions":{},"includedScopes":[{"containerScope":{"containerScope":{"containerScope":{"contributions":{},"includedScopes":[]},"contributions":{},"includedScopes":[]},"contributions":{},"includedScopes":[]},"contributions":{},"includedScopes":[]}]},"contributions":{},"includedScopes":[]},"contributions":{},"includedScopes":[]},"contributions":{},"includedScopes":[]},"contributions":{},"includedScopes":[]},"contributions":{},"includedScopes":[]},"sentences":[{"args":[{"id":"b751d504-2770-418a-a3a3-aa83e7049d55","metadata":[],"name":"dosisConsumidaCianuro","scope":{"containerScope":{"containerScope":{"containerScope":{"containerScope":{"containerScope":{"containerScope":{"containerScope":{"containerScope":{"containerScope":{"contributions":{},"includedScopes":[]},"contributions":{},"includedScopes":[]},"contributions":{},"includedScopes":[{"containerScope":{"containerScope":{"containerScope":{"contributions":{},"includedScopes":[]},"contributions":{},"includedScopes":[]},"contributions":{},"includedScopes":[]},"contributions":{},"includedScopes":[]}]},"contributions":{},"includedScopes":[]},"contributions":{},"includedScopes":[]},"contributions":{},"includedScopes":[]},"contributions":{},"includedScopes":[]},"contributions":{},"includedScopes":[]},"contributions":{},"includedScopes":[]},"contributions":{},"includedScopes":[]},"sourceMap":{"end":{"column":32,"line":79,"offset":1952},"start":{"column":11,"line":79,"offset":1931}}}],"id":"9a65df29-e1c5-4bd0-8263-df36ca82f963","message":"+","metadata":[],"receiver":{"args":[{"id":"b203a4a5-3ed4-4847-8793-783aaa191288","metadata":[],"scope":{"containerScope":{"containerScope":{"containerScope":{"containerScope":{"containerScope":{"containerScope":{"containerScope":{"containerScope":{"containerScope":{"containerScope":{"contributions":{},"includedScopes":[]},"contributions":{},"includedScopes":[]},"contributions":{},"includedScopes":[{"containerScope":{"containerScope":{"containerScope":{"contributions":{},"includedScopes":[]},"contributions":{},"includedScopes":[]},"contributions":{},"includedScopes":[]},"contributions":{},"includedScopes":[]}]},"contributions":{},"includedScopes":[]},"contributions":{},"includedScopes":[]},"contributions":{},"includedScopes":[]},"contributions":{},"includedScopes":[]},"contributions":{},"includedScopes":[]},"contributions":{},"includedScopes":[]},"contributions":{},"includedScopes":[]},"contributions":{},"includedScopes":[]},"sourceMap":{"end":{"column":70,"line":78,"offset":1918},"start":{"column":67,"line":78,"offset":1915}},"value":0.1}],"id":"77feaab0-d2a9-4969-b4d0-e7761d252eee","message":"*","metadata":[],"receiver":{"args":[],"id":"bd856e83-1adf-4084-8895-816ddaf67311","message":"peso","metadata":[],"receiver":{"id":"16b805e3-98f0-417f-942e-19fd4b8974be","metadata":[],"name":"unDeportista","scope":{"containerScope":{"containerScope":{"containerScope":{"containerScope":{"containerScope":{"containerScope":{"containerScope":{"containerScope":{"containerScope":{"containerScope":{"containerScope":{"contributions":{},"includedScopes":[]},"contributions":{},"includedScopes":[]},"contributions":{},"includedScopes":[{"containerScope":{"containerScope":{"containerScope":{"contributions":{},"includedScopes":[]},"contributions":{},"includedScopes":[]},"contributions":{},"includedScopes":[]},"contributions":{},"includedScopes":[]}]},"contributions":{},"includedScopes":[]},"contributions":{},"includedScopes":[]},"contributions":{},"includedScopes":[]},"contributions":{},"includedScopes":[]},"contributions":{},"includedScopes":[]},"contributions":{},"includedScopes":[]},"contributions":{},"includedScopes":[]},"contributions":{},"includedScopes":[]},"contributions":{},"includedScopes":[]},"sourceMap":{"end":{"column":57,"line":78,"offset":1905},"start":{"column":45,"line":78,"offset":1893}}},"scope":{"containerScope":{"containerScope":{"containerScope":{"containerScope":{"containerScope":{"containerScope":{"containerScope":{"containerScope":{"containerScope":{"containerScope":{"contributions":{},"includedScopes":[]},"contributions":{},"includedScopes":[]},"contributions":{},"includedScopes":[{"containerScope":{"containerScope":{"containerScope":{"contributions":{},"includedScopes":[]},"contributions":{},"includedScopes":[]},"contributions":{},"includedScopes":[]},"contributions":{},"includedScopes":[]}]},"contributions":{},"includedScopes":[]},"contributions":{},"includedScopes":[]},"contributions":{},"includedScopes":[]},"contributions":{},"includedScopes":[]},"contributions":{},"includedScopes":[]},"contributions":{},"includedScopes":[]},"contributions":{},"includedScopes":[]},"contributions":{},"includedScopes":[]},"sourceMap":{"end":{"column":64,"line":78,"offset":1912},"start":{"column":45,"line":78,"offset":1893}}},"scope":{"containerScope":{"containerScope":{"containerScope":{"containerScope":{"containerScope":{"containerScope":{"containerScope":{"containerScope":{"containerScope":{"contributions":{},"includedScopes":[]},"contributions":{},"includedScopes":[]},"contributions":{},"includedScopes":[{"containerScope":{"containerScope":{"containerScope":{"contributions":{},"includedScopes":[]},"contributions":{},"includedScopes":[]},"contributions":{},"includedScopes":[]},"contributions":{},"includedScopes":[]}]},"contributions":{},"includedScopes":[]},"contributions":{},"includedScopes":[]},"contributions":{},"includedScopes":[]},"contributions":{},"includedScopes":[]},"contributions":{},"includedScopes":[]},"contributions":{},"includedScopes":[]},"contributions":{},"includedScopes":[]},"sourceMap":{"end":{"column":70,"line":78,"offset":1918},"start":{"column":45,"line":78,"offset":1893}}},"scope":{"containerScope":{"containerScope":{"containerScope":{"containerScope":{"containerScope":{"containerScope":{"containerScope":{"containerScope":{"contributions":{},"includedScopes":[]},"contributions":{},"includedScopes":[]},"contributions":{},"includedScopes":[{"containerScope":{"containerScope":{"containerScope":{"contributions":{},"includedScopes":[]},"contributions":{},"includedScopes":[]},"contributions":{},"includedScopes":[]},"contributions":{},"includedScopes":[]}]},"contributions":{},"includedScopes":[]},"contributions":{},"includedScopes":[]},"contributions":{},"includedScopes":[]},"contributions":{},"includedScopes":[]},"contributions":{},"includedScopes":[]},"contributions":{},"includedScopes":[]},"sourceMap":{"end":{"column":32,"line":79,"offset":1952},"start":{"column":45,"line":78,"offset":1893}}}],"sourceMap":{"end":{"column":32,"line":79,"offset":1952},"start":{"column":45,"line":78,"offset":1893}}}}}],"sourceMap":{"end":{"column":4,"line":81,"offset":1974},"start":{"column":69,"line":77,"offset":1846}}},"compiled":false,"id":"87dc0812-6ec5-43d1-ac4c-d0c219bbb14a","isOverride":false,"metadata":[],"name":"rendimientoQueOtorga","parameters":[{"id":"94a9e2de-7d14-4a71-af21-3c9db4834d01","isVarArg":false,"metadata":[],"name":"dosisConsumidaCianuro","scope":{"containerScope":{"containerScope":{"containerScope":{"containerScope":{"contributions":{},"includedScopes":[]},"contributions":{},"includedScopes":[]},"contributions":{},"includedScopes":[{"containerScope":{"containerScope":{"containerScope":{"contributions":{},"includedScopes":[]},"contributions":{},"includedScopes":[]},"contributions":{},"includedScopes":[]},"contributions":{},"includedScopes":[]}]},"contributions":{},"includedScopes":[]},"contributions":{},"includedScopes":[]},"sourceMap":{"end":{"column":54,"line":77,"offset":1831},"start":{"column":33,"line":77,"offset":1810}}},{"id":"7aaf8bef-0852-460c-9a19-329497dfe89c","isVarArg":false,"metadata":[],"name":"unDeportista","scope":{"containerScope":{"containerScope":{"containerScope":{"containerScope":{"contributions":{},"includedScopes":[]},"contributions":{},"includedScopes":[]},"contributions":{},"includedScopes":[{"containerScope":{"containerScope":{"containerScope":{"contributions":{},"includedScopes":[]},"contributions":{},"includedScopes":[]},"contributions":{},"includedScopes":[]},"contributions":{},"includedScopes":[]}]},"contributions":{},"includedScopes":[]},"contributions":{},"includedScopes":[]},"sourceMap":{"end":{"column":68,"line":77,"offset":1845},"start":{"column":56,"line":77,"offset":1833}}}],"problems":[],"scope":{"containerScope":{"containerScope":{"containerScope":{"contributions":{},"includedScopes":[]},"contributions":{},"includedScopes":[]},"contributions":{},"includedScopes":[{"containerScope":{"containerScope":{"containerScope":{"contributions":{},"includedScopes":[]},"contributions":{},"includedScopes":[]},"contributions":{},"includedScopes":[]},"contributions":{},"includedScopes":[]}]},"contributions":{},"includedScopes":[]},"sourceMap":{"end":{"column":4,"line":81,"offset":1974},"start":{"column":5,"line":77,"offset":1782}}}],"metadata":[],"name":"cianuro","problems":[],"scope":{"containerScope":{"containerScope":{"contributions":{},"includedScopes":[]},"contributions":{},"includedScopes":[]},"contributions":{},"includedScopes":[{"containerScope":{"containerScope":{"containerScope":{"contributions":{},"includedScopes":[]},"contributions":{},"includedScopes":[]},"contributions":{},"includedScopes":[]},"contributions":{},"includedScopes":[]}]},"sourceMap":{"end":{"column":2,"line":82,"offset":1977},"start":{"column":1,"line":76,"offset":1761}},"supertypes":[]}],"metadata":[],"name":"clase59","problems":[{"code":"malformedEntity","sourceMap":{"end":{"column":22,"line":1,"offset":21},"start":{"column":20,"line":1,"offset":19}}}],"scope":{"containerScope":{"contributions":{},"includedScopes":[]},"contributions":{},"includedScopes":[]}},"stack":"Error: Failed to print, found malformed node\n    at c:\\Users\\elias\\.vscode\\extensions\\uqbar.wollok-lsp-ide-0.5.5\\out\\server\\src\\server.js:68:3585\n    at Ybn (c:\\Users\\elias\\.vscode\\extensions\\uqbar.wollok-lsp-ide-0.5.5\\out\\server\\src\\server.js:68:3396)\n    at c:\\Users\\elias\\.vscode\\extensions\\uqbar.wollok-lsp-ide-0.5.5\\out\\server\\src\\server.js:2430:847\n    at c:\\Users\\elias\\.vscode\\extensions\\uqbar.wollok-lsp-ide-0.5.5\\out\\server\\src\\server.js:2430:8440\n    at c:\\Users\\elias\\.vscode\\extensions\\uqbar.wollok-lsp-ide-0.5.5\\out\\server\\src\\server.js:37:74770\n    at Ke (c:\\Users\\elias\\.vscode\\extensions\\uqbar.wollok-lsp-ide-0.5.5\\out\\server\\src\\server.js:7:8527)\n    at It (c:\\Users\\elias\\.vscode\\extensions\\uqbar.wollok-lsp-ide-0.5.5\\out\\server\\src\\server.js:7:6189)\n    at et (c:\\Users\\elias\\.vscode\\extensions\\uqbar.wollok-lsp-ide-0.5.5\\out\\server\\src\\server.js:7:6378)\n    at Immediate._onImmediate (c:\\Users\\elias\\.vscode\\extensions\\uqbar.wollok-lsp-ide-0.5.5\\out\\server\\src\\server.js:7:6142)\n    at process.processImmediate (node:internal/timers:485:21)","timestamp":"2026-09-05T14:39:41.820Z"}
